2026-05-18 13:37:43,422 [INFO] ==== 运行开始 run_id=133743 ====
2026-05-18 13:37:43,422 [INFO] 准备拉取 7 只股票行情: ['002453', '002342', '002256', '002149', '600330', '002709', '002156']
2026-05-18 13:37:43,697 [INFO] 行情拉取成功，返回 7 条
2026-05-18 13:37:43,700 [INFO] 今日已推送阈值数: 0
2026-05-18 13:37:43,700 [INFO] 检查完成: 检查了 17 个阈值, 跳过已推送 0 个, 本次触发 0 个
2026-05-18 13:37:43,702 [INFO] 无新警报，静默返回
2026-05-18 13:37:43,702 [INFO] ==== 运行结束 run_id=133743 ====

2026-05-18 13:40:31,859 [INFO] ==== 运行开始 run_id=134031 ====
2026-05-18 13:40:31,860 [INFO] 准备拉取 7 只股票行情: ['002709', '002342', '002156', '002453', '600330', '002256', '002149']
2026-05-18 13:40:32,095 [INFO] 行情拉取成功，返回 7 条
2026-05-18 13:40:32,095 [INFO] 今日已推送阈值数: 0
2026-05-18 13:40:32,096 [INFO] 检查完成: 检查了 17 个阈值, 跳过已推送 0 个, 本次触发 0 个
2026-05-18 13:40:32,096 [INFO] 无新警报，静默返回
2026-05-18 13:40:32,096 [INFO] ==== 运行结束 run_id=134031 ====

2026-05-18 13:45:09,258 [INFO] ==== 运行开始 run_id=134509 ====
2026-05-18 13:45:09,258 [INFO] 准备拉取 7 只股票行情: ['002156', '002709', '002342', '002453', '002256', '600330', '002149']
2026-05-18 13:45:09,479 [INFO] 行情拉取成功，返回 7 条
2026-05-18 13:45:09,479 [INFO] 今日已推送阈值数: 0
2026-05-18 13:45:09,479 [INFO] 检查完成: 检查了 17 个阈值, 跳过已推送 0 个, 本次触发 0 个
2026-05-18 13:45:09,479 [INFO] 无新警报，静默返回
2026-05-18 13:45:09,481 [INFO] ==== 运行结束 run_id=134509 ====

2026-05-18 13:50:29,966 [INFO] ==== 运行开始 run_id=135029 ====
2026-05-18 13:50:29,966 [INFO] 准备拉取 7 只股票行情: ['002149', '002256', '002453', '600330', '002342', '002156', '002709']
2026-05-18 13:50:30,326 [INFO] 行情拉取成功，返回 7 条
2026-05-18 13:50:30,327 [INFO] 今日已推送阈值数: 0
2026-05-18 13:50:30,329 [INFO] 检查完成: 检查了 17 个阈值, 跳过已推送 0 个, 本次触发 0 个
2026-05-18 13:50:30,329 [INFO] 无新警报，静默返回
2026-05-18 13:50:30,329 [INFO] ==== 运行结束 run_id=135029 ====

2026-05-18 13:54:21,028 [INFO] ==== 运行开始 run_id=135421 ====
2026-05-18 13:54:21,028 [INFO] 准备拉取 7 只股票行情: ['002453', '002256', '600330', '002709', '002342', '002156', '002149']
2026-05-18 13:54:21,249 [INFO] 行情拉取成功，返回 7 条
2026-05-18 13:54:21,249 [INFO] 今日已推送阈值数: 0
2026-05-18 13:54:21,251 [INFO] 检查完成: 检查了 17 个阈值, 跳过已推送 0 个, 本次触发 0 个
2026-05-18 13:54:21,251 [INFO] 无新警报，静默返回
2026-05-18 13:54:21,251 [INFO] ==== 运行结束 run_id=135421 ====

2026-05-18 14:01:09,730 [INFO] ==== 运行开始 run_id=140109 ====
2026-05-18 14:01:09,730 [INFO] 准备拉取 7 只股票行情: ['002453', '002149', '002342', '002256', '002156', '002709', '600330']
2026-05-18 14:01:09,970 [INFO] 行情拉取成功，返回 7 条
2026-05-18 14:01:09,971 [INFO] 今日已推送阈值数: 0
2026-05-18 14:01:09,973 [INFO] 检查完成: 检查了 17 个阈值, 跳过已推送 0 个, 本次触发 0 个
2026-05-18 14:01:09,973 [INFO] 无新警报，静默返回
2026-05-18 14:01:09,973 [INFO] ==== 运行结束 run_id=140109 ====

2026-05-18 14:20:30,790 [INFO] ==== 运行开始 run_id=142030 ====
2026-05-18 14:20:30,790 [INFO] 准备拉取 7 只股票行情: ['002156', '002709', '002453', '002342', '002149', '600330', '002256']
2026-05-18 14:20:31,137 [INFO] 行情拉取成功，返回 7 条
2026-05-18 14:20:31,138 [INFO] 今日已推送阈值数: 0
2026-05-18 14:20:31,139 [INFO] 检查完成: 检查了 17 个阈值, 跳过已推送 0 个, 本次触发 0 个
2026-05-18 14:20:31,139 [INFO] 无新警报，静默返回
2026-05-18 14:20:31,139 [INFO] ==== 运行结束 run_id=142030 ====

2026-05-18 14:40:30,445 [INFO] ==== 运行开始 run_id=144030 ====
2026-05-18 14:40:30,446 [INFO] 准备拉取 7 只股票行情: ['600330', '002256', '002453', '002709', '002342', '002149', '002156']
2026-05-18 14:40:30,698 [INFO] 行情拉取成功，返回 7 条
2026-05-18 14:40:30,700 [INFO] 今日已推送阈值数: 0
2026-05-18 14:40:30,701 [INFO] 检查完成: 检查了 17 个阈值, 跳过已推送 0 个, 本次触发 0 个
2026-05-18 14:40:30,701 [INFO] 无新警报，静默返回
2026-05-18 14:40:30,701 [INFO] ==== 运行结束 run_id=144030 ====

2026-05-18 14:48:45,290 [INFO] ==== 运行开始 run_id=144845 ====
2026-05-18 14:48:45,290 [INFO] 准备拉取 7 只股票行情: ['002256', '002709', '002453', '002156', '600330', '002149', '002342']
2026-05-18 14:48:45,540 [INFO] 行情拉取成功，返回 7 条
2026-05-18 14:48:45,541 [INFO] 今日已推送阈值数: 0
2026-05-18 14:48:45,541 [INFO] 检查完成: 检查了 17 个阈值, 跳过已推送 0 个, 本次触发 0 个
2026-05-18 14:48:45,541 [INFO] 无新警报，静默返回
2026-05-18 14:48:45,541 [INFO] ==== 运行结束 run_id=144845 ====

2026-05-18 14:55:27,804 [INFO] ==== 运行开始 run_id=145527 ====
2026-05-18 14:55:27,806 [INFO] 准备拉取 7 只股票行情: ['600330', '002709', '002149', '002342', '002256', '002156', '002453']
2026-05-18 14:55:28,194 [INFO] 行情拉取成功，返回 7 条
2026-05-18 14:55:28,195 [INFO] 今日已推送阈值数: 0
2026-05-18 14:55:28,195 [INFO] 检查完成: 检查了 17 个阈值, 跳过已推送 0 个, 本次触发 0 个
2026-05-18 14:55:28,196 [INFO] 无新警报，静默返回
2026-05-18 14:55:28,196 [INFO] ==== 运行结束 run_id=145527 ====

2026-05-19 09:13:23,071 [INFO] ==== 运行开始 run_id=091323 ====
2026-05-19 09:13:23,072 [INFO] 非交易时段，退出
2026-05-19 09:35:30,614 [INFO] ==== 运行开始 run_id=093530 ====
2026-05-19 09:35:30,614 [INFO] 准备拉取 7 只股票行情: ['002709', '002256', '002342', '002453', '002156', '600330', '002149']
2026-05-19 09:35:30,864 [INFO] 行情拉取成功，返回 7 条
2026-05-19 09:35:30,865 [INFO] 今日已推送阈值数: 0
2026-05-19 09:35:30,865 [WARNING] 🔔 触发阈值: 002342_deep_drop 价=15.74 阈值=15.74 below
2026-05-19 09:35:30,865 [INFO] 检查完成: 检查了 21 个阈值, 跳过已推送 0 个, 本次触发 1 个
2026-05-19 09:35:30,865 [INFO] 推送 1 条警报给用户
2026-05-19 09:35:30,865 [INFO] ==== 运行结束 run_id=093530 ====

2026-05-19 09:36:01,120 [INFO] ==== 运行开始 run_id=093601 ====
2026-05-19 09:36:01,120 [INFO] 准备拉取 10 只股票行情: ['002453', '002342', '603601', '002156', '002149', '605006', '002709', '600330', '002256', '603757']
2026-05-19 09:36:01,361 [INFO] 行情拉取成功，返回 10 条
2026-05-19 09:36:01,361 [INFO] 今日已推送阈值数: 1
2026-05-19 09:36:01,364 [INFO] 检查完成: 检查了 29 个阈值, 跳过已推送 1 个, 本次触发 0 个
2026-05-19 09:36:01,364 [INFO] 无新警报，静默返回
2026-05-19 09:36:01,364 [INFO] ==== 运行结束 run_id=093601 ====

2026-05-19 09:48:22,000 [INFO] ==== 运行开始 run_id=094822 ====
2026-05-19 09:48:22,000 [INFO] 准备拉取 10 只股票行情: ['002709', '002156', '002342', '605006', '603601', '600330', '603757', '002256', '002149', '002453']
2026-05-19 09:48:22,238 [INFO] 行情拉取成功，返回 10 条
2026-05-19 09:48:22,238 [INFO] 今日已推送阈值数: 1
2026-05-19 09:48:22,240 [INFO] 检查完成: 检查了 29 个阈值, 跳过已推送 0 个, 本次触发 0 个
2026-05-19 09:48:22,240 [INFO] 无新警报，静默返回
2026-05-19 09:48:22,240 [INFO] ==== 运行结束 run_id=094822 ====

2026-05-19 09:55:27,366 [INFO] ==== 运行开始 run_id=095527 ====
2026-05-19 09:55:27,366 [INFO] 准备拉取 10 只股票行情: ['002156', '603757', '002342', '002453', '605006', '002709', '600330', '603601', '002256', '002149']
2026-05-19 09:55:27,660 [INFO] 行情拉取成功，返回 10 条
2026-05-19 09:55:27,661 [INFO] 今日已推送阈值数: 1
2026-05-19 09:55:27,661 [WARNING] 🔔 触发阈值: 002709_buy_zone 价=53.62 阈值=54.0 below
2026-05-19 09:55:27,661 [INFO] 检查完成: 检查了 29 个阈值, 跳过已推送 0 个, 本次触发 1 个
2026-05-19 09:55:27,662 [INFO] 推送 1 条警报给用户
2026-05-19 09:55:27,662 [INFO] ==== 运行结束 run_id=095527 ====

2026-05-19 10:15:30,136 [INFO] ==== 运行开始 run_id=101530 ====
2026-05-19 10:15:30,136 [INFO] 准备拉取 10 只股票行情: ['002453', '002156', '002256', '002709', '002342', '605006', '603601', '002149', '600330', '603757']
2026-05-19 10:15:30,394 [INFO] 行情拉取成功，返回 10 条
2026-05-19 10:15:30,396 [INFO] 今日已推送阈值数: 2
2026-05-19 10:15:30,397 [INFO] 检查完成: 检查了 28 个阈值, 跳过已推送 1 个, 本次触发 0 个
2026-05-19 10:15:30,397 [INFO] 无新警报，静默返回
2026-05-19 10:15:30,397 [INFO] ==== 运行结束 run_id=101530 ====

2026-05-19 10:35:29,014 [INFO] ==== 运行开始 run_id=103529 ====
2026-05-19 10:35:29,014 [INFO] 准备拉取 10 只股票行情: ['002709', '002149', '603601', '603757', '002156', '002342', '605006', '002453', '600330', '002256']
2026-05-19 10:35:29,340 [INFO] 行情拉取成功，返回 10 条
2026-05-19 10:35:29,341 [INFO] 今日已推送阈值数: 2
2026-05-19 10:35:29,342 [INFO] 检查完成: 检查了 28 个阈值, 跳过已推送 1 个, 本次触发 0 个
2026-05-19 10:35:29,342 [INFO] 无新警报，静默返回
2026-05-19 10:35:29,342 [INFO] ==== 运行结束 run_id=103529 ====

2026-05-19 10:55:27,957 [INFO] ==== 运行开始 run_id=105527 ====
2026-05-19 10:55:27,957 [INFO] 准备拉取 10 只股票行情: ['600330', '605006', '002342', '603601', '002156', '603757', '002709', '002453', '002256', '002149']
2026-05-19 10:55:28,201 [INFO] 行情拉取成功，返回 10 条
2026-05-19 10:55:28,203 [INFO] 今日已推送阈值数: 2
2026-05-19 10:55:28,204 [INFO] 检查完成: 检查了 28 个阈值, 跳过已推送 1 个, 本次触发 0 个
2026-05-19 10:55:28,204 [INFO] 无新警报，静默返回
2026-05-19 10:55:28,204 [INFO] ==== 运行结束 run_id=105527 ====

2026-05-19 11:15:29,136 [INFO] ==== 运行开始 run_id=111529 ====
2026-05-19 11:15:29,136 [INFO] 准备拉取 10 只股票行情: ['603757', '002256', '600330', '605006', '603601', '002156', '002709', '002149', '002342', '002453']
2026-05-19 11:15:29,438 [INFO] 行情拉取成功，返回 10 条
2026-05-19 11:15:29,440 [INFO] 今日已推送阈值数: 2
2026-05-19 11:15:29,440 [INFO] 检查完成: 检查了 28 个阈值, 跳过已推送 1 个, 本次触发 0 个
2026-05-19 11:15:29,440 [INFO] 无新警报，静默返回
2026-05-19 11:15:29,441 [INFO] ==== 运行结束 run_id=111529 ====

2026-05-19 11:28:34,066 [INFO] ==== 运行开始 run_id=112834 ====
2026-05-19 11:28:34,066 [INFO] 准备拉取 10 只股票行情: ['002256', '002709', '603757', '603601', '002342', '002453', '002149', '605006', '002156', '600330']
2026-05-19 11:28:34,318 [INFO] 行情拉取成功，返回 10 条
2026-05-19 11:28:34,319 [INFO] 今日已推送阈值数: 2
2026-05-19 11:28:34,319 [INFO] 检查完成: 检查了 28 个阈值, 跳过已推送 1 个, 本次触发 0 个
2026-05-19 11:28:34,319 [INFO] 无新警报，静默返回
2026-05-19 11:28:34,319 [INFO] ==== 运行结束 run_id=112834 ====

2026-05-19 11:31:13,197 [INFO] webhook 推送成功
2026-05-19 11:31:34,648 [INFO] ==== 运行开始 run_id=113134 ====
2026-05-19 11:31:34,648 [INFO] 非交易时段，退出
2026-05-19 11:31:51,244 [INFO] ==== 运行开始 run_id=113151 ====
2026-05-19 11:31:51,244 [INFO] 非交易时段，退出
2026-05-19 12:34:53,118 [INFO] ==== 运行开始 run_id=123453 ====
2026-05-19 12:35:21,994 [INFO] ==== 运行开始 run_id=123521 ====
2026-05-19 12:35:21,995 [INFO] 非交易时段，退出
2026-05-19 12:35:35,935 [INFO] ==== 运行开始 run_id=123535 ====
2026-05-19 12:35:35,937 [INFO] 准备拉取 10 只股票行情: ['600330', '002256', '002453', '002149', '603757', '002156', '002342', '603601', '605006', '002709']
2026-05-19 12:35:36,338 [INFO] 行情拉取成功，返回 10 条
2026-05-19 12:35:36,339 [INFO] 今日已推送阈值数: 0
2026-05-19 12:35:36,340 [WARNING] 🔔 触发阈值: 002709_buy_zone 价=53.88 阈值=54.0 below
2026-05-19 12:35:36,340 [INFO] 检查完成: 检查了 29 个阈值, 跳过已推送 0 个, 本次触发 1 个
2026-05-19 12:35:36,652 [INFO] webhook 推送成功
2026-05-19 12:35:36,653 [INFO] webhook 推送 成功 | 1 条警报
2026-05-19 12:35:36,653 [INFO] 推送 1 条警报给用户
2026-05-19 12:35:36,653 [INFO] ==== 运行结束 run_id=123535 ====

2026-05-19 12:40:04,331 [INFO] ==== 运行开始 run_id=124004 ====
2026-05-19 12:40:04,331 [INFO] 非交易时段，退出
2026-05-19 12:40:59,932 [INFO] webhook 推送成功
2026-05-19 12:50:04,058 [INFO] ==== 运行开始 run_id=125004 ====
2026-05-19 12:50:04,059 [INFO] 非交易时段，退出
2026-05-19 12:51:57,440 [INFO] ==== 运行开始 run_id=125157 ====
2026-05-19 12:51:57,442 [INFO] 非交易时段，退出
2026-05-19 13:00:04,867 [INFO] ==== 运行开始 run_id=130004 ====
2026-05-19 13:00:04,868 [INFO] 准备拉取 10 只股票行情: ['002156', '002453', '002709', '600330', '002149', '002342', '603757', '603601', '002256', '605006']
2026-05-19 13:00:05,178 [INFO] 行情拉取成功，返回 10 条
2026-05-19 13:00:05,179 [INFO] 今日已推送阈值数: 1
2026-05-19 13:00:05,203 [WARNING] 🔔 触发阈值: 002709_buy_zone 价=53.86 阈值=54.0 below
2026-05-19 13:00:05,215 [INFO] 检查完成: 检查了 30 个阈值, 跳过已推送 0 个, 本次触发 1 个
2026-05-19 13:00:05,397 [INFO] webhook 推送成功
2026-05-19 13:00:05,397 [INFO] webhook 推送 成功 | 1 条警报
2026-05-19 13:00:05,397 [INFO] 推送 1 条警报给用户
2026-05-19 13:00:05,397 [INFO] ==== 运行结束 run_id=130004 ====

2026-05-19 13:02:33,067 [INFO] ==== 运行开始 run_id=130233 ====
2026-05-19 13:02:33,067 [INFO] 准备拉取 10 只股票行情: ['603757', '002256', '002709', '603601', '002149', '002156', '600330', '605006', '002453', '002342']
2026-05-19 13:02:33,314 [INFO] 行情拉取成功，返回 10 条
2026-05-19 13:02:33,316 [INFO] 今日已推送阈值数: 1
2026-05-19 13:02:33,331 [WARNING] 🔔 触发阈值: 002709_buy_zone 价=53.87 阈值=54.0 below
2026-05-19 13:02:33,341 [INFO] 检查完成: 检查了 30 个阈值, 跳过已推送 0 个, 本次触发 1 个
2026-05-19 13:02:33,572 [INFO] webhook 推送成功
2026-05-19 13:02:33,572 [INFO] webhook 推送 成功 | 1 条警报
2026-05-19 13:02:33,572 [INFO] 推送 1 条警报给用户
2026-05-19 13:02:33,572 [INFO] ==== 运行结束 run_id=130233 ====

2026-05-19 13:10:05,212 [INFO] ==== 运行开始 run_id=131005 ====
2026-05-19 13:10:05,212 [INFO] 准备拉取 10 只股票行情: ['603757', '600330', '605006', '002453', '002256', '002342', '002709', '002149', '002156', '603601']
2026-05-19 13:10:05,531 [INFO] 行情拉取成功，返回 10 条
2026-05-19 13:10:05,532 [INFO] 今日已推送阈值数: 2
2026-05-19 13:10:05,561 [INFO] 检查完成: 检查了 29 个阈值, 跳过已推送 1 个, 本次触发 0 个
2026-05-19 13:10:05,561 [INFO] 无新警报，静默返回
2026-05-19 13:10:05,561 [INFO] ==== 运行结束 run_id=131005 ====

2026-05-19 13:20:05,674 [INFO] ==== 运行开始 run_id=132005 ====
2026-05-19 13:20:05,674 [INFO] 准备拉取 10 只股票行情: ['002453', '002256', '603601', '002149', '002709', '002342', '002156', '603757', '605006', '600330']
2026-05-19 13:20:05,921 [INFO] 行情拉取成功，返回 10 条
2026-05-19 13:20:05,922 [INFO] 今日已推送阈值数: 2
2026-05-19 13:20:05,959 [INFO] 检查完成: 检查了 29 个阈值, 跳过已推送 1 个, 本次触发 0 个
2026-05-19 13:20:05,960 [INFO] 无新警报，静默返回
2026-05-19 13:20:05,960 [INFO] ==== 运行结束 run_id=132005 ====

2026-05-19 13:30:15,351 [INFO] ==== 运行开始 run_id=133015 ====
2026-05-19 13:30:15,351 [INFO] 准备拉取 10 只股票行情: ['002149', '603601', '600330', '603757', '605006', '002342', '002156', '002709', '002256', '002453']
2026-05-19 13:30:15,803 [INFO] 行情拉取成功，返回 10 条
2026-05-19 13:30:15,804 [INFO] 今日已推送阈值数: 2
2026-05-19 13:30:15,859 [INFO] 检查完成: 检查了 29 个阈值, 跳过已推送 1 个, 本次触发 0 个
2026-05-19 13:30:15,861 [INFO] 无新警报，静默返回
2026-05-19 13:30:15,861 [INFO] ==== 运行结束 run_id=133015 ====

2026-05-19 13:42:53,063 [INFO] ==== 运行开始 run_id=134253 ====
2026-05-19 13:42:53,066 [INFO] 准备拉取 10 只股票行情: ['002453', '002149', '603757', '002342', '002156', '002256', '002709', '600330', '603601', '605006']
2026-05-19 13:42:53,760 [INFO] 行情拉取成功，返回 10 条
2026-05-19 13:42:53,766 [INFO] 今日已推送阈值数: 2
2026-05-19 13:42:53,821 [INFO] 检查完成: 检查了 29 个阈值, 跳过已推送 1 个, 本次触发 0 个
2026-05-19 13:42:53,821 [INFO] 无新警报，静默返回
2026-05-19 13:42:53,821 [INFO] ==== 运行结束 run_id=134253 ====

2026-05-19 13:53:49,856 [INFO] ==== 运行开始 run_id=135349 ====
2026-05-19 13:53:49,856 [INFO] 准备拉取 10 只股票行情: ['002149', '600330', '002156', '605006', '002453', '002342', '603601', '002256', '002709', '603757']
2026-05-19 13:54:15,976 [INFO] 行情拉取成功，返回 10 条
2026-05-19 13:54:16,059 [INFO] 今日已推送阈值数: 2
2026-05-19 13:54:17,105 [INFO] 检查完成: 检查了 29 个阈值, 跳过已推送 1 个, 本次触发 0 个
2026-05-19 13:54:17,105 [INFO] 无新警报，静默返回
2026-05-19 13:54:17,105 [INFO] ==== 运行结束 run_id=135349 ====

2026-05-19 14:01:52,871 [INFO] ==== 运行开始 run_id=140152 ====
2026-05-19 14:01:52,871 [INFO] 准备拉取 10 只股票行情: ['002156', '603757', '002342', '002256', '002709', '605006', '603601', '600330', '002149', '002453']
2026-05-19 14:02:04,382 [INFO] 行情拉取成功，返回 10 条
2026-05-19 14:02:04,390 [INFO] 今日已推送阈值数: 2
2026-05-19 14:02:07,993 [INFO] 检查完成: 检查了 29 个阈值, 跳过已推送 1 个, 本次触发 0 个
2026-05-19 14:02:07,994 [INFO] 无新警报，静默返回
2026-05-19 14:02:07,994 [INFO] ==== 运行结束 run_id=140152 ====

2026-05-19 14:12:30,638 [INFO] ==== 运行开始 run_id=141230 ====
2026-05-19 14:12:30,638 [INFO] 准备拉取 10 只股票行情: ['002342', '002709', '002156', '603757', '002453', '603601', '002256', '600330', '002149', '605006']
2026-05-19 14:12:57,524 [INFO] 行情拉取成功，返回 10 条
2026-05-19 14:12:57,528 [INFO] 今日已推送阈值数: 2
2026-05-19 14:13:16,607 [INFO] 检查完成: 检查了 29 个阈值, 跳过已推送 1 个, 本次触发 0 个
2026-05-19 14:13:16,607 [INFO] 无新警报，静默返回
2026-05-19 14:13:16,607 [INFO] ==== 运行结束 run_id=141230 ====

2026-05-19 14:22:53,454 [INFO] ==== 运行开始 run_id=142253 ====
2026-05-19 14:22:53,458 [INFO] 准备拉取 10 只股票行情: ['603601', '002156', '002149', '600330', '603757', '605006', '002709', '002453', '002256', '002342']
2026-05-19 14:23:04,332 [INFO] 行情拉取成功，返回 10 条
2026-05-19 14:23:04,537 [INFO] 今日已推送阈值数: 2
2026-05-19 14:23:17,028 [INFO] 检查完成: 检查了 29 个阈值, 跳过已推送 1 个, 本次触发 0 个
2026-05-19 14:23:17,041 [INFO] 无新警报，静默返回
2026-05-19 14:23:17,041 [INFO] ==== 运行结束 run_id=142253 ====

2026-05-19 14:30:09,271 [INFO] ==== 运行开始 run_id=143009 ====
2026-05-19 14:30:09,271 [INFO] 准备拉取 10 只股票行情: ['002709', '605006', '603601', '002453', '600330', '002156', '002256', '002149', '603757', '002342']
2026-05-19 14:30:09,664 [INFO] 行情拉取成功，返回 10 条
2026-05-19 14:30:09,664 [INFO] 今日已推送阈值数: 2
2026-05-19 14:30:09,734 [INFO] 检查完成: 检查了 29 个阈值, 跳过已推送 1 个, 本次触发 0 个
2026-05-19 14:30:09,734 [INFO] 无新警报，静默返回
2026-05-19 14:30:09,734 [INFO] ==== 运行结束 run_id=143009 ====

2026-05-19 14:40:08,721 [INFO] ==== 运行开始 run_id=144008 ====
2026-05-19 14:40:08,721 [INFO] 准备拉取 10 只股票行情: ['002256', '002342', '600330', '002453', '603601', '002149', '603757', '002156', '002709', '605006']
2026-05-19 14:40:09,263 [INFO] 行情拉取成功，返回 10 条
2026-05-19 14:40:09,263 [INFO] 今日已推送阈值数: 2
2026-05-19 14:40:09,317 [INFO] 检查完成: 检查了 29 个阈值, 跳过已推送 1 个, 本次触发 0 个
2026-05-19 14:40:09,317 [INFO] 无新警报，静默返回
2026-05-19 14:40:09,317 [INFO] ==== 运行结束 run_id=144008 ====

2026-05-19 14:50:26,629 [INFO] ==== 运行开始 run_id=145026 ====
2026-05-19 14:50:26,631 [INFO] 准备拉取 10 只股票行情: ['600330', '603757', '603601', '002156', '002709', '002342', '002453', '605006', '002149', '002256']
2026-05-19 14:50:27,263 [INFO] 行情拉取成功，返回 10 条
2026-05-19 14:50:27,263 [INFO] 今日已推送阈值数: 2
2026-05-19 14:50:27,321 [INFO] 检查完成: 检查了 29 个阈值, 跳过已推送 1 个, 本次触发 0 个
2026-05-19 14:50:27,321 [INFO] 无新警报，静默返回
2026-05-19 14:50:27,321 [INFO] ==== 运行结束 run_id=145026 ====

2026-05-19 15:00:20,145 [INFO] ==== 运行开始 run_id=150020 ====
2026-05-19 15:00:20,145 [INFO] 非交易时段，退出
2026-05-19 15:10:22,635 [INFO] ==== 运行开始 run_id=151022 ====
2026-05-19 15:10:22,637 [INFO] 非交易时段，退出
2026-05-19 15:20:17,142 [INFO] ==== 运行开始 run_id=152017 ====
2026-05-19 15:20:17,665 [INFO] 非交易时段，退出
2026-05-19 15:30:09,556 [INFO] ==== 运行开始 run_id=153009 ====
2026-05-19 15:30:09,583 [INFO] 非交易时段，退出
2026-05-19 15:40:13,058 [INFO] ==== 运行开始 run_id=154013 ====
2026-05-19 15:40:13,058 [INFO] 非交易时段，退出
2026-05-19 15:50:29,037 [INFO] ==== 运行开始 run_id=155029 ====
2026-05-19 15:50:29,064 [INFO] 非交易时段，退出
2026-05-19 16:10:04,421 [INFO] ==== 运行开始 run_id=161004 ====
2026-05-19 16:10:04,422 [INFO] 非交易时段，退出
2026-05-19 16:20:04,122 [INFO] ==== 运行开始 run_id=162004 ====
2026-05-19 16:20:04,123 [INFO] 非交易时段，退出
2026-05-19 16:30:04,171 [INFO] ==== 运行开始 run_id=163004 ====
2026-05-19 16:30:04,171 [INFO] 非交易时段，退出
2026-05-19 16:40:04,039 [INFO] ==== 运行开始 run_id=164004 ====
2026-05-19 16:40:04,039 [INFO] 非交易时段，退出
2026-05-19 16:50:04,400 [INFO] ==== 运行开始 run_id=165004 ====
2026-05-19 16:50:04,401 [INFO] 非交易时段，退出
2026-05-19 17:00:04,314 [INFO] ==== 运行开始 run_id=170004 ====
2026-05-19 17:00:04,314 [INFO] 非交易时段，退出
2026-05-19 17:10:04,302 [INFO] ==== 运行开始 run_id=171004 ====
2026-05-19 17:10:04,302 [INFO] 非交易时段，退出
2026-05-19 17:20:04,468 [INFO] ==== 运行开始 run_id=172004 ====
2026-05-19 17:20:04,468 [INFO] 非交易时段，退出
2026-05-19 17:30:04,564 [INFO] ==== 运行开始 run_id=173004 ====
2026-05-19 17:30:04,564 [INFO] 非交易时段，退出
2026-05-19 17:40:04,407 [INFO] ==== 运行开始 run_id=174004 ====
2026-05-19 17:40:04,407 [INFO] 非交易时段，退出
2026-05-19 17:50:04,300 [INFO] ==== 运行开始 run_id=175004 ====
2026-05-19 17:50:04,300 [INFO] 非交易时段，退出
2026-05-19 18:00:04,470 [INFO] ==== 运行开始 run_id=180004 ====
2026-05-19 18:00:04,470 [INFO] 非交易时段，退出
2026-05-19 18:10:04,469 [INFO] ==== 运行开始 run_id=181004 ====
2026-05-19 18:10:04,469 [INFO] 非交易时段，退出
2026-05-19 18:20:04,393 [INFO] ==== 运行开始 run_id=182004 ====
2026-05-19 18:20:04,393 [INFO] 非交易时段，退出
2026-05-19 18:30:04,489 [INFO] ==== 运行开始 run_id=183004 ====
2026-05-19 18:30:04,489 [INFO] 非交易时段，退出
2026-05-19 18:40:04,684 [INFO] ==== 运行开始 run_id=184004 ====
2026-05-19 18:40:04,684 [INFO] 非交易时段，退出
2026-05-19 18:50:04,462 [INFO] ==== 运行开始 run_id=185004 ====
2026-05-19 18:50:04,463 [INFO] 非交易时段，退出
2026-05-19 19:00:06,065 [INFO] ==== 运行开始 run_id=190006 ====
2026-05-19 19:00:06,084 [INFO] 非交易时段，退出
2026-05-19 19:10:04,588 [INFO] ==== 运行开始 run_id=191004 ====
2026-05-19 19:10:04,589 [INFO] 非交易时段，退出
2026-05-19 19:20:04,728 [INFO] ==== 运行开始 run_id=192004 ====
2026-05-19 19:20:04,730 [INFO] 非交易时段，退出
2026-05-19 19:30:04,682 [INFO] ==== 运行开始 run_id=193004 ====
2026-05-19 19:30:04,683 [INFO] 非交易时段，退出
2026-05-19 19:40:04,605 [INFO] ==== 运行开始 run_id=194004 ====
2026-05-19 19:40:04,605 [INFO] 非交易时段，退出
2026-05-19 19:50:04,881 [INFO] ==== 运行开始 run_id=195004 ====
2026-05-19 19:50:04,883 [INFO] 非交易时段，退出
2026-05-19 20:00:06,545 [INFO] ==== 运行开始 run_id=200006 ====
2026-05-19 20:00:06,547 [INFO] 非交易时段，退出
2026-05-19 20:10:11,536 [INFO] ==== 运行开始 run_id=201011 ====
2026-05-19 20:10:11,537 [INFO] 非交易时段，退出
2026-05-19 20:20:04,405 [INFO] ==== 运行开始 run_id=202004 ====
2026-05-19 20:20:04,405 [INFO] 非交易时段，退出
2026-05-19 20:30:04,298 [INFO] ==== 运行开始 run_id=203004 ====
2026-05-19 20:30:04,298 [INFO] 非交易时段，退出
2026-05-19 20:40:04,240 [INFO] ==== 运行开始 run_id=204004 ====
2026-05-19 20:40:04,240 [INFO] 非交易时段，退出
2026-05-19 20:50:04,389 [INFO] ==== 运行开始 run_id=205004 ====
2026-05-19 20:50:04,389 [INFO] 非交易时段，退出
2026-05-19 21:00:04,254 [INFO] ==== 运行开始 run_id=210004 ====
2026-05-19 21:00:04,254 [INFO] 非交易时段，退出
2026-05-19 21:10:04,562 [INFO] ==== 运行开始 run_id=211004 ====
2026-05-19 21:10:04,563 [INFO] 非交易时段，退出
2026-05-19 21:20:04,199 [INFO] ==== 运行开始 run_id=212004 ====
2026-05-19 21:20:04,199 [INFO] 非交易时段，退出
2026-05-19 21:30:04,314 [INFO] ==== 运行开始 run_id=213004 ====
2026-05-19 21:30:04,315 [INFO] 非交易时段，退出
2026-05-19 21:40:04,190 [INFO] ==== 运行开始 run_id=214004 ====
2026-05-19 21:40:04,191 [INFO] 非交易时段，退出
2026-05-19 21:50:04,294 [INFO] ==== 运行开始 run_id=215004 ====
2026-05-19 21:50:04,295 [INFO] 非交易时段，退出
2026-05-19 22:00:04,396 [INFO] ==== 运行开始 run_id=220004 ====
2026-05-19 22:00:04,396 [INFO] 非交易时段，退出
2026-05-19 22:10:04,223 [INFO] ==== 运行开始 run_id=221004 ====
2026-05-19 22:10:04,223 [INFO] 非交易时段，退出
2026-05-19 22:20:04,251 [INFO] ==== 运行开始 run_id=222004 ====
2026-05-19 22:20:04,252 [INFO] 非交易时段，退出
2026-05-19 22:30:04,419 [INFO] ==== 运行开始 run_id=223004 ====
2026-05-19 22:30:04,420 [INFO] 非交易时段，退出
2026-05-19 22:40:04,237 [INFO] ==== 运行开始 run_id=224004 ====
2026-05-19 22:40:04,237 [INFO] 非交易时段，退出
2026-05-19 22:50:04,478 [INFO] ==== 运行开始 run_id=225004 ====
2026-05-19 22:50:04,478 [INFO] 非交易时段，退出
2026-05-19 23:00:04,293 [INFO] ==== 运行开始 run_id=230004 ====
2026-05-19 23:00:04,295 [INFO] 非交易时段，退出
2026-05-19 23:10:04,362 [INFO] ==== 运行开始 run_id=231004 ====
2026-05-19 23:10:04,363 [INFO] 非交易时段，退出
2026-05-19 23:20:03,356 [INFO] ==== 运行开始 run_id=232003 ====
2026-05-19 23:20:03,357 [INFO] 非交易时段，退出
2026-05-19 23:30:03,410 [INFO] ==== 运行开始 run_id=233003 ====
2026-05-19 23:30:03,410 [INFO] 非交易时段，退出
2026-05-19 23:40:03,361 [INFO] ==== 运行开始 run_id=234003 ====
2026-05-19 23:40:03,363 [INFO] 非交易时段，退出
2026-05-19 23:50:03,846 [INFO] ==== 运行开始 run_id=235003 ====
2026-05-19 23:50:03,847 [INFO] 非交易时段，退出
2026-05-20 00:00:03,576 [INFO] ==== 运行开始 run_id=000003 ====
2026-05-20 00:00:03,577 [INFO] 非交易时段，退出
2026-05-20 00:10:03,534 [INFO] ==== 运行开始 run_id=001003 ====
2026-05-20 00:10:03,534 [INFO] 非交易时段，退出
2026-05-20 00:20:03,606 [INFO] ==== 运行开始 run_id=002003 ====
2026-05-20 00:20:03,606 [INFO] 非交易时段，退出
2026-05-20 00:30:03,331 [INFO] ==== 运行开始 run_id=003003 ====
2026-05-20 00:30:03,332 [INFO] 非交易时段，退出
2026-05-20 00:40:03,504 [INFO] ==== 运行开始 run_id=004003 ====
2026-05-20 00:40:03,504 [INFO] 非交易时段，退出
2026-05-20 00:50:03,465 [INFO] ==== 运行开始 run_id=005003 ====
2026-05-20 00:50:03,465 [INFO] 非交易时段，退出
2026-05-20 01:00:03,665 [INFO] ==== 运行开始 run_id=010003 ====
2026-05-20 01:00:03,665 [INFO] 非交易时段，退出
2026-05-20 01:10:03,721 [INFO] ==== 运行开始 run_id=011003 ====
2026-05-20 01:10:03,723 [INFO] 非交易时段，退出
2026-05-20 01:20:03,571 [INFO] ==== 运行开始 run_id=012003 ====
2026-05-20 01:20:03,571 [INFO] 非交易时段，退出
2026-05-20 01:30:03,596 [INFO] ==== 运行开始 run_id=013003 ====
2026-05-20 01:30:03,597 [INFO] 非交易时段，退出
2026-05-20 01:40:03,463 [INFO] ==== 运行开始 run_id=014003 ====
2026-05-20 01:40:03,464 [INFO] 非交易时段，退出
2026-05-20 01:50:03,504 [INFO] ==== 运行开始 run_id=015003 ====
2026-05-20 01:50:03,504 [INFO] 非交易时段，退出
2026-05-20 02:00:03,600 [INFO] ==== 运行开始 run_id=020003 ====
2026-05-20 02:00:03,600 [INFO] 非交易时段，退出
2026-05-20 02:10:03,507 [INFO] ==== 运行开始 run_id=021003 ====
2026-05-20 02:10:03,508 [INFO] 非交易时段，退出
2026-05-20 02:20:03,597 [INFO] ==== 运行开始 run_id=022003 ====
2026-05-20 02:20:03,597 [INFO] 非交易时段，退出
2026-05-20 02:30:03,589 [INFO] ==== 运行开始 run_id=023003 ====
2026-05-20 02:30:03,590 [INFO] 非交易时段，退出
2026-05-20 02:40:03,548 [INFO] ==== 运行开始 run_id=024003 ====
2026-05-20 02:40:03,548 [INFO] 非交易时段，退出
2026-05-20 02:50:03,852 [INFO] ==== 运行开始 run_id=025003 ====
2026-05-20 02:50:03,853 [INFO] 非交易时段，退出
2026-05-20 03:00:03,567 [INFO] ==== 运行开始 run_id=030003 ====
2026-05-20 03:00:03,567 [INFO] 非交易时段，退出
2026-05-20 03:10:03,637 [INFO] ==== 运行开始 run_id=031003 ====
2026-05-20 03:10:03,638 [INFO] 非交易时段，退出
2026-05-20 03:20:03,699 [INFO] ==== 运行开始 run_id=032003 ====
2026-05-20 03:20:03,699 [INFO] 非交易时段，退出
2026-05-20 03:30:03,603 [INFO] ==== 运行开始 run_id=033003 ====
2026-05-20 03:30:03,603 [INFO] 非交易时段，退出
2026-05-20 03:40:05,068 [INFO] ==== 运行开始 run_id=034005 ====
2026-05-20 03:40:05,068 [INFO] 非交易时段，退出
2026-05-20 03:50:03,626 [INFO] ==== 运行开始 run_id=035003 ====
2026-05-20 03:50:03,626 [INFO] 非交易时段，退出
2026-05-20 04:00:03,796 [INFO] ==== 运行开始 run_id=040003 ====
2026-05-20 04:00:03,796 [INFO] 非交易时段，退出
2026-05-20 04:10:03,695 [INFO] ==== 运行开始 run_id=041003 ====
2026-05-20 04:10:03,695 [INFO] 非交易时段，退出
2026-05-20 04:20:04,239 [INFO] ==== 运行开始 run_id=042004 ====
2026-05-20 04:20:04,239 [INFO] 非交易时段，退出
2026-05-20 04:30:03,642 [INFO] ==== 运行开始 run_id=043003 ====
2026-05-20 04:30:03,643 [INFO] 非交易时段，退出
2026-05-20 04:40:03,751 [INFO] ==== 运行开始 run_id=044003 ====
2026-05-20 04:40:03,752 [INFO] 非交易时段，退出
2026-05-20 04:50:03,889 [INFO] ==== 运行开始 run_id=045003 ====
2026-05-20 04:50:03,889 [INFO] 非交易时段，退出
2026-05-20 05:00:03,839 [INFO] ==== 运行开始 run_id=050003 ====
2026-05-20 05:00:03,840 [INFO] 非交易时段，退出
2026-05-20 05:10:03,822 [INFO] ==== 运行开始 run_id=051003 ====
2026-05-20 05:10:03,822 [INFO] 非交易时段，退出
2026-05-20 05:20:03,996 [INFO] ==== 运行开始 run_id=052003 ====
2026-05-20 05:20:03,997 [INFO] 非交易时段，退出
2026-05-20 05:30:03,783 [INFO] ==== 运行开始 run_id=053003 ====
2026-05-20 05:30:03,783 [INFO] 非交易时段，退出
2026-05-20 05:40:03,761 [INFO] ==== 运行开始 run_id=054003 ====
2026-05-20 05:40:03,761 [INFO] 非交易时段，退出
2026-05-20 05:50:03,841 [INFO] ==== 运行开始 run_id=055003 ====
2026-05-20 05:50:03,841 [INFO] 非交易时段，退出
2026-05-20 06:00:04,610 [INFO] ==== 运行开始 run_id=060004 ====
2026-05-20 06:00:04,611 [INFO] 非交易时段，退出
2026-05-20 06:10:03,746 [INFO] ==== 运行开始 run_id=061003 ====
2026-05-20 06:10:03,746 [INFO] 非交易时段，退出
2026-05-20 06:20:04,247 [INFO] ==== 运行开始 run_id=062004 ====
2026-05-20 06:20:04,247 [INFO] 非交易时段，退出
2026-05-20 06:30:03,777 [INFO] ==== 运行开始 run_id=063003 ====
2026-05-20 06:30:03,778 [INFO] 非交易时段，退出
2026-05-20 06:40:03,973 [INFO] ==== 运行开始 run_id=064003 ====
2026-05-20 06:40:03,974 [INFO] 非交易时段，退出
2026-05-20 06:50:03,834 [INFO] ==== 运行开始 run_id=065003 ====
2026-05-20 06:50:03,835 [INFO] 非交易时段，退出
2026-05-20 07:00:03,858 [INFO] ==== 运行开始 run_id=070003 ====
2026-05-20 07:00:03,858 [INFO] 非交易时段，退出
2026-05-20 07:10:04,913 [INFO] ==== 运行开始 run_id=071004 ====
2026-05-20 07:10:04,914 [INFO] 非交易时段，退出
2026-05-20 07:20:04,009 [INFO] ==== 运行开始 run_id=072004 ====
2026-05-20 07:20:04,009 [INFO] 非交易时段，退出
2026-05-20 07:30:03,915 [INFO] ==== 运行开始 run_id=073003 ====
2026-05-20 07:30:03,915 [INFO] 非交易时段，退出
2026-05-20 07:40:03,986 [INFO] ==== 运行开始 run_id=074003 ====
2026-05-20 07:40:03,988 [INFO] 非交易时段，退出
2026-05-20 07:50:03,832 [INFO] ==== 运行开始 run_id=075003 ====
2026-05-20 07:50:03,833 [INFO] 非交易时段，退出
2026-05-20 08:00:03,912 [INFO] ==== 运行开始 run_id=080003 ====
2026-05-20 08:00:03,914 [INFO] 非交易时段，退出
2026-05-20 08:10:03,987 [INFO] ==== 运行开始 run_id=081003 ====
2026-05-20 08:10:03,987 [INFO] 非交易时段，退出
2026-05-20 08:20:03,920 [INFO] ==== 运行开始 run_id=082003 ====
2026-05-20 08:20:03,920 [INFO] 非交易时段，退出
2026-05-20 08:30:04,316 [INFO] ==== 运行开始 run_id=083004 ====
2026-05-20 08:30:04,316 [INFO] 非交易时段，退出
2026-05-20 08:40:04,263 [INFO] ==== 运行开始 run_id=084004 ====
2026-05-20 08:40:04,263 [INFO] 非交易时段，退出
2026-05-20 08:50:05,034 [INFO] ==== 运行开始 run_id=085005 ====
2026-05-20 08:50:05,035 [INFO] 非交易时段，退出
2026-05-20 09:00:04,785 [INFO] ==== 运行开始 run_id=090004 ====
2026-05-20 09:00:04,785 [INFO] 非交易时段，退出
2026-05-20 09:10:04,184 [INFO] ==== 运行开始 run_id=091004 ====
2026-05-20 09:10:04,185 [INFO] 非交易时段，退出
2026-05-20 09:20:04,060 [INFO] ==== 运行开始 run_id=092004 ====
2026-05-20 09:20:04,061 [INFO] 非交易时段，退出
2026-05-20 09:30:04,181 [INFO] ==== 运行开始 run_id=093004 ====
2026-05-20 09:30:04,184 [INFO] 准备拉取 10 只股票行情: ['002453', '002156', '002709', '603757', '002149', '603601', '605006', '002256', '600330', '002342']
2026-05-20 09:30:04,439 [INFO] 行情拉取成功，返回 10 条
2026-05-20 09:30:04,441 [INFO] 今日已推送阈值数: 0
2026-05-20 09:30:04,480 [WARNING] 🔔 触发阈值: 002149_buy_zone 价=66.98 阈值=67.0 below
2026-05-20 09:30:04,490 [INFO] 检查完成: 检查了 30 个阈值, 跳过已推送 0 个, 本次触发 1 个
2026-05-20 09:30:04,722 [INFO] webhook 推送成功
2026-05-20 09:30:04,722 [INFO] webhook 推送 成功 | 1 条警报
2026-05-20 09:30:04,722 [INFO] 推送 1 条警报给用户
2026-05-20 09:30:04,722 [INFO] ==== 运行结束 run_id=093004 ====

2026-05-20 09:40:03,861 [INFO] ==== 运行开始 run_id=094003 ====
2026-05-20 09:40:03,862 [INFO] 准备拉取 10 只股票行情: ['002453', '002709', '002256', '002149', '600330', '002156', '002342', '603601', '605006', '603757']
2026-05-20 09:40:04,120 [INFO] 行情拉取成功，返回 10 条
2026-05-20 09:40:04,121 [INFO] 今日已推送阈值数: 1
2026-05-20 09:40:04,153 [INFO] 检查完成: 检查了 29 个阈值, 跳过已推送 1 个, 本次触发 0 个
2026-05-20 09:40:04,153 [INFO] 无新警报，静默返回
2026-05-20 09:40:04,153 [INFO] ==== 运行结束 run_id=094003 ====

2026-05-20 09:50:04,119 [INFO] ==== 运行开始 run_id=095004 ====
2026-05-20 09:50:04,120 [INFO] 准备拉取 10 只股票行情: ['002342', '603757', '002453', '002256', '002156', '002709', '605006', '002149', '603601', '600330']
2026-05-20 09:50:04,374 [INFO] 行情拉取成功，返回 10 条
2026-05-20 09:50:04,374 [INFO] 今日已推送阈值数: 1
2026-05-20 09:50:04,409 [INFO] 检查完成: 检查了 29 个阈值, 跳过已推送 1 个, 本次触发 0 个
2026-05-20 09:50:04,409 [INFO] 无新警报，静默返回
2026-05-20 09:50:04,409 [INFO] ==== 运行结束 run_id=095004 ====

2026-05-20 10:00:04,027 [INFO] ==== 运行开始 run_id=100004 ====
2026-05-20 10:00:04,027 [INFO] 准备拉取 10 只股票行情: ['603757', '002342', '002156', '002453', '605006', '603601', '002256', '600330', '002149', '002709']
2026-05-20 10:00:04,392 [INFO] 行情拉取成功，返回 10 条
2026-05-20 10:00:04,393 [INFO] 今日已推送阈值数: 1
2026-05-20 10:00:04,415 [WARNING] 🔔 触发阈值: 002453_stop_loss_tight 价=5.95 阈值=5.95 below
2026-05-20 10:00:04,426 [INFO] 检查完成: 检查了 29 个阈值, 跳过已推送 1 个, 本次触发 1 个
2026-05-20 10:00:04,778 [INFO] webhook 推送成功
2026-05-20 10:00:04,779 [INFO] webhook 推送 成功 | 1 条警报
2026-05-20 10:00:04,779 [INFO] 推送 1 条警报给用户
2026-05-20 10:00:04,779 [INFO] ==== 运行结束 run_id=100004 ====

2026-05-20 10:10:04,088 [INFO] ==== 运行开始 run_id=101004 ====
2026-05-20 10:10:04,088 [INFO] 准备拉取 10 只股票行情: ['002342', '002453', '002156', '002149', '600330', '605006', '603601', '002709', '603757', '002256']
2026-05-20 10:10:04,351 [INFO] 行情拉取成功，返回 10 条
2026-05-20 10:10:04,351 [INFO] 今日已推送阈值数: 2
2026-05-20 10:10:04,390 [INFO] 检查完成: 检查了 28 个阈值, 跳过已推送 2 个, 本次触发 0 个
2026-05-20 10:10:04,390 [INFO] 无新警报，静默返回
2026-05-20 10:10:04,390 [INFO] ==== 运行结束 run_id=101004 ====

2026-05-20 10:20:04,001 [INFO] ==== 运行开始 run_id=102004 ====
2026-05-20 10:20:04,001 [INFO] 准备拉取 10 只股票行情: ['603601', '002342', '603757', '002256', '002453', '002709', '605006', '600330', '002149', '002156']
2026-05-20 10:20:04,768 [INFO] 行情拉取成功，返回 10 条
2026-05-20 10:20:04,768 [INFO] 今日已推送阈值数: 2
2026-05-20 10:20:04,801 [INFO] 检查完成: 检查了 28 个阈值, 跳过已推送 2 个, 本次触发 0 个
2026-05-20 10:20:04,801 [INFO] 无新警报，静默返回
2026-05-20 10:20:04,801 [INFO] ==== 运行结束 run_id=102004 ====

2026-05-20 10:30:04,118 [INFO] ==== 运行开始 run_id=103004 ====
2026-05-20 10:30:04,119 [INFO] 准备拉取 10 只股票行情: ['002149', '002156', '002453', '605006', '603757', '603601', '002342', '002256', '600330', '002709']
2026-05-20 10:30:04,375 [INFO] 行情拉取成功，返回 10 条
2026-05-20 10:30:04,376 [INFO] 今日已推送阈值数: 2
2026-05-20 10:30:04,406 [INFO] 检查完成: 检查了 28 个阈值, 跳过已推送 2 个, 本次触发 0 个
2026-05-20 10:30:04,406 [INFO] 无新警报，静默返回
2026-05-20 10:30:04,406 [INFO] ==== 运行结束 run_id=103004 ====

2026-05-20 10:40:04,019 [INFO] ==== 运行开始 run_id=104004 ====
2026-05-20 10:40:04,020 [INFO] 准备拉取 10 只股票行情: ['605006', '002342', '002709', '603601', '002256', '603757', '002453', '002149', '600330', '002156']
2026-05-20 10:40:04,315 [INFO] 行情拉取成功，返回 10 条
2026-05-20 10:40:04,316 [INFO] 今日已推送阈值数: 2
2026-05-20 10:40:04,349 [INFO] 检查完成: 检查了 28 个阈值, 跳过已推送 2 个, 本次触发 0 个
2026-05-20 10:40:04,349 [INFO] 无新警报，静默返回
2026-05-20 10:40:04,349 [INFO] ==== 运行结束 run_id=104004 ====

2026-05-20 10:50:04,047 [INFO] ==== 运行开始 run_id=105004 ====
2026-05-20 10:50:04,047 [INFO] 准备拉取 10 只股票行情: ['002256', '605006', '600330', '002709', '002453', '603601', '002156', '002342', '002149', '603757']
2026-05-20 10:50:04,324 [INFO] 行情拉取成功，返回 10 条
2026-05-20 10:50:04,326 [INFO] 今日已推送阈值数: 2
2026-05-20 10:50:04,368 [INFO] 检查完成: 检查了 28 个阈值, 跳过已推送 2 个, 本次触发 0 个
2026-05-20 10:50:04,369 [INFO] 无新警报，静默返回
2026-05-20 10:50:04,369 [INFO] ==== 运行结束 run_id=105004 ====

2026-05-20 11:00:04,141 [INFO] ==== 运行开始 run_id=110004 ====
2026-05-20 11:00:04,142 [INFO] 准备拉取 10 只股票行情: ['002149', '603601', '605006', '002342', '002156', '002709', '002453', '600330', '603757', '002256']
2026-05-20 11:00:04,401 [INFO] 行情拉取成功，返回 10 条
2026-05-20 11:00:04,403 [INFO] 今日已推送阈值数: 2
2026-05-20 11:00:04,436 [INFO] 检查完成: 检查了 28 个阈值, 跳过已推送 2 个, 本次触发 0 个
2026-05-20 11:00:04,436 [INFO] 无新警报，静默返回
2026-05-20 11:00:04,436 [INFO] ==== 运行结束 run_id=110004 ====

2026-05-20 11:10:04,223 [INFO] ==== 运行开始 run_id=111004 ====
2026-05-20 11:10:04,225 [INFO] 准备拉取 10 只股票行情: ['002256', '002453', '603757', '002149', '002156', '002709', '605006', '603601', '002342', '600330']
2026-05-20 11:10:04,621 [INFO] 行情拉取成功，返回 10 条
2026-05-20 11:10:04,623 [INFO] 今日已推送阈值数: 2
2026-05-20 11:10:04,656 [INFO] 检查完成: 检查了 28 个阈值, 跳过已推送 2 个, 本次触发 0 个
2026-05-20 11:10:04,656 [INFO] 无新警报，静默返回
2026-05-20 11:10:04,656 [INFO] ==== 运行结束 run_id=111004 ====

2026-05-20 11:20:04,672 [INFO] ==== 运行开始 run_id=112004 ====
2026-05-20 11:20:04,672 [INFO] 准备拉取 10 只股票行情: ['605006', '603601', '002453', '603757', '002709', '002156', '002149', '002256', '600330', '002342']
2026-05-20 11:20:04,929 [INFO] 行情拉取成功，返回 10 条
2026-05-20 11:20:04,930 [INFO] 今日已推送阈值数: 2
2026-05-20 11:20:04,963 [INFO] 检查完成: 检查了 28 个阈值, 跳过已推送 2 个, 本次触发 0 个
2026-05-20 11:20:04,963 [INFO] 无新警报，静默返回
2026-05-20 11:20:04,964 [INFO] ==== 运行结束 run_id=112004 ====

2026-05-20 11:30:04,251 [INFO] ==== 运行开始 run_id=113004 ====
2026-05-20 11:30:04,251 [INFO] 非交易时段，退出
2026-05-20 11:40:03,952 [INFO] ==== 运行开始 run_id=114003 ====
2026-05-20 11:40:03,952 [INFO] 非交易时段，退出
2026-05-20 11:50:04,268 [INFO] ==== 运行开始 run_id=115004 ====
2026-05-20 11:50:04,270 [INFO] 非交易时段，退出
2026-05-20 12:00:04,057 [INFO] ==== 运行开始 run_id=120004 ====
2026-05-20 12:00:04,058 [INFO] 非交易时段，退出
2026-05-20 12:10:04,097 [INFO] ==== 运行开始 run_id=121004 ====
2026-05-20 12:10:04,097 [INFO] 非交易时段，退出
2026-05-20 12:20:05,188 [INFO] ==== 运行开始 run_id=122005 ====
2026-05-20 12:20:05,190 [INFO] 非交易时段，退出
2026-05-20 12:30:04,184 [INFO] ==== 运行开始 run_id=123004 ====
2026-05-20 12:30:04,185 [INFO] 非交易时段，退出
2026-05-20 12:40:04,223 [INFO] ==== 运行开始 run_id=124004 ====
2026-05-20 12:40:04,224 [INFO] 非交易时段，退出
2026-05-20 12:50:04,179 [INFO] ==== 运行开始 run_id=125004 ====
2026-05-20 12:50:04,179 [INFO] 非交易时段，退出
2026-05-20 13:00:04,361 [INFO] ==== 运行开始 run_id=130004 ====
2026-05-20 13:00:04,362 [INFO] 准备拉取 10 只股票行情: ['603757', '002709', '600330', '002453', '002149', '605006', '002342', '002256', '603601', '002156']
2026-05-20 13:00:04,756 [INFO] 行情拉取成功，返回 10 条
2026-05-20 13:00:04,758 [INFO] 今日已推送阈值数: 2
2026-05-20 13:00:04,812 [INFO] 检查完成: 检查了 28 个阈值, 跳过已推送 2 个, 本次触发 0 个
2026-05-20 13:00:04,812 [INFO] 无新警报，静默返回
2026-05-20 13:00:04,812 [INFO] ==== 运行结束 run_id=130004 ====

2026-05-20 13:10:04,157 [INFO] ==== 运行开始 run_id=131004 ====
2026-05-20 13:10:04,157 [INFO] 准备拉取 10 只股票行情: ['603757', '002342', '002709', '600330', '002453', '002156', '603601', '002149', '002256', '605006']
2026-05-20 13:10:04,402 [INFO] 行情拉取成功，返回 10 条
2026-05-20 13:10:04,403 [INFO] 今日已推送阈值数: 2
2026-05-20 13:10:04,448 [INFO] 检查完成: 检查了 28 个阈值, 跳过已推送 2 个, 本次触发 0 个
2026-05-20 13:10:04,448 [INFO] 无新警报，静默返回
2026-05-20 13:10:04,448 [INFO] ==== 运行结束 run_id=131004 ====

2026-05-20 13:20:07,352 [INFO] ==== 运行开始 run_id=132007 ====
2026-05-20 13:20:07,352 [INFO] 准备拉取 10 只股票行情: ['002156', '603757', '002709', '605006', '002256', '600330', '002342', '002149', '002453', '603601']
2026-05-20 13:20:07,812 [INFO] 行情拉取成功，返回 10 条
2026-05-20 13:20:07,823 [INFO] 今日已推送阈值数: 2
2026-05-20 13:20:07,979 [INFO] 检查完成: 检查了 28 个阈值, 跳过已推送 2 个, 本次触发 0 个
2026-05-20 13:20:07,979 [INFO] 无新警报，静默返回
2026-05-20 13:20:07,979 [INFO] ==== 运行结束 run_id=132007 ====

2026-05-20 13:30:04,224 [INFO] ==== 运行开始 run_id=133004 ====
2026-05-20 13:30:04,225 [INFO] 准备拉取 10 只股票行情: ['605006', '002342', '603601', '002149', '603757', '002256', '002453', '002709', '600330', '002156']
2026-05-20 13:30:04,495 [INFO] 行情拉取成功，返回 10 条
2026-05-20 13:30:04,497 [INFO] 今日已推送阈值数: 2
2026-05-20 13:30:04,535 [INFO] 检查完成: 检查了 28 个阈值, 跳过已推送 2 个, 本次触发 0 个
2026-05-20 13:30:04,535 [INFO] 无新警报，静默返回
2026-05-20 13:30:04,535 [INFO] ==== 运行结束 run_id=133004 ====

2026-05-20 13:40:04,183 [INFO] ==== 运行开始 run_id=134004 ====
2026-05-20 13:40:04,183 [INFO] 准备拉取 10 只股票行情: ['002709', '600330', '605006', '002256', '002453', '002156', '002149', '603757', '002342', '603601']
2026-05-20 13:40:04,450 [INFO] 行情拉取成功，返回 10 条
2026-05-20 13:40:04,451 [INFO] 今日已推送阈值数: 2
2026-05-20 13:40:04,480 [INFO] 检查完成: 检查了 28 个阈值, 跳过已推送 2 个, 本次触发 0 个
2026-05-20 13:40:04,481 [INFO] 无新警报，静默返回
2026-05-20 13:40:04,481 [INFO] ==== 运行结束 run_id=134004 ====

2026-05-20 13:43:45,266 [INFO] ==== 运行开始 run_id=134345 ====
2026-05-20 13:43:45,266 [INFO] 准备拉取 12 只股票行情: ['600330', '002149', '002453', '002428', '002256', '600130', '603178', '605006', '603601', '002709', '002156', '603757']
2026-05-20 13:43:45,543 [INFO] 行情拉取成功，返回 12 条
2026-05-20 13:43:45,545 [INFO] 今日已推送阈值数: 2
2026-05-20 13:43:46,067 [INFO] 检查完成: 检查了 33 个阈值, 跳过已推送 2 个, 本次触发 0 个
2026-05-20 13:43:46,068 [INFO] 无新警报，静默返回
2026-05-20 13:43:46,068 [INFO] ==== 运行结束 run_id=134345 ====

2026-05-20 13:50:04,816 [INFO] ==== 运行开始 run_id=135004 ====
2026-05-20 13:50:04,816 [INFO] 准备拉取 13 只股票行情: ['600130', '002453', '603757', '600330', '002156', '002709', '603986', '603601', '605006', '002428', '603178', '002149', '002256']
2026-05-20 13:50:05,164 [INFO] 行情拉取成功，返回 13 条
2026-05-20 13:50:05,165 [INFO] 今日已推送阈值数: 2
2026-05-20 13:50:05,197 [INFO] 检查完成: 检查了 36 个阈值, 跳过已推送 2 个, 本次触发 0 个
2026-05-20 13:50:05,197 [INFO] 无新警报，静默返回
2026-05-20 13:50:05,197 [INFO] ==== 运行结束 run_id=135004 ====

2026-05-20 13:50:12,097 [INFO] ==== 运行开始 run_id=135012 ====
2026-05-20 13:50:12,097 [INFO] 准备拉取 13 只股票行情: ['603757', '603178', '600330', '002709', '002428', '002156', '603601', '603986', '002149', '605006', '002256', '002453', '600130']
2026-05-20 13:50:12,474 [INFO] 行情拉取成功，返回 13 条
2026-05-20 13:50:12,476 [INFO] 今日已推送阈值数: 2
2026-05-20 13:50:13,021 [INFO] 检查完成: 检查了 36 个阈值, 跳过已推送 2 个, 本次触发 0 个
2026-05-20 13:50:13,021 [INFO] 无新警报，静默返回
2026-05-20 13:50:13,021 [INFO] ==== 运行结束 run_id=135012 ====

2026-05-20 14:00:04,000 [INFO] ==== 运行开始 run_id=140004 ====
2026-05-20 14:00:04,001 [INFO] 准备拉取 13 只股票行情: ['600130', '603757', '600330', '605006', '603986', '002453', '603601', '002156', '002149', '002709', '002256', '002428', '603178']
2026-05-20 14:00:04,264 [INFO] 行情拉取成功，返回 13 条
2026-05-20 14:00:04,266 [INFO] 今日已推送阈值数: 2
2026-05-20 14:00:04,293 [INFO] 检查完成: 检查了 36 个阈值, 跳过已推送 2 个, 本次触发 0 个
2026-05-20 14:00:04,293 [INFO] 无新警报，静默返回
2026-05-20 14:00:04,293 [INFO] ==== 运行结束 run_id=140004 ====

2026-05-20 14:10:03,753 [INFO] ==== 运行开始 run_id=141003 ====
2026-05-20 14:10:03,753 [INFO] 准备拉取 13 只股票行情: ['603178', '002709', '603757', '603986', '002156', '002149', '600330', '600130', '605006', '002428', '603601', '002256', '002453']
2026-05-20 14:10:04,009 [INFO] 行情拉取成功，返回 13 条
2026-05-20 14:10:04,010 [INFO] 今日已推送阈值数: 2
2026-05-20 14:10:04,038 [INFO] 检查完成: 检查了 36 个阈值, 跳过已推送 2 个, 本次触发 0 个
2026-05-20 14:10:04,038 [INFO] 无新警报，静默返回
2026-05-20 14:10:04,038 [INFO] ==== 运行结束 run_id=141003 ====

2026-05-20 14:20:04,723 [INFO] ==== 运行开始 run_id=142004 ====
2026-05-20 14:20:04,724 [INFO] 准备拉取 13 只股票行情: ['603757', '603601', '603986', '002156', '002453', '600330', '002149', '605006', '603178', '600130', '002709', '002256', '002428']
2026-05-20 14:20:04,999 [INFO] 行情拉取成功，返回 13 条
2026-05-20 14:20:05,001 [INFO] 今日已推送阈值数: 2
2026-05-20 14:20:05,034 [INFO] 检查完成: 检查了 36 个阈值, 跳过已推送 2 个, 本次触发 0 个
2026-05-20 14:20:05,034 [INFO] 无新警报，静默返回
2026-05-20 14:20:05,034 [INFO] ==== 运行结束 run_id=142004 ====

2026-05-20 14:28:10,651 [INFO] ==== 运行开始 run_id=142810 ====
2026-05-20 14:28:10,652 [INFO] 准备拉取 26 只股票行情: ['002226', '002149', '002156', '002428', '000899', '600310', '603986', '605006', '601222', '600330', '002453', '600021', '000600', '600863', '601991', '002067', '001896', '603601', '301179', '002709', '603178', '600130', '603757', '603693', '301120', '002256']
2026-05-20 14:28:10,899 [INFO] 行情拉取成功，返回 26 条
2026-05-20 14:28:10,900 [INFO] 今日已推送阈值数: 2
2026-05-20 14:28:11,440 [INFO] 检查完成: 检查了 62 个阈值, 跳过已推送 2 个, 本次触发 0 个
2026-05-20 14:28:11,440 [INFO] 无新警报，静默返回
2026-05-20 14:28:11,440 [INFO] ==== 运行结束 run_id=142810 ====

2026-05-20 14:30:04,077 [INFO] ==== 运行开始 run_id=143004 ====
2026-05-20 14:30:04,078 [INFO] 准备拉取 26 只股票行情: ['002156', '001896', '601222', '603693', '600310', '002149', '605006', '002428', '603178', '603757', '002709', '002067', '000899', '601991', '600863', '603601', '600330', '600130', '301120', '002256', '002226', '000600', '301179', '002453', '603986', '600021']
2026-05-20 14:30:04,340 [INFO] 行情拉取成功，返回 26 条
2026-05-20 14:30:04,341 [INFO] 今日已推送阈值数: 2
2026-05-20 14:30:04,366 [INFO] 检查完成: 检查了 62 个阈值, 跳过已推送 2 个, 本次触发 0 个
2026-05-20 14:30:04,366 [INFO] 无新警报，静默返回
2026-05-20 14:30:04,366 [INFO] ==== 运行结束 run_id=143004 ====

2026-05-20 14:40:04,569 [INFO] ==== 运行开始 run_id=144004 ====
2026-05-20 14:40:04,569 [INFO] 准备拉取 26 只股票行情: ['601991', '603757', '600310', '002067', '002156', '002149', '600863', '002226', '600021', '603986', '301120', '603601', '600130', '001896', '601222', '301179', '000899', '600330', '605006', '603693', '002256', '000600', '603178', '002453', '002709', '002428']
2026-05-20 14:40:04,873 [INFO] 行情拉取成功，返回 26 条
2026-05-20 14:40:04,875 [INFO] 今日已推送阈值数: 2
2026-05-20 14:40:04,910 [INFO] 检查完成: 检查了 62 个阈值, 跳过已推送 2 个, 本次触发 0 个
2026-05-20 14:40:04,910 [INFO] 无新警报，静默返回
2026-05-20 14:40:04,910 [INFO] ==== 运行结束 run_id=144004 ====

2026-05-20 14:50:04,043 [INFO] ==== 运行开始 run_id=145004 ====
2026-05-20 14:50:04,044 [INFO] 准备拉取 26 只股票行情: ['603757', '001896', '002149', '000600', '002256', '605006', '600330', '002067', '601991', '002156', '600021', '301179', '002226', '603601', '002428', '002453', '603178', '301120', '603986', '600863', '600130', '002709', '603693', '601222', '000899', '600310']
2026-05-20 14:50:04,305 [INFO] 行情拉取成功，返回 26 条
2026-05-20 14:50:04,307 [INFO] 今日已推送阈值数: 2
2026-05-20 14:50:04,336 [INFO] 检查完成: 检查了 62 个阈值, 跳过已推送 2 个, 本次触发 0 个
2026-05-20 14:50:04,336 [INFO] 无新警报，静默返回
2026-05-20 14:50:04,338 [INFO] ==== 运行结束 run_id=145004 ====

2026-05-20 15:00:05,057 [INFO] ==== 运行开始 run_id=150005 ====
2026-05-20 15:00:05,057 [INFO] 非交易时段，退出
2026-05-20 15:10:04,511 [INFO] ==== 运行开始 run_id=151004 ====
2026-05-20 15:10:04,513 [INFO] 非交易时段，退出
2026-05-20 15:20:04,874 [INFO] ==== 运行开始 run_id=152004 ====
2026-05-20 15:20:04,874 [INFO] 非交易时段，退出
2026-05-20 15:30:04,342 [INFO] ==== 运行开始 run_id=153004 ====
2026-05-20 15:30:04,342 [INFO] 非交易时段，退出
2026-05-20 15:40:04,826 [INFO] ==== 运行开始 run_id=154004 ====
2026-05-20 15:40:04,826 [INFO] 非交易时段，退出
2026-05-20 15:50:04,223 [INFO] ==== 运行开始 run_id=155004 ====
2026-05-20 15:50:04,224 [INFO] 非交易时段，退出
2026-05-20 16:00:04,328 [INFO] ==== 运行开始 run_id=160004 ====
2026-05-20 16:00:04,329 [INFO] 非交易时段，退出
2026-05-20 16:10:04,117 [INFO] ==== 运行开始 run_id=161004 ====
2026-05-20 16:10:04,118 [INFO] 非交易时段，退出
2026-05-20 16:20:04,467 [INFO] ==== 运行开始 run_id=162004 ====
2026-05-20 16:20:04,469 [INFO] 非交易时段，退出
2026-05-20 16:30:04,544 [INFO] ==== 运行开始 run_id=163004 ====
2026-05-20 16:30:04,545 [INFO] 非交易时段，退出
2026-05-20 16:40:04,094 [INFO] ==== 运行开始 run_id=164004 ====
2026-05-20 16:40:04,094 [INFO] 非交易时段，退出
2026-05-20 16:50:04,478 [INFO] ==== 运行开始 run_id=165004 ====
2026-05-20 16:50:04,480 [INFO] 非交易时段，退出
2026-05-20 17:00:04,308 [INFO] ==== 运行开始 run_id=170004 ====
2026-05-20 17:00:04,308 [INFO] 非交易时段，退出
2026-05-20 17:10:04,393 [INFO] ==== 运行开始 run_id=171004 ====
2026-05-20 17:10:04,395 [INFO] 非交易时段，退出
2026-05-20 17:20:04,445 [INFO] ==== 运行开始 run_id=172004 ====
2026-05-20 17:20:04,445 [INFO] 非交易时段，退出
2026-05-20 17:30:04,412 [INFO] ==== 运行开始 run_id=173004 ====
2026-05-20 17:30:04,412 [INFO] 非交易时段，退出
2026-05-20 17:40:04,698 [INFO] ==== 运行开始 run_id=174004 ====
2026-05-20 17:40:04,699 [INFO] 非交易时段，退出
2026-05-20 17:50:04,591 [INFO] ==== 运行开始 run_id=175004 ====
2026-05-20 17:50:04,593 [INFO] 非交易时段，退出
2026-05-20 18:00:04,557 [INFO] ==== 运行开始 run_id=180004 ====
2026-05-20 18:00:04,557 [INFO] 非交易时段，退出
2026-05-20 18:10:04,631 [INFO] ==== 运行开始 run_id=181004 ====
2026-05-20 18:10:04,634 [INFO] 非交易时段，退出
2026-05-20 18:20:05,313 [INFO] ==== 运行开始 run_id=182005 ====
2026-05-20 18:20:05,313 [INFO] 非交易时段，退出
2026-05-20 18:30:04,507 [INFO] ==== 运行开始 run_id=183004 ====
2026-05-20 18:30:04,507 [INFO] 非交易时段，退出
2026-05-20 18:40:04,465 [INFO] ==== 运行开始 run_id=184004 ====
2026-05-20 18:40:04,465 [INFO] 非交易时段，退出
2026-05-20 18:50:04,539 [INFO] ==== 运行开始 run_id=185004 ====
2026-05-20 18:50:04,539 [INFO] 非交易时段，退出
2026-05-20 19:00:04,592 [INFO] ==== 运行开始 run_id=190004 ====
2026-05-20 19:00:04,592 [INFO] 非交易时段，退出
2026-05-20 19:10:04,428 [INFO] ==== 运行开始 run_id=191004 ====
2026-05-20 19:10:04,430 [INFO] 非交易时段，退出
2026-05-20 19:20:04,441 [INFO] ==== 运行开始 run_id=192004 ====
2026-05-20 19:20:04,441 [INFO] 非交易时段，退出
2026-05-20 19:30:04,382 [INFO] ==== 运行开始 run_id=193004 ====
2026-05-20 19:30:04,383 [INFO] 非交易时段，退出
2026-05-20 19:40:04,593 [INFO] ==== 运行开始 run_id=194004 ====
2026-05-20 19:40:04,593 [INFO] 非交易时段，退出
2026-05-20 19:50:04,483 [INFO] ==== 运行开始 run_id=195004 ====
2026-05-20 19:50:04,483 [INFO] 非交易时段，退出
2026-05-20 20:00:04,713 [INFO] ==== 运行开始 run_id=200004 ====
2026-05-20 20:00:04,714 [INFO] 非交易时段，退出
2026-05-20 20:10:04,571 [INFO] ==== 运行开始 run_id=201004 ====
2026-05-20 20:10:04,573 [INFO] 非交易时段，退出
2026-05-20 20:20:04,665 [INFO] ==== 运行开始 run_id=202004 ====
2026-05-20 20:20:04,665 [INFO] 非交易时段，退出
2026-05-20 20:30:04,476 [INFO] ==== 运行开始 run_id=203004 ====
2026-05-20 20:30:04,476 [INFO] 非交易时段，退出
2026-05-20 20:40:04,627 [INFO] ==== 运行开始 run_id=204004 ====
2026-05-20 20:40:04,627 [INFO] 非交易时段，退出
2026-05-20 20:50:04,725 [INFO] ==== 运行开始 run_id=205004 ====
2026-05-20 20:50:04,727 [INFO] 非交易时段，退出
2026-05-20 21:00:04,472 [INFO] ==== 运行开始 run_id=210004 ====
2026-05-20 21:00:04,473 [INFO] 非交易时段，退出
2026-05-20 21:10:04,731 [INFO] ==== 运行开始 run_id=211004 ====
2026-05-20 21:10:04,732 [INFO] 非交易时段，退出
2026-05-20 21:20:04,476 [INFO] ==== 运行开始 run_id=212004 ====
2026-05-20 21:20:04,476 [INFO] 非交易时段，退出
2026-05-20 21:30:04,638 [INFO] ==== 运行开始 run_id=213004 ====
2026-05-20 21:30:04,639 [INFO] 非交易时段，退出
2026-05-20 21:40:04,644 [INFO] ==== 运行开始 run_id=214004 ====
2026-05-20 21:40:04,644 [INFO] 非交易时段，退出
2026-05-20 21:50:04,545 [INFO] ==== 运行开始 run_id=215004 ====
2026-05-20 21:50:04,545 [INFO] 非交易时段，退出
2026-05-20 22:00:04,699 [INFO] ==== 运行开始 run_id=220004 ====
2026-05-20 22:00:04,700 [INFO] 非交易时段，退出
2026-05-20 22:10:04,698 [INFO] ==== 运行开始 run_id=221004 ====
2026-05-20 22:10:04,699 [INFO] 非交易时段，退出
2026-05-20 22:20:04,631 [INFO] ==== 运行开始 run_id=222004 ====
2026-05-20 22:20:04,632 [INFO] 非交易时段，退出
2026-05-20 22:30:04,819 [INFO] ==== 运行开始 run_id=223004 ====
2026-05-20 22:30:04,821 [INFO] 非交易时段，退出
2026-05-20 22:40:04,402 [INFO] ==== 运行开始 run_id=224004 ====
2026-05-20 22:40:04,402 [INFO] 非交易时段，退出
2026-05-20 22:50:04,850 [INFO] ==== 运行开始 run_id=225004 ====
2026-05-20 22:50:04,850 [INFO] 非交易时段，退出
2026-05-20 23:00:04,573 [INFO] ==== 运行开始 run_id=230004 ====
2026-05-20 23:00:04,577 [INFO] 非交易时段，退出
2026-05-20 23:10:04,675 [INFO] ==== 运行开始 run_id=231004 ====
2026-05-20 23:10:04,676 [INFO] 非交易时段，退出
2026-05-20 23:20:04,631 [INFO] ==== 运行开始 run_id=232004 ====
2026-05-20 23:20:04,632 [INFO] 非交易时段，退出
2026-05-20 23:30:04,630 [INFO] ==== 运行开始 run_id=233004 ====
2026-05-20 23:30:04,632 [INFO] 非交易时段，退出
2026-05-20 23:40:04,537 [INFO] ==== 运行开始 run_id=234004 ====
2026-05-20 23:40:04,537 [INFO] 非交易时段，退出
2026-05-20 23:50:04,574 [INFO] ==== 运行开始 run_id=235004 ====
2026-05-20 23:50:04,577 [INFO] 非交易时段，退出
2026-05-21 00:00:04,723 [INFO] ==== 运行开始 run_id=000004 ====
2026-05-21 00:00:04,726 [INFO] 非交易时段，退出
2026-05-21 00:10:04,790 [INFO] ==== 运行开始 run_id=001004 ====
2026-05-21 00:10:04,790 [INFO] 非交易时段，退出
2026-05-21 00:20:04,745 [INFO] ==== 运行开始 run_id=002004 ====
2026-05-21 00:20:04,747 [INFO] 非交易时段，退出
2026-05-21 00:30:04,919 [INFO] ==== 运行开始 run_id=003004 ====
2026-05-21 00:30:04,920 [INFO] 非交易时段，退出
2026-05-21 00:40:04,745 [INFO] ==== 运行开始 run_id=004004 ====
2026-05-21 00:40:04,745 [INFO] 非交易时段，退出
2026-05-21 00:50:03,684 [INFO] ==== 运行开始 run_id=005003 ====
2026-05-21 00:50:03,686 [INFO] 非交易时段，退出
2026-05-21 01:00:03,714 [INFO] ==== 运行开始 run_id=010003 ====
2026-05-21 01:00:03,714 [INFO] 非交易时段，退出
2026-05-21 01:10:03,834 [INFO] ==== 运行开始 run_id=011003 ====
2026-05-21 01:10:03,834 [INFO] 非交易时段，退出
2026-05-21 01:20:03,637 [INFO] ==== 运行开始 run_id=012003 ====
2026-05-21 01:20:03,638 [INFO] 非交易时段，退出
2026-05-21 01:30:03,771 [INFO] ==== 运行开始 run_id=013003 ====
2026-05-21 01:30:03,773 [INFO] 非交易时段，退出
2026-05-21 01:40:03,821 [INFO] ==== 运行开始 run_id=014003 ====
2026-05-21 01:40:03,821 [INFO] 非交易时段，退出
2026-05-21 01:50:03,682 [INFO] ==== 运行开始 run_id=015003 ====
2026-05-21 01:50:03,683 [INFO] 非交易时段，退出
2026-05-21 02:00:03,867 [INFO] ==== 运行开始 run_id=020003 ====
2026-05-21 02:00:03,868 [INFO] 非交易时段，退出
2026-05-21 02:10:03,645 [INFO] ==== 运行开始 run_id=021003 ====
2026-05-21 02:10:03,645 [INFO] 非交易时段，退出
2026-05-21 02:20:03,797 [INFO] ==== 运行开始 run_id=022003 ====
2026-05-21 02:20:03,798 [INFO] 非交易时段，退出
2026-05-21 02:30:03,705 [INFO] ==== 运行开始 run_id=023003 ====
2026-05-21 02:30:03,705 [INFO] 非交易时段，退出
2026-05-21 02:40:03,885 [INFO] ==== 运行开始 run_id=024003 ====
2026-05-21 02:40:03,885 [INFO] 非交易时段，退出
2026-05-21 02:50:03,991 [INFO] ==== 运行开始 run_id=025003 ====
2026-05-21 02:50:03,991 [INFO] 非交易时段，退出
2026-05-21 03:00:03,812 [INFO] ==== 运行开始 run_id=030003 ====
2026-05-21 03:00:03,814 [INFO] 非交易时段，退出
2026-05-21 03:10:03,966 [INFO] ==== 运行开始 run_id=031003 ====
2026-05-21 03:10:03,966 [INFO] 非交易时段，退出
2026-05-21 03:20:03,837 [INFO] ==== 运行开始 run_id=032003 ====
2026-05-21 03:20:03,839 [INFO] 非交易时段，退出
2026-05-21 03:30:03,863 [INFO] ==== 运行开始 run_id=033003 ====
2026-05-21 03:30:03,864 [INFO] 非交易时段，退出
2026-05-21 03:40:03,751 [INFO] ==== 运行开始 run_id=034003 ====
2026-05-21 03:40:03,752 [INFO] 非交易时段，退出
2026-05-21 03:50:03,818 [INFO] ==== 运行开始 run_id=035003 ====
2026-05-21 03:50:03,818 [INFO] 非交易时段，退出
2026-05-21 04:00:04,267 [INFO] ==== 运行开始 run_id=040004 ====
2026-05-21 04:00:04,267 [INFO] 非交易时段，退出
2026-05-21 04:10:03,821 [INFO] ==== 运行开始 run_id=041003 ====
2026-05-21 04:10:03,821 [INFO] 非交易时段，退出
2026-05-21 04:20:04,492 [INFO] ==== 运行开始 run_id=042004 ====
2026-05-21 04:20:04,493 [INFO] 非交易时段，退出
2026-05-21 04:30:03,774 [INFO] ==== 运行开始 run_id=043003 ====
2026-05-21 04:30:03,776 [INFO] 非交易时段，退出
2026-05-21 04:40:03,864 [INFO] ==== 运行开始 run_id=044003 ====
2026-05-21 04:40:03,864 [INFO] 非交易时段，退出
2026-05-21 04:50:04,044 [INFO] ==== 运行开始 run_id=045004 ====
2026-05-21 04:50:04,046 [INFO] 非交易时段，退出
2026-05-21 05:00:03,712 [INFO] ==== 运行开始 run_id=050003 ====
2026-05-21 05:00:03,713 [INFO] 非交易时段，退出
2026-05-21 05:10:04,030 [INFO] ==== 运行开始 run_id=051004 ====
2026-05-21 05:10:04,031 [INFO] 非交易时段，退出
2026-05-21 05:20:03,901 [INFO] ==== 运行开始 run_id=052003 ====
2026-05-21 05:20:03,902 [INFO] 非交易时段，退出
2026-05-21 05:30:04,031 [INFO] ==== 运行开始 run_id=053004 ====
2026-05-21 05:30:04,033 [INFO] 非交易时段，退出
2026-05-21 05:40:03,977 [INFO] ==== 运行开始 run_id=054003 ====
2026-05-21 05:40:03,977 [INFO] 非交易时段，退出
2026-05-21 05:50:03,970 [INFO] ==== 运行开始 run_id=055003 ====
2026-05-21 05:50:03,971 [INFO] 非交易时段，退出
2026-05-21 06:00:04,067 [INFO] ==== 运行开始 run_id=060004 ====
2026-05-21 06:00:04,068 [INFO] 非交易时段，退出
2026-05-21 06:10:03,932 [INFO] ==== 运行开始 run_id=061003 ====
2026-05-21 06:10:03,932 [INFO] 非交易时段，退出
2026-05-21 06:20:04,063 [INFO] ==== 运行开始 run_id=062004 ====
2026-05-21 06:20:04,064 [INFO] 非交易时段，退出
2026-05-21 06:30:03,954 [INFO] ==== 运行开始 run_id=063003 ====
2026-05-21 06:30:03,956 [INFO] 非交易时段，退出
2026-05-21 06:40:04,033 [INFO] ==== 运行开始 run_id=064004 ====
2026-05-21 06:40:04,033 [INFO] 非交易时段，退出
2026-05-21 06:50:03,920 [INFO] ==== 运行开始 run_id=065003 ====
2026-05-21 06:50:03,920 [INFO] 非交易时段，退出
2026-05-21 07:00:04,055 [INFO] ==== 运行开始 run_id=070004 ====
2026-05-21 07:00:04,057 [INFO] 非交易时段，退出
2026-05-21 07:10:03,961 [INFO] ==== 运行开始 run_id=071003 ====
2026-05-21 07:10:03,962 [INFO] 非交易时段，退出
2026-05-21 07:20:04,219 [INFO] ==== 运行开始 run_id=072004 ====
2026-05-21 07:20:04,219 [INFO] 非交易时段，退出
2026-05-21 07:30:03,985 [INFO] ==== 运行开始 run_id=073003 ====
2026-05-21 07:30:03,986 [INFO] 非交易时段，退出
2026-05-21 07:40:04,173 [INFO] ==== 运行开始 run_id=074004 ====
2026-05-21 07:40:04,173 [INFO] 非交易时段，退出
2026-05-21 07:50:04,101 [INFO] ==== 运行开始 run_id=075004 ====
2026-05-21 07:50:04,102 [INFO] 非交易时段，退出
2026-05-21 08:00:04,135 [INFO] ==== 运行开始 run_id=080004 ====
2026-05-21 08:00:04,135 [INFO] 非交易时段，退出
2026-05-21 08:10:04,051 [INFO] ==== 运行开始 run_id=081004 ====
2026-05-21 08:10:04,051 [INFO] 非交易时段，退出
2026-05-21 08:20:03,993 [INFO] ==== 运行开始 run_id=082003 ====
2026-05-21 08:20:03,993 [INFO] 非交易时段，退出
2026-05-21 08:30:03,070 [INFO] ==== 运行开始 run_id=083003 ====
2026-05-21 08:30:03,071 [INFO] 非交易时段，退出
2026-05-21 08:40:03,242 [INFO] ==== 运行开始 run_id=084003 ====
2026-05-21 08:40:03,242 [INFO] 非交易时段，退出
2026-05-21 08:50:04,238 [INFO] ==== 运行开始 run_id=085004 ====
2026-05-21 08:50:04,238 [INFO] 非交易时段，退出
2026-05-21 09:00:03,462 [INFO] ==== 运行开始 run_id=090003 ====
2026-05-21 09:00:03,464 [INFO] 非交易时段，退出
2026-05-21 09:10:04,303 [INFO] ==== 运行开始 run_id=091004 ====
2026-05-21 09:10:04,303 [INFO] 非交易时段，退出
2026-05-21 09:20:04,146 [INFO] ==== 运行开始 run_id=092004 ====
2026-05-21 09:20:04,146 [INFO] 非交易时段，退出
2026-05-21 09:30:04,393 [INFO] ==== 运行开始 run_id=093004 ====
2026-05-21 09:30:04,393 [INFO] 准备拉取 10 只股票行情: ['600330', '002156', '002149', '002256', '002342', '603601', '002709', '603757', '002453', '605006']
2026-05-21 09:30:04,697 [INFO] 行情拉取成功，返回 10 条
2026-05-21 09:30:04,699 [INFO] 今日已推送阈值数: 0
2026-05-21 09:30:04,735 [INFO] 检查完成: 检查了 30 个阈值, 跳过已推送 0 个, 本次触发 0 个
2026-05-21 09:30:04,735 [INFO] 无新警报，静默返回
2026-05-21 09:30:04,735 [INFO] ==== 运行结束 run_id=093004 ====

2026-05-21 09:40:04,261 [INFO] ==== 运行开始 run_id=094004 ====
2026-05-21 09:40:04,263 [INFO] 准备拉取 10 只股票行情: ['603757', '605006', '002342', '002256', '002709', '600330', '603601', '002156', '002149', '002453']
2026-05-21 09:40:04,545 [INFO] 行情拉取成功，返回 10 条
2026-05-21 09:40:04,546 [INFO] 今日已推送阈值数: 0
2026-05-21 09:40:04,585 [INFO] 检查完成: 检查了 30 个阈值, 跳过已推送 0 个, 本次触发 0 个
2026-05-21 09:40:04,585 [INFO] 无新警报，静默返回
2026-05-21 09:40:04,585 [INFO] ==== 运行结束 run_id=094004 ====

2026-05-21 09:50:05,310 [INFO] ==== 运行开始 run_id=095005 ====
2026-05-21 09:50:05,337 [INFO] 准备拉取 10 只股票行情: ['002149', '605006', '002709', '002156', '603757', '002256', '600330', '002342', '603601', '002453']
2026-05-21 09:50:05,642 [INFO] 行情拉取成功，返回 10 条
2026-05-21 09:50:05,643 [INFO] 今日已推送阈值数: 0
2026-05-21 09:50:05,685 [INFO] 检查完成: 检查了 30 个阈值, 跳过已推送 0 个, 本次触发 0 个
2026-05-21 09:50:05,688 [INFO] 无新警报，静默返回
2026-05-21 09:50:05,688 [INFO] ==== 运行结束 run_id=095005 ====

2026-05-21 10:00:04,197 [INFO] ==== 运行开始 run_id=100004 ====
2026-05-21 10:00:04,197 [INFO] 准备拉取 10 只股票行情: ['002156', '002256', '603601', '605006', '002453', '603757', '002342', '002709', '002149', '600330']
2026-05-21 10:00:04,539 [INFO] 行情拉取成功，返回 10 条
2026-05-21 10:00:04,541 [INFO] 今日已推送阈值数: 0
2026-05-21 10:00:04,572 [INFO] 检查完成: 检查了 30 个阈值, 跳过已推送 0 个, 本次触发 0 个
2026-05-21 10:00:04,572 [INFO] 无新警报，静默返回
2026-05-21 10:00:04,572 [INFO] ==== 运行结束 run_id=100004 ====

2026-05-21 10:10:04,403 [INFO] ==== 运行开始 run_id=101004 ====
2026-05-21 10:10:04,404 [INFO] 准备拉取 10 只股票行情: ['603757', '002156', '603601', '002256', '002453', '600330', '002149', '605006', '002709', '002342']
2026-05-21 10:10:04,678 [INFO] 行情拉取成功，返回 10 条
2026-05-21 10:10:04,680 [INFO] 今日已推送阈值数: 0
2026-05-21 10:10:04,714 [INFO] 检查完成: 检查了 30 个阈值, 跳过已推送 0 个, 本次触发 0 个
2026-05-21 10:10:04,714 [INFO] 无新警报，静默返回
2026-05-21 10:10:04,714 [INFO] ==== 运行结束 run_id=101004 ====

2026-05-21 10:20:04,172 [INFO] ==== 运行开始 run_id=102004 ====
2026-05-21 10:20:04,173 [INFO] 准备拉取 10 只股票行情: ['600330', '002342', '002453', '603601', '002709', '002156', '605006', '603757', '002149', '002256']
2026-05-21 10:20:04,414 [INFO] 行情拉取成功，返回 10 条
2026-05-21 10:20:04,415 [INFO] 今日已推送阈值数: 0
2026-05-21 10:20:04,445 [INFO] 检查完成: 检查了 30 个阈值, 跳过已推送 0 个, 本次触发 0 个
2026-05-21 10:20:04,445 [INFO] 无新警报，静默返回
2026-05-21 10:20:04,445 [INFO] ==== 运行结束 run_id=102004 ====

2026-05-21 10:30:04,252 [INFO] ==== 运行开始 run_id=103004 ====
2026-05-21 10:30:04,252 [INFO] 准备拉取 10 只股票行情: ['603757', '600330', '002156', '002256', '002149', '002709', '603601', '605006', '002342', '002453']
2026-05-21 10:30:04,734 [INFO] 行情拉取成功，返回 10 条
2026-05-21 10:30:04,735 [INFO] 今日已推送阈值数: 0
2026-05-21 10:30:04,773 [INFO] 检查完成: 检查了 30 个阈值, 跳过已推送 0 个, 本次触发 0 个
2026-05-21 10:30:04,773 [INFO] 无新警报，静默返回
2026-05-21 10:30:04,773 [INFO] ==== 运行结束 run_id=103004 ====

2026-05-21 10:40:04,186 [INFO] ==== 运行开始 run_id=104004 ====
2026-05-21 10:40:04,186 [INFO] 准备拉取 10 只股票行情: ['002156', '002149', '605006', '600330', '002453', '002709', '603601', '002342', '603757', '002256']
2026-05-21 10:40:04,450 [INFO] 行情拉取成功，返回 10 条
2026-05-21 10:40:04,451 [INFO] 今日已推送阈值数: 0
2026-05-21 10:40:04,482 [INFO] 检查完成: 检查了 30 个阈值, 跳过已推送 0 个, 本次触发 0 个
2026-05-21 10:40:04,482 [INFO] 无新警报，静默返回
2026-05-21 10:40:04,482 [INFO] ==== 运行结束 run_id=104004 ====

2026-05-21 10:50:04,614 [INFO] ==== 运行开始 run_id=105004 ====
2026-05-21 10:50:04,614 [INFO] 准备拉取 10 只股票行情: ['002256', '002342', '600330', '002149', '603757', '002709', '603601', '002156', '605006', '002453']
2026-05-21 10:50:04,864 [INFO] 行情拉取成功，返回 10 条
2026-05-21 10:50:04,866 [INFO] 今日已推送阈值数: 0
2026-05-21 10:50:04,901 [INFO] 检查完成: 检查了 30 个阈值, 跳过已推送 0 个, 本次触发 0 个
2026-05-21 10:50:04,901 [INFO] 无新警报，静默返回
2026-05-21 10:50:04,901 [INFO] ==== 运行结束 run_id=105004 ====

2026-05-22 12:50:30,647 [INFO] ==== 运行开始 run_id=125030 ====
2026-05-22 12:50:30,647 [INFO] 非交易时段，退出
2026-05-22 13:00:03,971 [INFO] ==== 运行开始 run_id=130003 ====
2026-05-22 13:00:03,973 [INFO] 准备拉取 8 只股票行情: ['002453', '002709', '605006', '603601', '002156', '603757', '600330', '002149']
2026-05-22 13:00:04,209 [INFO] 行情拉取成功，返回 8 条
2026-05-22 13:00:04,251 [INFO] 今日已推送阈值数: 0
2026-05-22 13:00:04,261 [INFO] 检查完成: 检查了 23 个阈值, 跳过已推送 0 个, 本次触发 0 个
2026-05-22 13:00:04,261 [INFO] 无新警报，静默返回
2026-05-22 13:00:04,261 [INFO] ==== 运行结束 run_id=130003 ====

2026-05-22 13:10:03,851 [INFO] ==== 运行开始 run_id=131003 ====
2026-05-22 13:10:03,853 [INFO] 准备拉取 8 只股票行情: ['603601', '600330', '605006', '002156', '002453', '002709', '002149', '603757']
2026-05-22 13:10:04,119 [INFO] 行情拉取成功，返回 8 条
2026-05-22 13:10:04,120 [INFO] 今日已推送阈值数: 0
2026-05-22 13:10:04,131 [INFO] 检查完成: 检查了 23 个阈值, 跳过已推送 0 个, 本次触发 0 个
2026-05-22 13:10:04,131 [INFO] 无新警报，静默返回
2026-05-22 13:10:04,131 [INFO] ==== 运行结束 run_id=131003 ====

2026-05-22 13:20:03,968 [INFO] ==== 运行开始 run_id=132003 ====
2026-05-22 13:20:03,969 [INFO] 准备拉取 8 只股票行情: ['002453', '603601', '605006', '600330', '002156', '603757', '002709', '002149']
2026-05-22 13:20:04,237 [INFO] 行情拉取成功，返回 8 条
2026-05-22 13:20:04,239 [INFO] 今日已推送阈值数: 0
2026-05-22 13:20:04,247 [INFO] 检查完成: 检查了 23 个阈值, 跳过已推送 0 个, 本次触发 0 个
2026-05-22 13:20:04,247 [INFO] 无新警报，静默返回
2026-05-22 13:20:04,247 [INFO] ==== 运行结束 run_id=132003 ====

2026-05-22 13:30:04,082 [INFO] ==== 运行开始 run_id=133004 ====
2026-05-22 13:30:04,083 [INFO] 准备拉取 8 只股票行情: ['002453', '603601', '002709', '605006', '002156', '600330', '002149', '603757']
2026-05-22 13:30:04,387 [INFO] 行情拉取成功，返回 8 条
2026-05-22 13:30:04,389 [INFO] 今日已推送阈值数: 0
2026-05-22 13:30:04,397 [INFO] 检查完成: 检查了 23 个阈值, 跳过已推送 0 个, 本次触发 0 个
2026-05-22 13:30:04,397 [INFO] 无新警报，静默返回
2026-05-22 13:30:04,397 [INFO] ==== 运行结束 run_id=133004 ====

2026-05-22 13:40:03,702 [INFO] ==== 运行开始 run_id=134003 ====
2026-05-22 13:40:03,702 [INFO] 准备拉取 8 只股票行情: ['600330', '603757', '002709', '002453', '002156', '603601', '002149', '605006']
2026-05-22 13:40:03,956 [INFO] 行情拉取成功，返回 8 条
2026-05-22 13:40:03,959 [INFO] 今日已推送阈值数: 0
2026-05-22 13:40:03,968 [INFO] 检查完成: 检查了 23 个阈值, 跳过已推送 0 个, 本次触发 0 个
2026-05-22 13:40:03,968 [INFO] 无新警报，静默返回
2026-05-22 13:40:03,968 [INFO] ==== 运行结束 run_id=134003 ====

2026-05-22 13:50:04,113 [INFO] ==== 运行开始 run_id=135004 ====
2026-05-22 13:50:04,114 [INFO] 准备拉取 8 只股票行情: ['605006', '600330', '002709', '603757', '002453', '603601', '002156', '002149']
2026-05-22 13:50:04,372 [INFO] 行情拉取成功，返回 8 条
2026-05-22 13:50:04,373 [INFO] 今日已推送阈值数: 0
2026-05-22 13:50:04,383 [INFO] 检查完成: 检查了 23 个阈值, 跳过已推送 0 个, 本次触发 0 个
2026-05-22 13:50:04,383 [INFO] 无新警报，静默返回
2026-05-22 13:50:04,383 [INFO] ==== 运行结束 run_id=135004 ====

2026-05-22 14:00:04,183 [INFO] ==== 运行开始 run_id=140004 ====
2026-05-22 14:00:04,183 [INFO] 准备拉取 8 只股票行情: ['002149', '603757', '002453', '002709', '603601', '605006', '600330', '002156']
2026-05-22 14:00:04,470 [INFO] 行情拉取成功，返回 8 条
2026-05-22 14:00:04,471 [INFO] 今日已推送阈值数: 0
2026-05-22 14:00:04,481 [INFO] 检查完成: 检查了 23 个阈值, 跳过已推送 0 个, 本次触发 0 个
2026-05-22 14:00:04,481 [INFO] 无新警报，静默返回
2026-05-22 14:00:04,481 [INFO] ==== 运行结束 run_id=140004 ====

2026-05-22 14:10:03,719 [INFO] ==== 运行开始 run_id=141003 ====
2026-05-22 14:10:03,720 [INFO] 准备拉取 8 只股票行情: ['603601', '002156', '603757', '002453', '002709', '605006', '600330', '002149']
2026-05-22 14:10:03,967 [INFO] 行情拉取成功，返回 8 条
2026-05-22 14:10:03,968 [INFO] 今日已推送阈值数: 0
2026-05-22 14:10:03,977 [INFO] 检查完成: 检查了 23 个阈值, 跳过已推送 0 个, 本次触发 0 个
2026-05-22 14:10:03,977 [INFO] 无新警报，静默返回
2026-05-22 14:10:03,977 [INFO] ==== 运行结束 run_id=141003 ====

2026-05-22 14:20:03,664 [INFO] ==== 运行开始 run_id=142003 ====
2026-05-22 14:20:03,666 [INFO] 准备拉取 11 只股票行情: ['002453', '002156', '002709', '605006', '603757', '000725', '600309', '603601', '600330', '601728', '002149']
2026-05-22 14:20:03,918 [INFO] 行情拉取成功，返回 11 条
2026-05-22 14:20:03,920 [INFO] 今日已推送阈值数: 0
2026-05-22 14:20:03,928 [INFO] 检查完成: 检查了 29 个阈值, 跳过已推送 0 个, 本次触发 0 个
2026-05-22 14:20:03,928 [INFO] 无新警报，静默返回
2026-05-22 14:20:03,928 [INFO] ==== 运行结束 run_id=142003 ====

2026-05-22 14:30:03,844 [INFO] ==== 运行开始 run_id=143003 ====
2026-05-22 14:30:03,844 [INFO] 准备拉取 11 只股票行情: ['600330', '002156', '603601', '603757', '002453', '600309', '002149', '002709', '000725', '605006', '601728']
2026-05-22 14:30:04,093 [INFO] 行情拉取成功，返回 11 条
2026-05-22 14:30:04,095 [INFO] 今日已推送阈值数: 0
2026-05-22 14:30:04,105 [INFO] 检查完成: 检查了 29 个阈值, 跳过已推送 0 个, 本次触发 0 个
2026-05-22 14:30:04,107 [INFO] 无新警报，静默返回
2026-05-22 14:30:04,107 [INFO] ==== 运行结束 run_id=143003 ====

2026-05-22 14:40:03,900 [INFO] ==== 运行开始 run_id=144003 ====
2026-05-22 14:40:03,901 [INFO] 准备拉取 11 只股票行情: ['600309', '600330', '603601', '601728', '002453', '000725', '002709', '002156', '603757', '002149', '605006']
2026-05-22 14:40:04,151 [INFO] 行情拉取成功，返回 11 条
2026-05-22 14:40:04,153 [INFO] 今日已推送阈值数: 0
2026-05-22 14:40:04,162 [INFO] 检查完成: 检查了 29 个阈值, 跳过已推送 0 个, 本次触发 0 个
2026-05-22 14:40:04,162 [INFO] 无新警报，静默返回
2026-05-22 14:40:04,162 [INFO] ==== 运行结束 run_id=144003 ====

2026-05-22 14:50:04,142 [INFO] ==== 运行开始 run_id=145004 ====
2026-05-22 14:50:04,143 [INFO] 准备拉取 11 只股票行情: ['603757', '603601', '600309', '002453', '002156', '002709', '002149', '601728', '605006', '600330', '000725']
2026-05-22 14:50:04,406 [INFO] 行情拉取成功，返回 11 条
2026-05-22 14:50:04,408 [INFO] 今日已推送阈值数: 0
2026-05-22 14:50:04,418 [INFO] 检查完成: 检查了 29 个阈值, 跳过已推送 0 个, 本次触发 0 个
2026-05-22 14:50:04,418 [INFO] 无新警报，静默返回
2026-05-22 14:50:04,418 [INFO] ==== 运行结束 run_id=145004 ====

2026-05-22 15:00:03,982 [INFO] ==== 运行开始 run_id=150003 ====
2026-05-22 15:00:03,983 [INFO] 非交易时段，退出
2026-05-22 15:10:05,039 [INFO] ==== 运行开始 run_id=151005 ====
2026-05-22 15:10:05,039 [INFO] 非交易时段，退出
2026-05-22 15:20:03,751 [INFO] ==== 运行开始 run_id=152003 ====
2026-05-22 15:20:03,751 [INFO] 非交易时段，退出
2026-05-22 15:30:04,302 [INFO] ==== 运行开始 run_id=153004 ====
2026-05-22 15:30:04,302 [INFO] 非交易时段，退出
2026-05-22 15:40:03,949 [INFO] ==== 运行开始 run_id=154003 ====
2026-05-22 15:40:03,949 [INFO] 非交易时段，退出
2026-05-22 15:50:03,934 [INFO] ==== 运行开始 run_id=155003 ====
2026-05-22 15:50:03,934 [INFO] 非交易时段，退出
2026-05-22 16:00:03,967 [INFO] ==== 运行开始 run_id=160003 ====
2026-05-22 16:00:03,967 [INFO] 非交易时段，退出
2026-05-22 16:10:03,906 [INFO] ==== 运行开始 run_id=161003 ====
2026-05-22 16:10:03,906 [INFO] 非交易时段，退出
2026-05-22 16:20:04,028 [INFO] ==== 运行开始 run_id=162004 ====
2026-05-22 16:20:04,028 [INFO] 非交易时段，退出
2026-05-22 16:30:03,841 [INFO] ==== 运行开始 run_id=163003 ====
2026-05-22 16:30:03,841 [INFO] 非交易时段，退出
2026-05-22 16:40:03,964 [INFO] ==== 运行开始 run_id=164003 ====
2026-05-22 16:40:03,965 [INFO] 非交易时段，退出
2026-05-22 16:50:03,777 [INFO] ==== 运行开始 run_id=165003 ====
2026-05-22 16:50:03,777 [INFO] 非交易时段，退出
2026-05-22 17:00:04,108 [INFO] ==== 运行开始 run_id=170004 ====
2026-05-22 17:00:04,109 [INFO] 非交易时段，退出
2026-05-22 17:10:04,000 [INFO] ==== 运行开始 run_id=171004 ====
2026-05-22 17:10:04,000 [INFO] 非交易时段，退出
2026-05-22 17:20:04,234 [INFO] ==== 运行开始 run_id=172004 ====
2026-05-22 17:20:04,236 [INFO] 非交易时段，退出
2026-05-22 17:30:04,737 [INFO] ==== 运行开始 run_id=173004 ====
2026-05-22 17:30:04,740 [INFO] 非交易时段，退出
2026-05-22 17:40:04,002 [INFO] ==== 运行开始 run_id=174004 ====
2026-05-22 17:40:04,003 [INFO] 非交易时段，退出
2026-05-22 17:50:04,169 [INFO] ==== 运行开始 run_id=175004 ====
2026-05-22 17:50:04,169 [INFO] 非交易时段，退出
2026-05-22 18:00:04,223 [INFO] ==== 运行开始 run_id=180004 ====
2026-05-22 18:00:04,224 [INFO] 非交易时段，退出
2026-05-22 18:10:03,943 [INFO] ==== 运行开始 run_id=181003 ====
2026-05-22 18:10:03,944 [INFO] 非交易时段，退出
2026-05-22 18:20:03,988 [INFO] ==== 运行开始 run_id=182003 ====
2026-05-22 18:20:03,989 [INFO] 非交易时段，退出
2026-05-22 18:30:04,158 [INFO] ==== 运行开始 run_id=183004 ====
2026-05-22 18:30:04,160 [INFO] 非交易时段，退出
2026-05-22 18:40:04,131 [INFO] ==== 运行开始 run_id=184004 ====
2026-05-22 18:40:04,131 [INFO] 非交易时段，退出
2026-05-22 18:50:03,963 [INFO] ==== 运行开始 run_id=185003 ====
2026-05-22 18:50:03,964 [INFO] 非交易时段，退出
2026-05-22 19:00:04,376 [INFO] ==== 运行开始 run_id=190004 ====
2026-05-22 19:00:04,376 [INFO] 非交易时段，退出
2026-05-22 19:10:04,170 [INFO] ==== 运行开始 run_id=191004 ====
2026-05-22 19:10:04,170 [INFO] 非交易时段，退出
2026-05-22 19:20:04,097 [INFO] ==== 运行开始 run_id=192004 ====
2026-05-22 19:20:04,098 [INFO] 非交易时段，退出
2026-05-22 19:30:04,014 [INFO] ==== 运行开始 run_id=193004 ====
2026-05-22 19:30:04,014 [INFO] 非交易时段，退出
2026-05-22 19:40:04,353 [INFO] ==== 运行开始 run_id=194004 ====
2026-05-22 19:40:04,353 [INFO] 非交易时段，退出
2026-05-22 19:50:04,285 [INFO] ==== 运行开始 run_id=195004 ====
2026-05-22 19:50:04,285 [INFO] 非交易时段，退出
2026-05-22 20:00:04,235 [INFO] ==== 运行开始 run_id=200004 ====
2026-05-22 20:00:04,236 [INFO] 非交易时段，退出
2026-05-22 20:10:04,104 [INFO] ==== 运行开始 run_id=201004 ====
2026-05-22 20:10:04,105 [INFO] 非交易时段，退出
2026-05-22 20:20:04,247 [INFO] ==== 运行开始 run_id=202004 ====
2026-05-22 20:20:04,248 [INFO] 非交易时段，退出
2026-05-22 20:30:04,224 [INFO] ==== 运行开始 run_id=203004 ====
2026-05-22 20:30:04,225 [INFO] 非交易时段，退出
2026-05-22 20:40:04,306 [INFO] ==== 运行开始 run_id=204004 ====
2026-05-22 20:40:04,308 [INFO] 非交易时段，退出
2026-05-22 20:50:04,030 [INFO] ==== 运行开始 run_id=205004 ====
2026-05-22 20:50:04,031 [INFO] 非交易时段，退出
2026-05-22 21:00:04,195 [INFO] ==== 运行开始 run_id=210004 ====
2026-05-22 21:00:04,195 [INFO] 非交易时段，退出
2026-05-22 21:10:04,320 [INFO] ==== 运行开始 run_id=211004 ====
2026-05-22 21:10:04,321 [INFO] 非交易时段，退出
2026-05-22 21:20:04,073 [INFO] ==== 运行开始 run_id=212004 ====
2026-05-22 21:20:04,073 [INFO] 非交易时段，退出
2026-05-22 21:30:04,290 [INFO] ==== 运行开始 run_id=213004 ====
2026-05-22 21:30:04,292 [INFO] 非交易时段，退出
2026-05-22 21:40:04,241 [INFO] ==== 运行开始 run_id=214004 ====
2026-05-22 21:40:04,241 [INFO] 非交易时段，退出
2026-05-22 21:50:04,355 [INFO] ==== 运行开始 run_id=215004 ====
2026-05-22 21:50:04,356 [INFO] 非交易时段，退出
2026-05-22 22:00:04,446 [INFO] ==== 运行开始 run_id=220004 ====
2026-05-22 22:00:04,447 [INFO] 非交易时段，退出
2026-05-22 22:10:04,333 [INFO] ==== 运行开始 run_id=221004 ====
2026-05-22 22:10:04,333 [INFO] 非交易时段，退出
2026-05-22 22:20:04,236 [INFO] ==== 运行开始 run_id=222004 ====
2026-05-22 22:20:04,236 [INFO] 非交易时段，退出
2026-05-22 22:30:04,114 [INFO] ==== 运行开始 run_id=223004 ====
2026-05-22 22:30:04,115 [INFO] 非交易时段，退出
2026-05-22 22:40:04,452 [INFO] ==== 运行开始 run_id=224004 ====
2026-05-22 22:40:04,454 [INFO] 非交易时段，退出
2026-05-22 22:50:04,112 [INFO] ==== 运行开始 run_id=225004 ====
2026-05-22 22:50:04,113 [INFO] 非交易时段，退出
2026-05-22 23:00:04,348 [INFO] ==== 运行开始 run_id=230004 ====
2026-05-22 23:00:04,349 [INFO] 非交易时段，退出
2026-05-22 23:10:04,260 [INFO] ==== 运行开始 run_id=231004 ====
2026-05-22 23:10:04,260 [INFO] 非交易时段，退出
2026-05-22 23:20:04,318 [INFO] ==== 运行开始 run_id=232004 ====
2026-05-22 23:20:04,318 [INFO] 非交易时段，退出
2026-05-22 23:30:04,231 [INFO] ==== 运行开始 run_id=233004 ====
2026-05-22 23:30:04,232 [INFO] 非交易时段，退出
2026-05-22 23:40:04,793 [INFO] ==== 运行开始 run_id=234004 ====
2026-05-22 23:40:04,794 [INFO] 非交易时段，退出
2026-05-22 23:50:04,275 [INFO] ==== 运行开始 run_id=235004 ====
2026-05-22 23:50:04,275 [INFO] 非交易时段，退出
2026-05-23 00:00:04,284 [INFO] ==== 运行开始 run_id=000004 ====
2026-05-23 00:00:04,285 [INFO] 非交易时段，退出
2026-05-23 00:10:04,261 [INFO] ==== 运行开始 run_id=001004 ====
2026-05-23 00:10:04,261 [INFO] 非交易时段，退出
2026-05-23 00:20:04,352 [INFO] ==== 运行开始 run_id=002004 ====
2026-05-23 00:20:04,352 [INFO] 非交易时段，退出
2026-05-23 00:30:04,170 [INFO] ==== 运行开始 run_id=003004 ====
2026-05-23 00:30:04,170 [INFO] 非交易时段，退出
2026-05-23 00:40:04,359 [INFO] ==== 运行开始 run_id=004004 ====
2026-05-23 00:40:04,360 [INFO] 非交易时段，退出
2026-05-23 00:50:04,180 [INFO] ==== 运行开始 run_id=005004 ====
2026-05-23 00:50:04,180 [INFO] 非交易时段，退出
2026-05-23 01:00:04,232 [INFO] ==== 运行开始 run_id=010004 ====
2026-05-23 01:00:04,232 [INFO] 非交易时段，退出
2026-05-23 01:10:04,512 [INFO] ==== 运行开始 run_id=011004 ====
2026-05-23 01:10:04,512 [INFO] 非交易时段，退出
2026-05-23 01:20:04,379 [INFO] ==== 运行开始 run_id=012004 ====
2026-05-23 01:20:04,379 [INFO] 非交易时段，退出
2026-05-23 01:30:04,203 [INFO] ==== 运行开始 run_id=013004 ====
2026-05-23 01:30:04,204 [INFO] 非交易时段，退出
2026-05-23 01:40:04,296 [INFO] ==== 运行开始 run_id=014004 ====
2026-05-23 01:40:04,296 [INFO] 非交易时段，退出
2026-05-23 01:50:04,328 [INFO] ==== 运行开始 run_id=015004 ====
2026-05-23 01:50:04,328 [INFO] 非交易时段，退出
2026-05-23 02:00:04,269 [INFO] ==== 运行开始 run_id=020004 ====
2026-05-23 02:00:04,272 [INFO] 非交易时段，退出
2026-05-23 02:10:04,580 [INFO] ==== 运行开始 run_id=021004 ====
2026-05-23 02:10:04,583 [INFO] 非交易时段，退出
2026-05-23 02:20:04,264 [INFO] ==== 运行开始 run_id=022004 ====
2026-05-23 02:20:04,264 [INFO] 非交易时段，退出
2026-05-23 02:30:04,481 [INFO] ==== 运行开始 run_id=023004 ====
2026-05-23 02:30:04,482 [INFO] 非交易时段，退出
2026-05-23 02:40:04,347 [INFO] ==== 运行开始 run_id=024004 ====
2026-05-23 02:40:04,348 [INFO] 非交易时段，退出
2026-05-23 02:50:04,418 [INFO] ==== 运行开始 run_id=025004 ====
2026-05-23 02:50:04,418 [INFO] 非交易时段，退出
2026-05-23 03:00:04,399 [INFO] ==== 运行开始 run_id=030004 ====
2026-05-23 03:00:04,399 [INFO] 非交易时段，退出
2026-05-23 03:10:04,516 [INFO] ==== 运行开始 run_id=031004 ====
2026-05-23 03:10:04,516 [INFO] 非交易时段，退出
2026-05-23 03:20:04,416 [INFO] ==== 运行开始 run_id=032004 ====
2026-05-23 03:20:04,417 [INFO] 非交易时段，退出
2026-05-23 03:30:04,459 [INFO] ==== 运行开始 run_id=033004 ====
2026-05-23 03:30:04,461 [INFO] 非交易时段，退出
2026-05-23 03:40:04,532 [INFO] ==== 运行开始 run_id=034004 ====
2026-05-23 03:40:04,533 [INFO] 非交易时段，退出
2026-05-23 03:50:04,568 [INFO] ==== 运行开始 run_id=035004 ====
2026-05-23 03:50:04,569 [INFO] 非交易时段，退出
2026-05-23 04:00:04,340 [INFO] ==== 运行开始 run_id=040004 ====
2026-05-23 04:00:04,340 [INFO] 非交易时段，退出
2026-05-23 04:10:04,637 [INFO] ==== 运行开始 run_id=041004 ====
2026-05-23 04:10:04,638 [INFO] 非交易时段，退出
2026-05-23 04:20:04,348 [INFO] ==== 运行开始 run_id=042004 ====
2026-05-23 04:20:04,348 [INFO] 非交易时段，退出
2026-05-23 04:30:04,413 [INFO] ==== 运行开始 run_id=043004 ====
2026-05-23 04:30:04,413 [INFO] 非交易时段，退出
2026-05-23 04:40:04,648 [INFO] ==== 运行开始 run_id=044004 ====
2026-05-23 04:40:04,650 [INFO] 非交易时段，退出
2026-05-23 04:50:04,296 [INFO] ==== 运行开始 run_id=045004 ====
2026-05-23 04:50:04,296 [INFO] 非交易时段，退出
2026-05-23 05:00:04,464 [INFO] ==== 运行开始 run_id=050004 ====
2026-05-23 05:00:04,464 [INFO] 非交易时段，退出
2026-05-23 05:10:04,599 [INFO] ==== 运行开始 run_id=051004 ====
2026-05-23 05:10:04,599 [INFO] 非交易时段，退出
2026-05-23 05:20:04,508 [INFO] ==== 运行开始 run_id=052004 ====
2026-05-23 05:20:04,508 [INFO] 非交易时段，退出
2026-05-23 05:30:04,449 [INFO] ==== 运行开始 run_id=053004 ====
2026-05-23 05:30:04,451 [INFO] 非交易时段，退出
2026-05-23 05:40:04,612 [INFO] ==== 运行开始 run_id=054004 ====
2026-05-23 05:40:04,613 [INFO] 非交易时段，退出
2026-05-23 05:50:04,579 [INFO] ==== 运行开始 run_id=055004 ====
2026-05-23 05:50:04,580 [INFO] 非交易时段，退出
2026-05-23 06:00:04,529 [INFO] ==== 运行开始 run_id=060004 ====
2026-05-23 06:00:04,529 [INFO] 非交易时段，退出
2026-05-23 06:10:04,467 [INFO] ==== 运行开始 run_id=061004 ====
2026-05-23 06:10:04,467 [INFO] 非交易时段，退出
2026-05-23 06:20:04,716 [INFO] ==== 运行开始 run_id=062004 ====
2026-05-23 06:20:04,716 [INFO] 非交易时段，退出
2026-05-23 06:30:04,537 [INFO] ==== 运行开始 run_id=063004 ====
2026-05-23 06:30:04,538 [INFO] 非交易时段，退出
2026-05-23 06:40:04,695 [INFO] ==== 运行开始 run_id=064004 ====
2026-05-23 06:40:04,696 [INFO] 非交易时段，退出
2026-05-23 06:50:04,587 [INFO] ==== 运行开始 run_id=065004 ====
2026-05-23 06:50:04,588 [INFO] 非交易时段，退出
2026-05-23 07:00:04,623 [INFO] ==== 运行开始 run_id=070004 ====
2026-05-23 07:00:04,623 [INFO] 非交易时段，退出
2026-05-23 07:10:04,498 [INFO] ==== 运行开始 run_id=071004 ====
2026-05-23 07:10:04,498 [INFO] 非交易时段，退出
2026-05-23 07:20:04,711 [INFO] ==== 运行开始 run_id=072004 ====
2026-05-23 07:20:04,711 [INFO] 非交易时段，退出
2026-05-23 07:30:04,585 [INFO] ==== 运行开始 run_id=073004 ====
2026-05-23 07:30:04,585 [INFO] 非交易时段，退出
2026-05-23 07:40:04,727 [INFO] ==== 运行开始 run_id=074004 ====
2026-05-23 07:40:04,727 [INFO] 非交易时段，退出
2026-05-23 07:50:04,537 [INFO] ==== 运行开始 run_id=075004 ====
2026-05-23 07:50:04,537 [INFO] 非交易时段，退出
2026-05-23 08:00:04,538 [INFO] ==== 运行开始 run_id=080004 ====
2026-05-23 08:00:04,538 [INFO] 非交易时段，退出
2026-05-23 08:10:04,567 [INFO] ==== 运行开始 run_id=081004 ====
2026-05-23 08:10:04,567 [INFO] 非交易时段，退出
2026-05-23 08:20:04,805 [INFO] ==== 运行开始 run_id=082004 ====
2026-05-23 08:20:04,805 [INFO] 非交易时段，退出
2026-05-23 08:30:04,562 [INFO] ==== 运行开始 run_id=083004 ====
2026-05-23 08:30:04,562 [INFO] 非交易时段，退出
2026-05-23 08:40:04,630 [INFO] ==== 运行开始 run_id=084004 ====
2026-05-23 08:40:04,631 [INFO] 非交易时段，退出
2026-05-23 08:50:04,597 [INFO] ==== 运行开始 run_id=085004 ====
2026-05-23 08:50:04,597 [INFO] 非交易时段，退出
2026-05-23 09:00:04,783 [INFO] ==== 运行开始 run_id=090004 ====
2026-05-23 09:00:04,785 [INFO] 非交易时段，退出
2026-05-23 09:10:04,754 [INFO] ==== 运行开始 run_id=091004 ====
2026-05-23 09:10:04,754 [INFO] 非交易时段，退出
2026-05-23 09:20:04,885 [INFO] ==== 运行开始 run_id=092004 ====
2026-05-23 09:20:04,886 [INFO] 非交易时段，退出
2026-05-23 09:30:04,604 [INFO] ==== 运行开始 run_id=093004 ====
2026-05-23 09:30:04,605 [INFO] 非交易时段，退出
2026-05-23 09:40:04,657 [INFO] ==== 运行开始 run_id=094004 ====
2026-05-23 09:40:04,658 [INFO] 非交易时段，退出
2026-05-23 09:50:04,857 [INFO] ==== 运行开始 run_id=095004 ====
2026-05-23 09:50:04,858 [INFO] 非交易时段，退出
2026-05-23 10:00:04,376 [INFO] ==== 运行开始 run_id=100004 ====
2026-05-23 10:00:04,378 [INFO] 非交易时段，退出
2026-05-23 10:10:04,777 [INFO] ==== 运行开始 run_id=101004 ====
2026-05-23 10:10:04,778 [INFO] 非交易时段，退出
2026-05-23 10:20:04,817 [INFO] ==== 运行开始 run_id=102004 ====
2026-05-23 10:20:04,818 [INFO] 非交易时段，退出
2026-05-23 10:30:04,690 [INFO] ==== 运行开始 run_id=103004 ====
2026-05-23 10:30:04,692 [INFO] 非交易时段，退出
2026-05-23 10:40:04,800 [INFO] ==== 运行开始 run_id=104004 ====
2026-05-23 10:40:04,800 [INFO] 非交易时段，退出
2026-05-23 10:50:04,700 [INFO] ==== 运行开始 run_id=105004 ====
2026-05-23 10:50:04,700 [INFO] 非交易时段，退出
2026-05-23 11:00:03,806 [INFO] ==== 运行开始 run_id=110003 ====
2026-05-23 11:00:03,806 [INFO] 非交易时段，退出
2026-05-23 11:10:03,837 [INFO] ==== 运行开始 run_id=111003 ====
2026-05-23 11:10:03,838 [INFO] 非交易时段，退出
2026-05-23 11:20:03,860 [INFO] ==== 运行开始 run_id=112003 ====
2026-05-23 11:20:03,860 [INFO] 非交易时段，退出
2026-05-23 11:30:03,711 [INFO] ==== 运行开始 run_id=113003 ====
2026-05-23 11:30:03,712 [INFO] 非交易时段，退出
2026-05-23 11:40:03,798 [INFO] ==== 运行开始 run_id=114003 ====
2026-05-23 11:40:03,800 [INFO] 非交易时段，退出
2026-05-23 11:50:03,760 [INFO] ==== 运行开始 run_id=115003 ====
2026-05-23 11:50:03,760 [INFO] 非交易时段，退出
2026-05-23 12:00:03,875 [INFO] ==== 运行开始 run_id=120003 ====
2026-05-23 12:00:03,875 [INFO] 非交易时段，退出
2026-05-23 12:10:03,970 [INFO] ==== 运行开始 run_id=121003 ====
2026-05-23 12:10:03,970 [INFO] 非交易时段，退出
2026-05-23 12:20:03,986 [INFO] ==== 运行开始 run_id=122003 ====
2026-05-23 12:20:03,987 [INFO] 非交易时段，退出
2026-05-23 12:30:03,687 [INFO] ==== 运行开始 run_id=123003 ====
2026-05-23 12:30:03,688 [INFO] 非交易时段，退出
2026-05-23 12:40:03,849 [INFO] ==== 运行开始 run_id=124003 ====
2026-05-23 12:40:03,851 [INFO] 非交易时段，退出
2026-05-23 12:50:03,826 [INFO] ==== 运行开始 run_id=125003 ====
2026-05-23 12:50:03,826 [INFO] 非交易时段，退出
2026-05-23 13:00:04,074 [INFO] ==== 运行开始 run_id=130004 ====
2026-05-23 13:00:04,075 [INFO] 非交易时段，退出
2026-05-23 13:10:03,735 [INFO] ==== 运行开始 run_id=131003 ====
2026-05-23 13:10:03,735 [INFO] 非交易时段，退出
2026-05-23 13:20:04,002 [INFO] ==== 运行开始 run_id=132004 ====
2026-05-23 13:20:04,003 [INFO] 非交易时段，退出
2026-05-23 13:30:03,825 [INFO] ==== 运行开始 run_id=133003 ====
2026-05-23 13:30:03,825 [INFO] 非交易时段，退出
2026-05-23 13:40:04,085 [INFO] ==== 运行开始 run_id=134004 ====
2026-05-23 13:40:04,086 [INFO] 非交易时段，退出
2026-05-23 13:50:04,036 [INFO] ==== 运行开始 run_id=135004 ====
2026-05-23 13:50:04,036 [INFO] 非交易时段，退出
2026-05-23 14:00:04,007 [INFO] ==== 运行开始 run_id=140004 ====
2026-05-23 14:00:04,009 [INFO] 非交易时段，退出
2026-05-23 14:10:04,001 [INFO] ==== 运行开始 run_id=141004 ====
2026-05-23 14:10:04,003 [INFO] 非交易时段，退出
2026-05-23 14:20:03,998 [INFO] ==== 运行开始 run_id=142003 ====
2026-05-23 14:20:04,000 [INFO] 非交易时段，退出
2026-05-23 14:30:03,924 [INFO] ==== 运行开始 run_id=143003 ====
2026-05-23 14:30:03,924 [INFO] 非交易时段，退出
2026-05-23 14:40:04,024 [INFO] ==== 运行开始 run_id=144004 ====
2026-05-23 14:40:04,024 [INFO] 非交易时段，退出
2026-05-23 14:50:03,933 [INFO] ==== 运行开始 run_id=145003 ====
2026-05-23 14:50:03,933 [INFO] 非交易时段，退出
2026-05-23 15:00:04,004 [INFO] ==== 运行开始 run_id=150004 ====
2026-05-23 15:00:04,004 [INFO] 非交易时段，退出
2026-05-23 15:10:03,880 [INFO] ==== 运行开始 run_id=151003 ====
2026-05-23 15:10:03,880 [INFO] 非交易时段，退出
2026-05-23 15:20:03,974 [INFO] ==== 运行开始 run_id=152003 ====
2026-05-23 15:20:03,975 [INFO] 非交易时段，退出
2026-05-23 15:30:04,003 [INFO] ==== 运行开始 run_id=153004 ====
2026-05-23 15:30:04,005 [INFO] 非交易时段，退出
2026-05-23 15:40:03,881 [INFO] ==== 运行开始 run_id=154003 ====
2026-05-23 15:40:03,881 [INFO] 非交易时段，退出
2026-05-23 15:50:04,162 [INFO] ==== 运行开始 run_id=155004 ====
2026-05-23 15:50:04,162 [INFO] 非交易时段，退出
2026-05-23 16:00:03,806 [INFO] ==== 运行开始 run_id=160003 ====
2026-05-23 16:00:03,806 [INFO] 非交易时段，退出
2026-05-23 16:10:04,061 [INFO] ==== 运行开始 run_id=161004 ====
2026-05-23 16:10:04,064 [INFO] 非交易时段，退出
2026-05-23 16:20:04,029 [INFO] ==== 运行开始 run_id=162004 ====
2026-05-23 16:20:04,029 [INFO] 非交易时段，退出
2026-05-23 16:30:04,210 [INFO] ==== 运行开始 run_id=163004 ====
2026-05-23 16:30:04,211 [INFO] 非交易时段，退出
2026-05-23 16:40:04,207 [INFO] ==== 运行开始 run_id=164004 ====
2026-05-23 16:40:04,207 [INFO] 非交易时段，退出
2026-05-23 16:50:04,046 [INFO] ==== 运行开始 run_id=165004 ====
2026-05-23 16:50:04,046 [INFO] 非交易时段，退出
2026-05-23 17:00:04,583 [INFO] ==== 运行开始 run_id=170004 ====
2026-05-23 17:00:04,584 [INFO] 非交易时段，退出
2026-05-23 17:10:03,968 [INFO] ==== 运行开始 run_id=171003 ====
2026-05-23 17:10:03,969 [INFO] 非交易时段，退出
2026-05-23 17:20:04,119 [INFO] ==== 运行开始 run_id=172004 ====
2026-05-23 17:20:04,121 [INFO] 非交易时段，退出
2026-05-23 17:30:03,992 [INFO] ==== 运行开始 run_id=173003 ====
2026-05-23 17:30:03,992 [INFO] 非交易时段，退出
2026-05-23 17:40:04,231 [INFO] ==== 运行开始 run_id=174004 ====
2026-05-23 17:40:04,231 [INFO] 非交易时段，退出
2026-05-23 17:50:04,059 [INFO] ==== 运行开始 run_id=175004 ====
2026-05-23 17:50:04,060 [INFO] 非交易时段，退出
2026-05-23 18:00:04,156 [INFO] ==== 运行开始 run_id=180004 ====
2026-05-23 18:00:04,157 [INFO] 非交易时段，退出
2026-05-23 18:10:03,980 [INFO] ==== 运行开始 run_id=181003 ====
2026-05-23 18:10:03,981 [INFO] 非交易时段，退出
2026-05-23 18:20:04,142 [INFO] ==== 运行开始 run_id=182004 ====
2026-05-23 18:20:04,144 [INFO] 非交易时段，退出
2026-05-23 18:30:04,036 [INFO] ==== 运行开始 run_id=183004 ====
2026-05-23 18:30:04,037 [INFO] 非交易时段，退出
2026-05-23 18:40:04,151 [INFO] ==== 运行开始 run_id=184004 ====
2026-05-23 18:40:04,151 [INFO] 非交易时段，退出
2026-05-23 18:50:04,447 [INFO] ==== 运行开始 run_id=185004 ====
2026-05-23 18:50:04,447 [INFO] 非交易时段，退出
2026-05-23 19:00:04,085 [INFO] ==== 运行开始 run_id=190004 ====
2026-05-23 19:00:04,085 [INFO] 非交易时段，退出
2026-05-23 19:10:04,220 [INFO] ==== 运行开始 run_id=191004 ====
2026-05-23 19:10:04,220 [INFO] 非交易时段，退出
2026-05-23 19:20:04,092 [INFO] ==== 运行开始 run_id=192004 ====
2026-05-23 19:20:04,093 [INFO] 非交易时段，退出
2026-05-23 19:30:04,381 [INFO] ==== 运行开始 run_id=193004 ====
2026-05-23 19:30:04,383 [INFO] 非交易时段，退出
2026-05-23 19:40:04,318 [INFO] ==== 运行开始 run_id=194004 ====
2026-05-23 19:40:04,319 [INFO] 非交易时段，退出
2026-05-23 19:50:04,559 [INFO] ==== 运行开始 run_id=195004 ====
2026-05-23 19:50:04,559 [INFO] 非交易时段，退出
2026-05-23 20:00:04,246 [INFO] ==== 运行开始 run_id=200004 ====
2026-05-23 20:00:04,248 [INFO] 非交易时段，退出
2026-05-23 20:10:04,313 [INFO] ==== 运行开始 run_id=201004 ====
2026-05-23 20:10:04,313 [INFO] 非交易时段，退出
2026-05-23 20:20:04,219 [INFO] ==== 运行开始 run_id=202004 ====
2026-05-23 20:20:04,220 [INFO] 非交易时段，退出
2026-05-23 20:30:04,269 [INFO] ==== 运行开始 run_id=203004 ====
2026-05-23 20:30:04,270 [INFO] 非交易时段，退出
2026-05-23 20:40:04,196 [INFO] ==== 运行开始 run_id=204004 ====
2026-05-23 20:40:04,196 [INFO] 非交易时段，退出
2026-05-23 20:50:04,159 [INFO] ==== 运行开始 run_id=205004 ====
2026-05-23 20:50:04,160 [INFO] 非交易时段，退出
2026-05-23 21:00:04,091 [INFO] ==== 运行开始 run_id=210004 ====
2026-05-23 21:00:04,091 [INFO] 非交易时段，退出
2026-05-23 21:10:04,363 [INFO] ==== 运行开始 run_id=211004 ====
2026-05-23 21:10:04,364 [INFO] 非交易时段，退出
2026-05-23 21:20:04,452 [INFO] ==== 运行开始 run_id=212004 ====
2026-05-23 21:20:04,453 [INFO] 非交易时段，退出
2026-05-23 21:30:04,272 [INFO] ==== 运行开始 run_id=213004 ====
2026-05-23 21:30:04,272 [INFO] 非交易时段，退出
2026-05-23 21:40:04,471 [INFO] ==== 运行开始 run_id=214004 ====
2026-05-23 21:40:04,472 [INFO] 非交易时段，退出
2026-05-23 21:50:04,189 [INFO] ==== 运行开始 run_id=215004 ====
2026-05-23 21:50:04,190 [INFO] 非交易时段，退出
2026-05-23 22:00:04,448 [INFO] ==== 运行开始 run_id=220004 ====
2026-05-23 22:00:04,448 [INFO] 非交易时段，退出
2026-05-23 22:10:04,299 [INFO] ==== 运行开始 run_id=221004 ====
2026-05-23 22:10:04,300 [INFO] 非交易时段，退出
2026-05-23 22:20:04,402 [INFO] ==== 运行开始 run_id=222004 ====
2026-05-23 22:20:04,402 [INFO] 非交易时段，退出
2026-05-23 22:30:04,437 [INFO] ==== 运行开始 run_id=223004 ====
2026-05-23 22:30:04,437 [INFO] 非交易时段，退出
2026-05-23 22:40:04,366 [INFO] ==== 运行开始 run_id=224004 ====
2026-05-23 22:40:04,366 [INFO] 非交易时段，退出
2026-05-23 22:50:04,227 [INFO] ==== 运行开始 run_id=225004 ====
2026-05-23 22:50:04,227 [INFO] 非交易时段，退出
2026-05-23 23:00:04,470 [INFO] ==== 运行开始 run_id=230004 ====
2026-05-23 23:00:04,472 [INFO] 非交易时段，退出
2026-05-23 23:10:04,396 [INFO] ==== 运行开始 run_id=231004 ====
2026-05-23 23:10:04,396 [INFO] 非交易时段，退出
2026-05-23 23:20:04,465 [INFO] ==== 运行开始 run_id=232004 ====
2026-05-23 23:20:04,466 [INFO] 非交易时段，退出
2026-05-23 23:30:04,313 [INFO] ==== 运行开始 run_id=233004 ====
2026-05-23 23:30:04,313 [INFO] 非交易时段，退出
2026-05-23 23:40:04,423 [INFO] ==== 运行开始 run_id=234004 ====
2026-05-23 23:40:04,424 [INFO] 非交易时段，退出
2026-05-23 23:50:04,691 [INFO] ==== 运行开始 run_id=235004 ====
2026-05-23 23:50:04,691 [INFO] 非交易时段，退出
2026-05-24 00:00:04,294 [INFO] ==== 运行开始 run_id=000004 ====
2026-05-24 00:00:04,294 [INFO] 非交易时段，退出
2026-05-24 00:10:04,489 [INFO] ==== 运行开始 run_id=001004 ====
2026-05-24 00:10:04,490 [INFO] 非交易时段，退出
2026-05-24 00:20:04,389 [INFO] ==== 运行开始 run_id=002004 ====
2026-05-24 00:20:04,389 [INFO] 非交易时段，退出
2026-05-24 00:30:04,473 [INFO] ==== 运行开始 run_id=003004 ====
2026-05-24 00:30:04,473 [INFO] 非交易时段，退出
2026-05-24 00:40:04,408 [INFO] ==== 运行开始 run_id=004004 ====
2026-05-24 00:40:04,408 [INFO] 非交易时段，退出
2026-05-24 00:50:04,351 [INFO] ==== 运行开始 run_id=005004 ====
2026-05-24 00:50:04,351 [INFO] 非交易时段，退出
2026-05-24 01:00:04,405 [INFO] ==== 运行开始 run_id=010004 ====
2026-05-24 01:00:04,405 [INFO] 非交易时段，退出
2026-05-24 01:10:04,551 [INFO] ==== 运行开始 run_id=011004 ====
2026-05-24 01:10:04,551 [INFO] 非交易时段，退出
2026-05-24 01:20:04,874 [INFO] ==== 运行开始 run_id=012004 ====
2026-05-24 01:20:04,876 [INFO] 非交易时段，退出
2026-05-24 01:30:04,446 [INFO] ==== 运行开始 run_id=013004 ====
2026-05-24 01:30:04,446 [INFO] 非交易时段，退出
2026-05-24 01:40:04,378 [INFO] ==== 运行开始 run_id=014004 ====
2026-05-24 01:40:04,378 [INFO] 非交易时段，退出
2026-05-24 01:50:04,542 [INFO] ==== 运行开始 run_id=015004 ====
2026-05-24 01:50:04,542 [INFO] 非交易时段，退出
2026-05-24 02:00:04,856 [INFO] ==== 运行开始 run_id=020004 ====
2026-05-24 02:00:04,856 [INFO] 非交易时段，退出
2026-05-24 02:10:04,596 [INFO] ==== 运行开始 run_id=021004 ====
2026-05-24 02:10:04,597 [INFO] 非交易时段，退出
2026-05-24 02:20:04,530 [INFO] ==== 运行开始 run_id=022004 ====
2026-05-24 02:20:04,532 [INFO] 非交易时段，退出
2026-05-24 02:30:04,366 [INFO] ==== 运行开始 run_id=023004 ====
2026-05-24 02:30:04,367 [INFO] 非交易时段，退出
2026-05-24 02:40:04,550 [INFO] ==== 运行开始 run_id=024004 ====
2026-05-24 02:40:04,551 [INFO] 非交易时段，退出
2026-05-24 02:50:04,501 [INFO] ==== 运行开始 run_id=025004 ====
2026-05-24 02:50:04,501 [INFO] 非交易时段，退出
2026-05-24 03:00:04,623 [INFO] ==== 运行开始 run_id=030004 ====
2026-05-24 03:00:04,623 [INFO] 非交易时段，退出
2026-05-24 03:10:04,563 [INFO] ==== 运行开始 run_id=031004 ====
2026-05-24 03:10:04,563 [INFO] 非交易时段，退出
2026-05-24 03:20:04,525 [INFO] ==== 运行开始 run_id=032004 ====
2026-05-24 03:20:04,526 [INFO] 非交易时段，退出
2026-05-24 03:30:04,761 [INFO] ==== 运行开始 run_id=033004 ====
2026-05-24 03:30:04,761 [INFO] 非交易时段，退出
2026-05-24 03:40:04,563 [INFO] ==== 运行开始 run_id=034004 ====
2026-05-24 03:40:04,564 [INFO] 非交易时段，退出
2026-05-24 03:50:04,704 [INFO] ==== 运行开始 run_id=035004 ====
2026-05-24 03:50:04,705 [INFO] 非交易时段，退出
2026-05-24 04:00:04,530 [INFO] ==== 运行开始 run_id=040004 ====
2026-05-24 04:00:04,530 [INFO] 非交易时段，退出
2026-05-24 04:10:04,524 [INFO] ==== 运行开始 run_id=041004 ====
2026-05-24 04:10:04,526 [INFO] 非交易时段，退出
2026-05-24 04:20:04,712 [INFO] ==== 运行开始 run_id=042004 ====
2026-05-24 04:20:04,713 [INFO] 非交易时段，退出
2026-05-24 04:30:04,506 [INFO] ==== 运行开始 run_id=043004 ====
2026-05-24 04:30:04,506 [INFO] 非交易时段，退出
2026-05-24 04:40:04,641 [INFO] ==== 运行开始 run_id=044004 ====
2026-05-24 04:40:04,641 [INFO] 非交易时段，退出
2026-05-24 04:50:04,728 [INFO] ==== 运行开始 run_id=045004 ====
2026-05-24 04:50:04,728 [INFO] 非交易时段，退出
2026-05-24 05:00:04,586 [INFO] ==== 运行开始 run_id=050004 ====
2026-05-24 05:00:04,586 [INFO] 非交易时段，退出
2026-05-24 05:10:04,626 [INFO] ==== 运行开始 run_id=051004 ====
2026-05-24 05:10:04,627 [INFO] 非交易时段，退出
2026-05-24 05:20:04,812 [INFO] ==== 运行开始 run_id=052004 ====
2026-05-24 05:20:04,812 [INFO] 非交易时段，退出
2026-05-24 05:30:04,505 [INFO] ==== 运行开始 run_id=053004 ====
2026-05-24 05:30:04,505 [INFO] 非交易时段，退出
2026-05-24 05:40:04,745 [INFO] ==== 运行开始 run_id=054004 ====
2026-05-24 05:40:04,749 [INFO] 非交易时段，退出
2026-05-24 05:50:04,595 [INFO] ==== 运行开始 run_id=055004 ====
2026-05-24 05:50:04,598 [INFO] 非交易时段，退出
2026-05-24 06:00:04,652 [INFO] ==== 运行开始 run_id=060004 ====
2026-05-24 06:00:04,652 [INFO] 非交易时段，退出
2026-05-24 06:10:04,810 [INFO] ==== 运行开始 run_id=061004 ====
2026-05-24 06:10:04,810 [INFO] 非交易时段，退出
2026-05-24 06:20:04,898 [INFO] ==== 运行开始 run_id=062004 ====
2026-05-24 06:20:04,899 [INFO] 非交易时段，退出
2026-05-24 06:30:04,658 [INFO] ==== 运行开始 run_id=063004 ====
2026-05-24 06:30:04,658 [INFO] 非交易时段，退出
2026-05-24 06:40:05,239 [INFO] ==== 运行开始 run_id=064005 ====
2026-05-24 06:40:05,240 [INFO] 非交易时段，退出
2026-05-24 06:50:04,748 [INFO] ==== 运行开始 run_id=065004 ====
2026-05-24 06:50:04,748 [INFO] 非交易时段，退出
2026-05-24 07:00:05,180 [INFO] ==== 运行开始 run_id=070005 ====
2026-05-24 07:00:05,180 [INFO] 非交易时段，退出
2026-05-24 07:10:04,794 [INFO] ==== 运行开始 run_id=071004 ====
2026-05-24 07:10:04,796 [INFO] 非交易时段，退出
2026-05-24 07:20:04,859 [INFO] ==== 运行开始 run_id=072004 ====
2026-05-24 07:20:04,860 [INFO] 非交易时段，退出
2026-05-24 07:30:04,634 [INFO] ==== 运行开始 run_id=073004 ====
2026-05-24 07:30:04,634 [INFO] 非交易时段，退出
2026-05-24 07:40:04,798 [INFO] ==== 运行开始 run_id=074004 ====
2026-05-24 07:40:04,798 [INFO] 非交易时段，退出
2026-05-24 07:50:03,915 [INFO] ==== 运行开始 run_id=075003 ====
2026-05-24 07:50:03,916 [INFO] 非交易时段，退出
2026-05-24 08:00:03,839 [INFO] ==== 运行开始 run_id=080003 ====
2026-05-24 08:00:03,840 [INFO] 非交易时段，退出
2026-05-24 08:10:03,857 [INFO] ==== 运行开始 run_id=081003 ====
2026-05-24 08:10:03,859 [INFO] 非交易时段，退出
2026-05-24 08:20:03,787 [INFO] ==== 运行开始 run_id=082003 ====
2026-05-24 08:20:03,787 [INFO] 非交易时段，退出
2026-05-24 08:30:03,708 [INFO] ==== 运行开始 run_id=083003 ====
2026-05-24 08:30:03,775 [INFO] 非交易时段，退出
2026-05-24 08:40:03,831 [INFO] ==== 运行开始 run_id=084003 ====
2026-05-24 08:40:03,831 [INFO] 非交易时段，退出
2026-05-24 08:50:03,986 [INFO] ==== 运行开始 run_id=085003 ====
2026-05-24 08:50:03,987 [INFO] 非交易时段，退出
2026-05-24 09:00:04,012 [INFO] ==== 运行开始 run_id=090004 ====
2026-05-24 09:00:04,012 [INFO] 非交易时段，退出
2026-05-24 09:10:03,834 [INFO] ==== 运行开始 run_id=091003 ====
2026-05-24 09:10:03,834 [INFO] 非交易时段，退出
2026-05-24 09:20:04,064 [INFO] ==== 运行开始 run_id=092004 ====
2026-05-24 09:20:04,065 [INFO] 非交易时段，退出
2026-05-24 09:30:03,716 [INFO] ==== 运行开始 run_id=093003 ====
2026-05-24 09:30:03,716 [INFO] 非交易时段，退出
2026-05-24 09:40:04,151 [INFO] ==== 运行开始 run_id=094004 ====
2026-05-24 09:40:04,151 [INFO] 非交易时段，退出
2026-05-24 09:50:03,842 [INFO] ==== 运行开始 run_id=095003 ====
2026-05-24 09:50:03,842 [INFO] 非交易时段，退出
2026-05-24 10:00:03,752 [INFO] ==== 运行开始 run_id=100003 ====
2026-05-24 10:00:03,752 [INFO] 非交易时段，退出
2026-05-24 10:10:03,697 [INFO] ==== 运行开始 run_id=101003 ====
2026-05-24 10:10:03,699 [INFO] 非交易时段，退出
2026-05-24 10:20:03,961 [INFO] ==== 运行开始 run_id=102003 ====
2026-05-24 10:20:03,961 [INFO] 非交易时段，退出
2026-05-24 10:30:04,062 [INFO] ==== 运行开始 run_id=103004 ====
2026-05-24 10:30:04,062 [INFO] 非交易时段，退出
2026-05-24 10:40:03,934 [INFO] ==== 运行开始 run_id=104003 ====
2026-05-24 10:40:03,934 [INFO] 非交易时段，退出
2026-05-24 10:50:03,901 [INFO] ==== 运行开始 run_id=105003 ====
2026-05-24 10:50:03,902 [INFO] 非交易时段，退出
2026-05-24 11:00:04,002 [INFO] ==== 运行开始 run_id=110004 ====
2026-05-24 11:00:04,002 [INFO] 非交易时段，退出
2026-05-24 11:10:03,950 [INFO] ==== 运行开始 run_id=111003 ====
2026-05-24 11:10:03,950 [INFO] 非交易时段，退出
2026-05-24 11:20:04,002 [INFO] ==== 运行开始 run_id=112004 ====
2026-05-24 11:20:04,002 [INFO] 非交易时段，退出
2026-05-24 11:30:04,079 [INFO] ==== 运行开始 run_id=113004 ====
2026-05-24 11:30:04,080 [INFO] 非交易时段，退出
2026-05-24 11:40:03,967 [INFO] ==== 运行开始 run_id=114003 ====
2026-05-24 11:40:03,969 [INFO] 非交易时段，退出
2026-05-24 11:50:03,940 [INFO] ==== 运行开始 run_id=115003 ====
2026-05-24 11:50:03,940 [INFO] 非交易时段，退出
2026-05-24 12:00:03,972 [INFO] ==== 运行开始 run_id=120003 ====
2026-05-24 12:00:03,975 [INFO] 非交易时段，退出
2026-05-24 12:10:04,037 [INFO] ==== 运行开始 run_id=121004 ====
2026-05-24 12:10:04,037 [INFO] 非交易时段，退出
2026-05-24 12:20:04,022 [INFO] ==== 运行开始 run_id=122004 ====
2026-05-24 12:20:04,022 [INFO] 非交易时段，退出
2026-05-24 12:30:03,950 [INFO] ==== 运行开始 run_id=123003 ====
2026-05-24 12:30:03,951 [INFO] 非交易时段，退出
2026-05-24 12:40:04,046 [INFO] ==== 运行开始 run_id=124004 ====
2026-05-24 12:40:04,047 [INFO] 非交易时段，退出
2026-05-24 12:50:04,025 [INFO] ==== 运行开始 run_id=125004 ====
2026-05-24 12:50:04,025 [INFO] 非交易时段，退出
2026-05-24 13:00:03,996 [INFO] ==== 运行开始 run_id=130003 ====
2026-05-24 13:00:03,997 [INFO] 非交易时段，退出
2026-05-24 13:10:03,983 [INFO] ==== 运行开始 run_id=131003 ====
2026-05-24 13:10:03,983 [INFO] 非交易时段，退出
2026-05-24 13:20:04,045 [INFO] ==== 运行开始 run_id=132004 ====
2026-05-24 13:20:04,045 [INFO] 非交易时段，退出
2026-05-24 13:30:04,004 [INFO] ==== 运行开始 run_id=133004 ====
2026-05-24 13:30:04,005 [INFO] 非交易时段，退出
2026-05-24 13:40:04,128 [INFO] ==== 运行开始 run_id=134004 ====
2026-05-24 13:40:04,131 [INFO] 非交易时段，退出
2026-05-24 13:50:04,229 [INFO] ==== 运行开始 run_id=135004 ====
2026-05-24 13:50:04,229 [INFO] 非交易时段，退出
2026-05-24 14:00:03,948 [INFO] ==== 运行开始 run_id=140003 ====
2026-05-24 14:00:03,949 [INFO] 非交易时段，退出
2026-05-24 14:10:04,179 [INFO] ==== 运行开始 run_id=141004 ====
2026-05-24 14:10:04,179 [INFO] 非交易时段，退出
2026-05-24 14:20:04,179 [INFO] ==== 运行开始 run_id=142004 ====
2026-05-24 14:20:04,180 [INFO] 非交易时段，退出
2026-05-24 14:30:04,117 [INFO] ==== 运行开始 run_id=143004 ====
2026-05-24 14:30:04,117 [INFO] 非交易时段，退出
2026-05-24 14:40:04,278 [INFO] ==== 运行开始 run_id=144004 ====
2026-05-24 14:40:04,279 [INFO] 非交易时段，退出
2026-05-24 14:50:04,039 [INFO] ==== 运行开始 run_id=145004 ====
2026-05-24 14:50:04,039 [INFO] 非交易时段，退出
2026-05-24 15:00:04,202 [INFO] ==== 运行开始 run_id=150004 ====
2026-05-24 15:00:04,203 [INFO] 非交易时段，退出
2026-05-24 15:10:04,011 [INFO] ==== 运行开始 run_id=151004 ====
2026-05-24 15:10:04,012 [INFO] 非交易时段，退出
2026-05-24 15:20:04,306 [INFO] ==== 运行开始 run_id=152004 ====
2026-05-24 15:20:04,307 [INFO] 非交易时段，退出
2026-05-24 15:30:04,063 [INFO] ==== 运行开始 run_id=153004 ====
2026-05-24 15:30:04,064 [INFO] 非交易时段，退出
2026-05-24 15:40:04,246 [INFO] ==== 运行开始 run_id=154004 ====
2026-05-24 15:40:04,246 [INFO] 非交易时段，退出
2026-05-24 15:50:04,171 [INFO] ==== 运行开始 run_id=155004 ====
2026-05-24 15:50:04,171 [INFO] 非交易时段，退出
2026-05-24 16:00:04,208 [INFO] ==== 运行开始 run_id=160004 ====
2026-05-24 16:00:04,210 [INFO] 非交易时段，退出
2026-05-24 16:10:04,181 [INFO] ==== 运行开始 run_id=161004 ====
2026-05-24 16:10:04,181 [INFO] 非交易时段，退出
2026-05-24 16:20:04,294 [INFO] ==== 运行开始 run_id=162004 ====
2026-05-24 16:20:04,295 [INFO] 非交易时段，退出
2026-05-24 16:30:04,217 [INFO] ==== 运行开始 run_id=163004 ====
2026-05-24 16:30:04,217 [INFO] 非交易时段，退出
2026-05-24 16:40:04,155 [INFO] ==== 运行开始 run_id=164004 ====
2026-05-24 16:40:04,156 [INFO] 非交易时段，退出
2026-05-24 16:50:04,015 [INFO] ==== 运行开始 run_id=165004 ====
2026-05-24 16:50:04,016 [INFO] 非交易时段，退出
2026-05-24 17:00:04,235 [INFO] ==== 运行开始 run_id=170004 ====
2026-05-24 17:00:04,237 [INFO] 非交易时段，退出
2026-05-24 17:10:04,378 [INFO] ==== 运行开始 run_id=171004 ====
2026-05-24 17:10:04,378 [INFO] 非交易时段，退出
2026-05-24 17:20:04,334 [INFO] ==== 运行开始 run_id=172004 ====
2026-05-24 17:20:04,335 [INFO] 非交易时段，退出
2026-05-24 17:30:04,279 [INFO] ==== 运行开始 run_id=173004 ====
2026-05-24 17:30:04,280 [INFO] 非交易时段，退出
2026-05-24 17:40:04,426 [INFO] ==== 运行开始 run_id=174004 ====
2026-05-24 17:40:04,427 [INFO] 非交易时段，退出
2026-05-24 17:50:04,409 [INFO] ==== 运行开始 run_id=175004 ====
2026-05-24 17:50:04,409 [INFO] 非交易时段，退出
2026-05-24 18:00:04,309 [INFO] ==== 运行开始 run_id=180004 ====
2026-05-24 18:00:04,309 [INFO] 非交易时段，退出
2026-05-24 18:10:04,346 [INFO] ==== 运行开始 run_id=181004 ====
2026-05-24 18:10:04,368 [INFO] 非交易时段，退出
2026-05-24 18:20:04,485 [INFO] ==== 运行开始 run_id=182004 ====
2026-05-24 18:20:04,486 [INFO] 非交易时段，退出
2026-05-24 18:30:04,255 [INFO] ==== 运行开始 run_id=183004 ====
2026-05-24 18:30:04,256 [INFO] 非交易时段，退出
2026-05-24 18:40:04,404 [INFO] ==== 运行开始 run_id=184004 ====
2026-05-24 18:40:04,404 [INFO] 非交易时段，退出
2026-05-24 18:50:04,179 [INFO] ==== 运行开始 run_id=185004 ====
2026-05-24 18:50:04,180 [INFO] 非交易时段，退出
2026-05-24 19:00:04,257 [INFO] ==== 运行开始 run_id=190004 ====
2026-05-24 19:00:04,259 [INFO] 非交易时段，退出
2026-05-24 19:10:04,584 [INFO] ==== 运行开始 run_id=191004 ====
2026-05-24 19:10:04,584 [INFO] 非交易时段，退出
2026-05-24 19:20:04,277 [INFO] ==== 运行开始 run_id=192004 ====
2026-05-24 19:20:04,278 [INFO] 非交易时段，退出
2026-05-24 19:30:04,370 [INFO] ==== 运行开始 run_id=193004 ====
2026-05-24 19:30:04,370 [INFO] 非交易时段，退出
2026-05-24 19:40:04,394 [INFO] ==== 运行开始 run_id=194004 ====
2026-05-24 19:40:04,394 [INFO] 非交易时段，退出
2026-05-24 19:50:04,368 [INFO] ==== 运行开始 run_id=195004 ====
2026-05-24 19:50:04,369 [INFO] 非交易时段，退出
2026-05-24 20:00:04,386 [INFO] ==== 运行开始 run_id=200004 ====
2026-05-24 20:00:04,389 [INFO] 非交易时段，退出
2026-05-24 20:10:04,473 [INFO] ==== 运行开始 run_id=201004 ====
2026-05-24 20:10:04,473 [INFO] 非交易时段，退出
2026-05-24 20:20:04,406 [INFO] ==== 运行开始 run_id=202004 ====
2026-05-24 20:20:04,406 [INFO] 非交易时段，退出
2026-05-24 20:30:04,277 [INFO] ==== 运行开始 run_id=203004 ====
2026-05-24 20:30:04,277 [INFO] 非交易时段，退出
2026-05-24 20:40:04,434 [INFO] ==== 运行开始 run_id=204004 ====
2026-05-24 20:40:04,435 [INFO] 非交易时段，退出
2026-05-24 20:50:04,308 [INFO] ==== 运行开始 run_id=205004 ====
2026-05-24 20:50:04,308 [INFO] 非交易时段，退出
2026-05-24 21:00:04,402 [INFO] ==== 运行开始 run_id=210004 ====
2026-05-24 21:00:04,402 [INFO] 非交易时段，退出
2026-05-24 21:10:04,342 [INFO] ==== 运行开始 run_id=211004 ====
2026-05-24 21:10:04,342 [INFO] 非交易时段，退出
2026-05-24 21:20:04,619 [INFO] ==== 运行开始 run_id=212004 ====
2026-05-24 21:20:04,621 [INFO] 非交易时段，退出
2026-05-24 21:30:04,426 [INFO] ==== 运行开始 run_id=213004 ====
2026-05-24 21:30:04,427 [INFO] 非交易时段，退出
2026-05-24 21:40:04,455 [INFO] ==== 运行开始 run_id=214004 ====
2026-05-24 21:40:04,455 [INFO] 非交易时段，退出
2026-05-24 21:50:04,564 [INFO] ==== 运行开始 run_id=215004 ====
2026-05-24 21:50:04,564 [INFO] 非交易时段，退出
2026-05-24 22:00:04,653 [INFO] ==== 运行开始 run_id=220004 ====
2026-05-24 22:00:04,653 [INFO] 非交易时段，退出
2026-05-24 22:10:04,343 [INFO] ==== 运行开始 run_id=221004 ====
2026-05-24 22:10:04,344 [INFO] 非交易时段，退出
2026-05-24 22:20:04,473 [INFO] ==== 运行开始 run_id=222004 ====
2026-05-24 22:20:04,473 [INFO] 非交易时段，退出
2026-05-24 22:30:04,431 [INFO] ==== 运行开始 run_id=223004 ====
2026-05-24 22:30:04,432 [INFO] 非交易时段，退出
2026-05-24 22:40:04,517 [INFO] ==== 运行开始 run_id=224004 ====
2026-05-24 22:40:04,517 [INFO] 非交易时段，退出
2026-05-24 22:50:04,407 [INFO] ==== 运行开始 run_id=225004 ====
2026-05-24 22:50:04,408 [INFO] 非交易时段，退出
2026-05-24 23:00:04,516 [INFO] ==== 运行开始 run_id=230004 ====
2026-05-24 23:00:04,517 [INFO] 非交易时段，退出
2026-05-24 23:10:04,661 [INFO] ==== 运行开始 run_id=231004 ====
2026-05-24 23:10:04,662 [INFO] 非交易时段，退出
2026-05-24 23:20:04,550 [INFO] ==== 运行开始 run_id=232004 ====
2026-05-24 23:20:04,551 [INFO] 非交易时段，退出
2026-05-24 23:30:04,508 [INFO] ==== 运行开始 run_id=233004 ====
2026-05-24 23:30:04,509 [INFO] 非交易时段，退出
2026-05-24 23:40:04,607 [INFO] ==== 运行开始 run_id=234004 ====
2026-05-24 23:40:04,635 [INFO] 非交易时段，退出
2026-05-24 23:50:04,597 [INFO] ==== 运行开始 run_id=235004 ====
2026-05-24 23:50:04,598 [INFO] 非交易时段，退出
2026-05-25 00:00:04,631 [INFO] ==== 运行开始 run_id=000004 ====
2026-05-25 00:00:04,631 [INFO] 非交易时段，退出
2026-05-25 00:10:04,621 [INFO] ==== 运行开始 run_id=001004 ====
2026-05-25 00:10:04,622 [INFO] 非交易时段，退出
2026-05-25 00:20:04,756 [INFO] ==== 运行开始 run_id=002004 ====
2026-05-25 00:20:04,757 [INFO] 非交易时段，退出
2026-05-25 00:30:06,084 [INFO] ==== 运行开始 run_id=003006 ====
2026-05-25 00:30:06,086 [INFO] 非交易时段，退出
2026-05-25 00:31:09,535 [INFO] ==== 运行开始 run_id=003109 ====
2026-05-25 00:31:09,536 [INFO] 非交易时段，退出
2026-05-25 00:40:04,735 [INFO] ==== 运行开始 run_id=004004 ====
2026-05-25 00:40:04,736 [INFO] 非交易时段，退出
2026-05-25 00:42:39,457 [INFO] ==== 运行开始 run_id=004239 ====
2026-05-25 00:42:39,457 [INFO] 非交易时段，退出
2026-05-25 00:50:04,570 [INFO] ==== 运行开始 run_id=005004 ====
2026-05-25 00:50:04,571 [INFO] 非交易时段，退出
2026-05-25 01:00:04,647 [INFO] ==== 运行开始 run_id=010004 ====
2026-05-25 01:00:04,648 [INFO] 非交易时段，退出
2026-05-25 01:10:04,889 [INFO] ==== 运行开始 run_id=011004 ====
2026-05-25 01:10:04,889 [INFO] 非交易时段，退出
2026-05-25 01:20:04,719 [INFO] ==== 运行开始 run_id=012004 ====
2026-05-25 01:20:04,719 [INFO] 非交易时段，退出
2026-05-25 01:30:04,730 [INFO] ==== 运行开始 run_id=013004 ====
2026-05-25 01:30:04,731 [INFO] 非交易时段，退出
2026-05-25 01:40:04,817 [INFO] ==== 运行开始 run_id=014004 ====
2026-05-25 01:40:04,817 [INFO] 非交易时段，退出
2026-05-25 01:50:04,735 [INFO] ==== 运行开始 run_id=015004 ====
2026-05-25 01:50:04,735 [INFO] 非交易时段，退出
2026-05-25 02:00:04,663 [INFO] ==== 运行开始 run_id=020004 ====
2026-05-25 02:00:04,664 [INFO] 非交易时段，退出
2026-05-25 02:10:04,871 [INFO] ==== 运行开始 run_id=021004 ====
2026-05-25 02:10:04,871 [INFO] 非交易时段，退出
2026-05-25 02:20:04,569 [INFO] ==== 运行开始 run_id=022004 ====
2026-05-25 02:20:04,569 [INFO] 非交易时段，退出
2026-05-25 02:30:04,626 [INFO] ==== 运行开始 run_id=023004 ====
2026-05-25 02:30:04,626 [INFO] 非交易时段，退出
2026-05-25 02:40:04,738 [INFO] ==== 运行开始 run_id=024004 ====
2026-05-25 02:40:04,738 [INFO] 非交易时段，退出
2026-05-25 02:50:04,971 [INFO] ==== 运行开始 run_id=025004 ====
2026-05-25 02:50:04,972 [INFO] 非交易时段，退出
2026-05-25 03:00:04,513 [INFO] ==== 运行开始 run_id=030004 ====
2026-05-25 03:00:04,513 [INFO] 非交易时段，退出
2026-05-25 03:10:04,739 [INFO] ==== 运行开始 run_id=031004 ====
2026-05-25 03:10:04,739 [INFO] 非交易时段，退出
2026-05-25 03:20:04,758 [INFO] ==== 运行开始 run_id=032004 ====
2026-05-25 03:20:04,758 [INFO] 非交易时段，退出
2026-05-25 03:30:05,951 [INFO] ==== 运行开始 run_id=033005 ====
2026-05-25 03:30:05,952 [INFO] 非交易时段，退出
2026-05-25 03:40:04,675 [INFO] ==== 运行开始 run_id=034004 ====
2026-05-25 03:40:04,675 [INFO] 非交易时段，退出
2026-05-25 03:50:04,882 [INFO] ==== 运行开始 run_id=035004 ====
2026-05-25 03:50:04,882 [INFO] 非交易时段，退出
2026-05-25 04:00:04,738 [INFO] ==== 运行开始 run_id=040004 ====
2026-05-25 04:00:04,738 [INFO] 非交易时段，退出
2026-05-25 04:10:04,954 [INFO] ==== 运行开始 run_id=041004 ====
2026-05-25 04:10:04,955 [INFO] 非交易时段，退出
2026-05-25 04:20:04,987 [INFO] ==== 运行开始 run_id=042004 ====
2026-05-25 04:20:04,987 [INFO] 非交易时段，退出
2026-05-25 04:30:04,668 [INFO] ==== 运行开始 run_id=043004 ====
2026-05-25 04:30:04,668 [INFO] 非交易时段，退出
2026-05-25 04:40:04,927 [INFO] ==== 运行开始 run_id=044004 ====
2026-05-25 04:40:04,929 [INFO] 非交易时段，退出
2026-05-25 04:50:04,816 [INFO] ==== 运行开始 run_id=045004 ====
2026-05-25 04:50:04,816 [INFO] 非交易时段，退出
2026-05-25 05:00:05,069 [INFO] ==== 运行开始 run_id=050005 ====
2026-05-25 05:00:05,070 [INFO] 非交易时段，退出
2026-05-25 05:10:04,883 [INFO] ==== 运行开始 run_id=051004 ====
2026-05-25 05:10:04,885 [INFO] 非交易时段，退出
2026-05-25 05:20:03,817 [INFO] ==== 运行开始 run_id=052003 ====
2026-05-25 05:20:03,818 [INFO] 非交易时段，退出
2026-05-25 05:30:03,803 [INFO] ==== 运行开始 run_id=053003 ====
2026-05-25 05:30:03,804 [INFO] 非交易时段，退出
2026-05-25 05:40:03,807 [INFO] ==== 运行开始 run_id=054003 ====
2026-05-25 05:40:03,807 [INFO] 非交易时段，退出
2026-05-25 05:50:03,783 [INFO] ==== 运行开始 run_id=055003 ====
2026-05-25 05:50:03,783 [INFO] 非交易时段，退出
2026-05-25 06:00:03,774 [INFO] ==== 运行开始 run_id=060003 ====
2026-05-25 06:00:03,774 [INFO] 非交易时段，退出
2026-05-25 06:10:03,795 [INFO] ==== 运行开始 run_id=061003 ====
2026-05-25 06:10:03,796 [INFO] 非交易时段，退出
2026-05-25 06:20:03,763 [INFO] ==== 运行开始 run_id=062003 ====
2026-05-25 06:20:03,763 [INFO] 非交易时段，退出
2026-05-25 06:30:03,921 [INFO] ==== 运行开始 run_id=063003 ====
2026-05-25 06:30:03,922 [INFO] 非交易时段，退出
2026-05-25 06:40:03,784 [INFO] ==== 运行开始 run_id=064003 ====
2026-05-25 06:40:03,784 [INFO] 非交易时段，退出
2026-05-25 06:50:03,859 [INFO] ==== 运行开始 run_id=065003 ====
2026-05-25 06:50:03,859 [INFO] 非交易时段，退出
2026-05-25 07:00:03,814 [INFO] ==== 运行开始 run_id=070003 ====
2026-05-25 07:00:03,814 [INFO] 非交易时段，退出
2026-05-25 07:10:04,038 [INFO] ==== 运行开始 run_id=071004 ====
2026-05-25 07:10:04,039 [INFO] 非交易时段，退出
2026-05-25 07:20:03,861 [INFO] ==== 运行开始 run_id=072003 ====
2026-05-25 07:20:03,861 [INFO] 非交易时段，退出
2026-05-25 07:30:03,894 [INFO] ==== 运行开始 run_id=073003 ====
2026-05-25 07:30:03,894 [INFO] 非交易时段，退出
2026-05-25 07:40:04,034 [INFO] ==== 运行开始 run_id=074004 ====
2026-05-25 07:40:04,035 [INFO] 非交易时段，退出
2026-05-25 07:50:04,075 [INFO] ==== 运行开始 run_id=075004 ====
2026-05-25 07:50:04,079 [INFO] 非交易时段，退出
2026-05-25 08:00:03,944 [INFO] ==== 运行开始 run_id=080003 ====
2026-05-25 08:00:03,944 [INFO] 非交易时段，退出
2026-05-25 08:10:04,123 [INFO] ==== 运行开始 run_id=081004 ====
2026-05-25 08:10:04,123 [INFO] 非交易时段，退出
2026-05-25 08:20:03,813 [INFO] ==== 运行开始 run_id=082003 ====
2026-05-25 08:20:03,814 [INFO] 非交易时段，退出
2026-05-25 08:30:03,448 [INFO] ==== 运行开始 run_id=083003 ====
2026-05-25 08:30:03,449 [INFO] 非交易时段，退出
2026-05-25 08:40:04,116 [INFO] ==== 运行开始 run_id=084004 ====
2026-05-25 08:40:04,116 [INFO] 非交易时段，退出
2026-05-25 08:50:04,020 [INFO] ==== 运行开始 run_id=085004 ====
2026-05-25 08:50:04,020 [INFO] 非交易时段，退出
2026-05-25 09:00:03,928 [INFO] ==== 运行开始 run_id=090003 ====
2026-05-25 09:00:03,928 [INFO] 非交易时段，退出
2026-05-25 09:10:04,403 [INFO] ==== 运行开始 run_id=091004 ====
2026-05-25 09:10:04,404 [INFO] 非交易时段，退出
2026-05-25 09:20:04,623 [INFO] ==== 运行开始 run_id=092004 ====
2026-05-25 09:20:04,623 [INFO] 非交易时段，退出
2026-05-25 09:30:03,600 [INFO] ==== 运行开始 run_id=093003 ====
2026-05-25 09:30:03,600 [INFO] 准备拉取 9 只股票行情: ['002149', '002709', '603757', '002156', '002453', '605006', '601728', '000725', '600309']
2026-05-25 09:30:03,893 [INFO] 行情拉取成功，返回 9 条
2026-05-25 09:30:03,895 [INFO] 今日已推送阈值数: 0
2026-05-25 09:30:03,905 [INFO] 检查完成: 检查了 22 个阈值, 跳过已推送 0 个, 本次触发 0 个
2026-05-25 09:30:03,905 [INFO] 无新警报，静默返回
2026-05-25 09:30:03,906 [INFO] ==== 运行结束 run_id=093003 ====

2026-05-25 09:40:03,237 [INFO] ==== 运行开始 run_id=094003 ====
2026-05-25 09:40:03,241 [INFO] 准备拉取 9 只股票行情: ['002156', '002709', '600309', '002149', '002453', '605006', '601728', '603757', '000725']
2026-05-25 09:40:03,510 [INFO] 行情拉取成功，返回 9 条
2026-05-25 09:40:03,510 [INFO] 今日已推送阈值数: 0
2026-05-25 09:40:03,777 [WARNING] 🤖 虚拟交易: 601728_buy_zone → 买入 中国电信 300股 @6.10 = 1830.00（含费 1835.00）
2026-05-25 09:40:03,777 [WARNING] 🔔 触发阈值: 601728_buy_zone 价=6.1 阈值=6.1 below
2026-05-25 09:40:03,784 [INFO] 检查完成: 检查了 22 个阈值, 跳过已推送 0 个, 本次触发 1 个
2026-05-25 09:40:03,981 [INFO] webhook 推送成功
2026-05-25 09:40:03,981 [INFO] webhook 推送 成功 | 1 条警报
2026-05-25 09:40:03,981 [INFO] 推送 1 条警报给用户
2026-05-25 09:40:03,981 [INFO] ==== 运行结束 run_id=094003 ====

2026-05-25 09:50:03,604 [INFO] ==== 运行开始 run_id=095003 ====
2026-05-25 09:50:03,604 [INFO] 准备拉取 12 只股票行情: ['002156', '002149', '002709', '000725', '002453', '605006', '600309', '601728', '002290', '603757', '603256', '600186']
2026-05-25 09:50:03,869 [INFO] 行情拉取成功，返回 12 条
2026-05-25 09:50:03,871 [INFO] 今日已推送阈值数: 1
2026-05-25 09:50:03,880 [INFO] 检查完成: 检查了 30 个阈值, 跳过已推送 1 个, 本次触发 0 个
2026-05-25 09:50:03,880 [INFO] 无新警报，静默返回
2026-05-25 09:50:03,880 [INFO] ==== 运行结束 run_id=095003 ====

2026-05-25 10:00:03,678 [INFO] ==== 运行开始 run_id=100003 ====
2026-05-25 10:00:03,679 [INFO] 准备拉取 12 只股票行情: ['002709', '605006', '601728', '603757', '600186', '002290', '002149', '002453', '603256', '000725', '600309', '002156']
2026-05-25 10:00:03,960 [INFO] 行情拉取成功，返回 12 条
2026-05-25 10:00:03,961 [INFO] 今日已推送阈值数: 1
2026-05-25 10:00:04,288 [WARNING] 🔔 触发阈值: 002709_buy_zone 价=53.74 阈值=54.0 below
2026-05-25 10:00:04,297 [INFO] 检查完成: 检查了 30 个阈值, 跳过已推送 1 个, 本次触发 1 个
2026-05-25 10:00:04,495 [INFO] webhook 推送成功
2026-05-25 10:00:04,495 [INFO] webhook 推送 成功 | 1 条警报
2026-05-25 10:00:04,495 [INFO] 推送 1 条警报给用户
2026-05-25 10:00:04,496 [INFO] ==== 运行结束 run_id=100003 ====

2026-05-25 10:10:03,390 [INFO] ==== 运行开始 run_id=101003 ====
2026-05-25 10:10:03,390 [INFO] 准备拉取 12 只股票行情: ['002156', '603757', '002290', '600309', '000725', '605006', '601728', '600186', '002149', '002453', '603256', '002709']
2026-05-25 10:10:03,655 [INFO] 行情拉取成功，返回 12 条
2026-05-25 10:10:03,656 [INFO] 今日已推送阈值数: 2
2026-05-25 10:10:03,666 [INFO] 检查完成: 检查了 29 个阈值, 跳过已推送 2 个, 本次触发 0 个
2026-05-25 10:10:03,666 [INFO] 无新警报，静默返回
2026-05-25 10:10:03,666 [INFO] ==== 运行结束 run_id=101003 ====

2026-05-25 10:20:03,406 [INFO] ==== 运行开始 run_id=102003 ====
2026-05-25 10:20:03,406 [INFO] 准备拉取 12 只股票行情: ['603757', '000725', '600309', '600186', '605006', '601728', '002290', '603256', '002709', '002149', '002453', '002156']
2026-05-25 10:20:03,672 [INFO] 行情拉取成功，返回 12 条
2026-05-25 10:20:03,673 [INFO] 今日已推送阈值数: 2
2026-05-25 10:20:03,937 [WARNING] 🔔 触发阈值: 002709_buy_strong 价=54.05 阈值=57.05 below
2026-05-25 10:20:04,176 [WARNING] 🔔 触发阈值: 002149_buy_zone 价=70.0 阈值=71.63 below
2026-05-25 10:20:04,435 [WARNING] 🔔 触发阈值: 600309_buy_zone 价=78.07 阈值=80.78 below
2026-05-25 10:20:04,681 [WARNING] 🔔 触发阈值: 600309_buy_strong 价=78.07 阈值=84.46 below
2026-05-25 10:20:04,995 [WARNING] 🤖 虚拟交易: 601728_buy_strong → 买入 中国电信 600股 @6.05 = 3630.00（含费 3635.00）
2026-05-25 10:20:04,995 [WARNING] 🔔 触发阈值: 601728_buy_strong 价=6.05 阈值=6.2 below
2026-05-25 10:20:05,001 [INFO] 检查完成: 检查了 29 个阈值, 跳过已推送 2 个, 本次触发 5 个
2026-05-25 10:20:05,281 [INFO] webhook 推送成功
2026-05-25 10:20:05,281 [INFO] webhook 推送 成功 | 5 条警报
2026-05-25 10:20:05,281 [INFO] 推送 5 条警报给用户
2026-05-25 10:20:05,281 [INFO] ==== 运行结束 run_id=102003 ====

2026-05-25 10:30:03,324 [INFO] ==== 运行开始 run_id=103003 ====
2026-05-25 10:30:03,325 [INFO] 准备拉取 12 只股票行情: ['605006', '603757', '601728', '603256', '002156', '600309', '600186', '000725', '002709', '002290', '002453', '002149']
2026-05-25 10:30:03,570 [INFO] 行情拉取成功，返回 12 条
2026-05-25 10:30:03,571 [INFO] 今日已推送阈值数: 7
2026-05-25 10:30:03,581 [INFO] 检查完成: 检查了 24 个阈值, 跳过已推送 7 个, 本次触发 0 个
2026-05-25 10:30:03,581 [INFO] 无新警报，静默返回
2026-05-25 10:30:03,582 [INFO] ==== 运行结束 run_id=103003 ====

2026-05-25 10:40:03,509 [INFO] ==== 运行开始 run_id=104003 ====
2026-05-25 10:40:03,509 [INFO] 准备拉取 12 只股票行情: ['002149', '603256', '002156', '002709', '002290', '605006', '603757', '600309', '600186', '002453', '000725', '601728']
2026-05-25 10:40:03,782 [INFO] 行情拉取成功，返回 12 条
2026-05-25 10:40:03,782 [INFO] 今日已推送阈值数: 7
2026-05-25 10:40:03,794 [INFO] 检查完成: 检查了 24 个阈值, 跳过已推送 7 个, 本次触发 0 个
2026-05-25 10:40:03,794 [INFO] 无新警报，静默返回
2026-05-25 10:40:03,794 [INFO] ==== 运行结束 run_id=104003 ====

2026-05-25 10:50:03,242 [INFO] ==== 运行开始 run_id=105003 ====
2026-05-25 10:50:03,242 [INFO] 准备拉取 12 只股票行情: ['600309', '603757', '002709', '601728', '605006', '600186', '000725', '002156', '002290', '603256', '002453', '002149']
2026-05-25 10:50:03,493 [INFO] 行情拉取成功，返回 12 条
2026-05-25 10:50:03,494 [INFO] 今日已推送阈值数: 7
2026-05-25 10:50:03,504 [INFO] 检查完成: 检查了 24 个阈值, 跳过已推送 7 个, 本次触发 0 个
2026-05-25 10:50:03,504 [INFO] 无新警报，静默返回
2026-05-25 10:50:03,504 [INFO] ==== 运行结束 run_id=105003 ====

2026-05-25 11:00:03,535 [INFO] ==== 运行开始 run_id=110003 ====
2026-05-25 11:00:03,535 [INFO] 准备拉取 12 只股票行情: ['002290', '600186', '601728', '002453', '002709', '605006', '603757', '002149', '603256', '002156', '600309', '000725']
2026-05-25 11:00:03,812 [INFO] 行情拉取成功，返回 12 条
2026-05-25 11:00:03,814 [INFO] 今日已推送阈值数: 7
2026-05-25 11:00:03,824 [INFO] 检查完成: 检查了 24 个阈值, 跳过已推送 7 个, 本次触发 0 个
2026-05-25 11:00:03,826 [INFO] 无新警报，静默返回
2026-05-25 11:00:03,826 [INFO] ==== 运行结束 run_id=110003 ====

2026-05-25 11:10:03,311 [INFO] ==== 运行开始 run_id=111003 ====
2026-05-25 11:10:03,311 [INFO] 准备拉取 12 只股票行情: ['605006', '002156', '002709', '600186', '600309', '601728', '603256', '002453', '000725', '002149', '002290', '603757']
2026-05-25 11:10:03,562 [INFO] 行情拉取成功，返回 12 条
2026-05-25 11:10:03,563 [INFO] 今日已推送阈值数: 7
2026-05-25 11:10:03,572 [INFO] 检查完成: 检查了 24 个阈值, 跳过已推送 7 个, 本次触发 0 个
2026-05-25 11:10:03,572 [INFO] 无新警报，静默返回
2026-05-25 11:10:03,572 [INFO] ==== 运行结束 run_id=111003 ====

2026-05-25 11:20:03,541 [INFO] ==== 运行开始 run_id=112003 ====
2026-05-25 11:20:03,542 [INFO] 准备拉取 12 只股票行情: ['002453', '000725', '002290', '600186', '601728', '002156', '002709', '600309', '603256', '603757', '002149', '605006']
2026-05-25 11:20:03,788 [INFO] 行情拉取成功，返回 12 条
2026-05-25 11:20:03,790 [INFO] 今日已推送阈值数: 7
2026-05-25 11:20:03,801 [INFO] 检查完成: 检查了 24 个阈值, 跳过已推送 7 个, 本次触发 0 个
2026-05-25 11:20:03,801 [INFO] 无新警报，静默返回
2026-05-25 11:20:03,801 [INFO] ==== 运行结束 run_id=112003 ====

2026-05-25 11:30:03,297 [INFO] ==== 运行开始 run_id=113003 ====
2026-05-25 11:30:03,298 [INFO] 非交易时段，退出
2026-05-25 11:40:03,501 [INFO] ==== 运行开始 run_id=114003 ====
2026-05-25 11:40:03,502 [INFO] 非交易时段，退出
2026-05-25 11:50:03,336 [INFO] ==== 运行开始 run_id=115003 ====
2026-05-25 11:50:03,337 [INFO] 非交易时段，退出
2026-05-25 12:00:03,647 [INFO] ==== 运行开始 run_id=120003 ====
2026-05-25 12:00:03,648 [INFO] 非交易时段，退出
2026-05-25 12:10:03,330 [INFO] ==== 运行开始 run_id=121003 ====
2026-05-25 12:10:03,331 [INFO] 非交易时段，退出
2026-05-25 12:20:03,630 [INFO] ==== 运行开始 run_id=122003 ====
2026-05-25 12:20:03,630 [INFO] 非交易时段，退出
2026-05-25 12:30:03,370 [INFO] ==== 运行开始 run_id=123003 ====
2026-05-25 12:30:03,370 [INFO] 非交易时段，退出
2026-05-25 12:40:03,676 [INFO] ==== 运行开始 run_id=124003 ====
2026-05-25 12:40:03,676 [INFO] 非交易时段，退出
2026-05-25 12:50:03,305 [INFO] ==== 运行开始 run_id=125003 ====
2026-05-25 12:50:03,306 [INFO] 非交易时段，退出
2026-05-25 13:00:03,776 [INFO] ==== 运行开始 run_id=130003 ====
2026-05-25 13:00:03,777 [INFO] 准备拉取 12 只股票行情: ['002290', '002709', '605006', '603757', '000725', '002149', '002453', '002156', '600186', '600309', '601728', '603256']
2026-05-25 13:00:04,019 [INFO] 行情拉取成功，返回 12 条
2026-05-25 13:00:04,021 [INFO] 今日已推送阈值数: 7
2026-05-25 13:00:04,035 [INFO] 检查完成: 检查了 24 个阈值, 跳过已推送 7 个, 本次触发 0 个
2026-05-25 13:00:04,036 [INFO] 无新警报，静默返回
2026-05-25 13:00:04,036 [INFO] ==== 运行结束 run_id=130003 ====

2026-05-25 13:10:03,331 [INFO] ==== 运行开始 run_id=131003 ====
2026-05-25 13:10:03,332 [INFO] 准备拉取 12 只股票行情: ['002709', '002453', '002156', '600186', '600309', '002149', '605006', '601728', '603256', '002290', '603757', '000725']
2026-05-25 13:10:03,579 [INFO] 行情拉取成功，返回 12 条
2026-05-25 13:10:03,581 [INFO] 今日已推送阈值数: 7
2026-05-25 13:10:03,591 [INFO] 检查完成: 检查了 24 个阈值, 跳过已推送 7 个, 本次触发 0 个
2026-05-25 13:10:03,591 [INFO] 无新警报，静默返回
2026-05-25 13:10:03,591 [INFO] ==== 运行结束 run_id=131003 ====

2026-05-25 13:20:04,154 [INFO] ==== 运行开始 run_id=132004 ====
2026-05-25 13:20:04,154 [INFO] 准备拉取 12 只股票行情: ['603256', '002290', '002453', '600309', '603757', '601728', '000725', '605006', '600186', '002149', '002709', '002156']
2026-05-25 13:20:04,506 [INFO] 行情拉取成功，返回 12 条
2026-05-25 13:20:04,509 [INFO] 今日已推送阈值数: 7
2026-05-25 13:20:04,821 [WARNING] 🤖 虚拟交易: 603757_buy_zone → 买入 大元泵业 100股 @61.66 = 6166.00（含费 6171.00）
2026-05-25 13:20:04,821 [WARNING] 🔔 触发阈值: 603757_buy_zone 价=61.66 阈值=61.81 below
2026-05-25 13:20:04,825 [WARNING] 更新 watchlist_history 失败: name 'date' is not defined
2026-05-25 13:20:04,833 [INFO] 检查完成: 检查了 24 个阈值, 跳过已推送 7 个, 本次触发 1 个
2026-05-25 13:20:05,169 [INFO] webhook 推送成功
2026-05-25 13:20:05,169 [INFO] webhook 推送 成功 | 1 条警报
2026-05-25 13:20:05,169 [INFO] 推送 1 条警报给用户
2026-05-25 13:20:05,169 [INFO] ==== 运行结束 run_id=132004 ====

2026-05-25 13:30:03,104 [INFO] ==== 运行开始 run_id=133003 ====
2026-05-25 13:30:03,105 [INFO] 准备拉取 12 只股票行情: ['600309', '601728', '002290', '603757', '603256', '002709', '002149', '600186', '002453', '605006', '002156', '000725']
2026-05-25 13:30:03,360 [INFO] 行情拉取成功，返回 12 条
2026-05-25 13:30:03,361 [INFO] 今日已推送阈值数: 8
2026-05-25 13:30:03,373 [INFO] 检查完成: 检查了 23 个阈值, 跳过已推送 8 个, 本次触发 0 个
2026-05-25 13:30:03,373 [INFO] 无新警报，静默返回
2026-05-25 13:30:03,373 [INFO] ==== 运行结束 run_id=133003 ====

2026-05-25 13:40:03,559 [INFO] ==== 运行开始 run_id=134003 ====
2026-05-25 13:40:03,561 [INFO] 准备拉取 12 只股票行情: ['605006', '002709', '002156', '603757', '600186', '000725', '601728', '603256', '002453', '600309', '002290', '002149']
2026-05-25 13:40:03,811 [INFO] 行情拉取成功，返回 12 条
2026-05-25 13:40:03,812 [INFO] 今日已推送阈值数: 8
2026-05-25 13:40:03,840 [INFO] 检查完成: 检查了 23 个阈值, 跳过已推送 8 个, 本次触发 0 个
2026-05-25 13:40:03,840 [INFO] 无新警报，静默返回
2026-05-25 13:40:03,840 [INFO] ==== 运行结束 run_id=134003 ====

2026-05-25 13:50:03,589 [INFO] ==== 运行开始 run_id=135003 ====
2026-05-25 13:50:03,589 [INFO] 准备拉取 12 只股票行情: ['603757', '600186', '600309', '002290', '605006', '002156', '603256', '000725', '002709', '002149', '002453', '601728']
2026-05-25 13:50:03,835 [INFO] 行情拉取成功，返回 12 条
2026-05-25 13:50:03,836 [INFO] 今日已推送阈值数: 8
2026-05-25 13:50:03,846 [INFO] 检查完成: 检查了 23 个阈值, 跳过已推送 8 个, 本次触发 0 个
2026-05-25 13:50:03,846 [INFO] 无新警报，静默返回
2026-05-25 13:50:03,846 [INFO] ==== 运行结束 run_id=135003 ====

2026-05-25 14:00:03,341 [INFO] ==== 运行开始 run_id=140003 ====
2026-05-25 14:00:03,341 [INFO] 准备拉取 12 只股票行情: ['600186', '002149', '603256', '002709', '600309', '601728', '000725', '603757', '002156', '605006', '002290', '002453']
2026-05-25 14:00:03,610 [INFO] 行情拉取成功，返回 12 条
2026-05-25 14:00:03,610 [INFO] 今日已推送阈值数: 8
2026-05-25 14:00:03,622 [INFO] 检查完成: 检查了 23 个阈值, 跳过已推送 8 个, 本次触发 0 个
2026-05-25 14:00:03,622 [INFO] 无新警报，静默返回
2026-05-25 14:00:03,622 [INFO] ==== 运行结束 run_id=140003 ====

2026-05-25 14:10:03,645 [INFO] ==== 运行开始 run_id=141003 ====
2026-05-25 14:10:03,645 [INFO] 准备拉取 12 只股票行情: ['002156', '000725', '600309', '600186', '603256', '002453', '601728', '605006', '002290', '603757', '002709', '002149']
2026-05-25 14:10:03,931 [INFO] 行情拉取成功，返回 12 条
2026-05-25 14:10:03,933 [INFO] 今日已推送阈值数: 8
2026-05-25 14:10:03,945 [INFO] 检查完成: 检查了 23 个阈值, 跳过已推送 8 个, 本次触发 0 个
2026-05-25 14:10:03,945 [INFO] 无新警报，静默返回
2026-05-25 14:10:03,945 [INFO] ==== 运行结束 run_id=141003 ====

2026-05-25 14:20:03,331 [INFO] ==== 运行开始 run_id=142003 ====
2026-05-25 14:20:03,332 [INFO] 准备拉取 12 只股票行情: ['002290', '002156', '603256', '605006', '603757', '002453', '600309', '000725', '002149', '002709', '601728', '600186']
2026-05-25 14:20:03,589 [INFO] 行情拉取成功，返回 12 条
2026-05-25 14:20:03,591 [INFO] 今日已推送阈值数: 8
2026-05-25 14:20:03,601 [INFO] 检查完成: 检查了 23 个阈值, 跳过已推送 8 个, 本次触发 0 个
2026-05-25 14:20:03,601 [INFO] 无新警报，静默返回
2026-05-25 14:20:03,601 [INFO] ==== 运行结束 run_id=142003 ====

2026-05-25 14:30:03,263 [INFO] ==== 运行开始 run_id=143003 ====
2026-05-25 14:30:03,263 [INFO] 准备拉取 12 只股票行情: ['605006', '002453', '002156', '002149', '000725', '600309', '603256', '601728', '603757', '002709', '600186', '002290']
2026-05-25 14:30:03,539 [INFO] 行情拉取成功，返回 12 条
2026-05-25 14:30:03,540 [INFO] 今日已推送阈值数: 8
2026-05-25 14:30:03,551 [INFO] 检查完成: 检查了 23 个阈值, 跳过已推送 8 个, 本次触发 0 个
2026-05-25 14:30:03,551 [INFO] 无新警报，静默返回
2026-05-25 14:30:03,551 [INFO] ==== 运行结束 run_id=143003 ====

2026-05-25 14:40:03,657 [INFO] ==== 运行开始 run_id=144003 ====
2026-05-25 14:40:03,657 [INFO] 准备拉取 12 只股票行情: ['002149', '603757', '002290', '600186', '002709', '002156', '000725', '601728', '600309', '605006', '002453', '603256']
2026-05-25 14:40:03,937 [INFO] 行情拉取成功，返回 12 条
2026-05-25 14:40:03,938 [INFO] 今日已推送阈值数: 8
2026-05-25 14:40:03,950 [INFO] 检查完成: 检查了 23 个阈值, 跳过已推送 8 个, 本次触发 0 个
2026-05-25 14:40:03,950 [INFO] 无新警报，静默返回
2026-05-25 14:40:03,950 [INFO] ==== 运行结束 run_id=144003 ====

2026-05-25 14:50:03,568 [INFO] ==== 运行开始 run_id=145003 ====
2026-05-25 14:50:03,568 [INFO] 准备拉取 12 只股票行情: ['600309', '002290', '002156', '603757', '605006', '002709', '000725', '600186', '002149', '002453', '603256', '601728']
2026-05-25 14:50:03,832 [INFO] 行情拉取成功，返回 12 条
2026-05-25 14:50:03,834 [INFO] 今日已推送阈值数: 8
2026-05-25 14:50:03,845 [INFO] 检查完成: 检查了 23 个阈值, 跳过已推送 8 个, 本次触发 0 个
2026-05-25 14:50:03,846 [INFO] 无新警报，静默返回
2026-05-25 14:50:03,846 [INFO] ==== 运行结束 run_id=145003 ====

2026-05-25 15:00:03,864 [INFO] ==== 运行开始 run_id=150003 ====
2026-05-25 15:00:03,865 [INFO] 非交易时段，退出
2026-05-25 15:10:04,970 [INFO] ==== 运行开始 run_id=151004 ====
2026-05-25 15:10:04,972 [INFO] 非交易时段，退出
2026-05-25 15:20:05,067 [INFO] ==== 运行开始 run_id=152005 ====
2026-05-25 15:20:05,068 [INFO] 非交易时段，退出
2026-05-25 15:30:03,658 [INFO] ==== 运行开始 run_id=153003 ====
2026-05-25 15:30:03,658 [INFO] 非交易时段，退出
2026-05-25 15:40:04,938 [INFO] ==== 运行开始 run_id=154004 ====
2026-05-25 15:40:04,938 [INFO] 非交易时段，退出
2026-05-25 15:50:04,557 [INFO] ==== 运行开始 run_id=155004 ====
2026-05-25 15:50:04,557 [INFO] 非交易时段，退出
2026-05-25 16:00:05,003 [INFO] ==== 运行开始 run_id=160005 ====
2026-05-25 16:00:05,005 [INFO] 非交易时段，退出
2026-05-25 16:10:04,727 [INFO] ==== 运行开始 run_id=161004 ====
2026-05-25 16:10:04,728 [INFO] 非交易时段，退出
2026-05-25 16:20:04,873 [INFO] ==== 运行开始 run_id=162004 ====
2026-05-25 16:20:04,873 [INFO] 非交易时段，退出
2026-05-25 16:30:04,451 [INFO] ==== 运行开始 run_id=163004 ====
2026-05-25 16:30:04,452 [INFO] 非交易时段，退出
2026-05-25 16:40:05,152 [INFO] ==== 运行开始 run_id=164005 ====
2026-05-25 16:40:05,152 [INFO] 非交易时段，退出
2026-05-25 16:50:04,386 [INFO] ==== 运行开始 run_id=165004 ====
2026-05-25 16:50:04,388 [INFO] 非交易时段，退出
2026-05-25 17:00:05,203 [INFO] ==== 运行开始 run_id=170005 ====
2026-05-25 17:00:05,204 [INFO] 非交易时段，退出
2026-05-25 17:10:04,878 [INFO] ==== 运行开始 run_id=171004 ====
2026-05-25 17:10:04,878 [INFO] 非交易时段，退出
2026-05-25 17:20:04,788 [INFO] ==== 运行开始 run_id=172004 ====
2026-05-25 17:20:04,788 [INFO] 非交易时段，退出
2026-05-25 17:30:04,826 [INFO] ==== 运行开始 run_id=173004 ====
2026-05-25 17:30:04,826 [INFO] 非交易时段，退出
2026-05-25 17:40:05,157 [INFO] ==== 运行开始 run_id=174005 ====
2026-05-25 17:40:05,157 [INFO] 非交易时段，退出
2026-05-25 17:50:04,603 [INFO] ==== 运行开始 run_id=175004 ====
2026-05-25 17:50:04,604 [INFO] 非交易时段，退出
2026-05-25 18:00:04,884 [INFO] ==== 运行开始 run_id=180004 ====
2026-05-25 18:00:04,884 [INFO] 非交易时段，退出
2026-05-25 18:10:05,029 [INFO] ==== 运行开始 run_id=181005 ====
2026-05-25 18:10:05,029 [INFO] 非交易时段，退出
2026-05-25 18:20:04,663 [INFO] ==== 运行开始 run_id=182004 ====
2026-05-25 18:20:04,664 [INFO] 非交易时段，退出
2026-05-25 18:30:04,937 [INFO] ==== 运行开始 run_id=183004 ====
2026-05-25 18:30:04,939 [INFO] 非交易时段，退出
2026-05-25 18:40:04,100 [INFO] ==== 运行开始 run_id=184004 ====
2026-05-25 18:40:04,100 [INFO] 非交易时段，退出
2026-05-25 18:50:03,901 [INFO] ==== 运行开始 run_id=185003 ====
2026-05-25 18:50:03,902 [INFO] 非交易时段，退出
2026-05-25 19:00:04,082 [INFO] ==== 运行开始 run_id=190004 ====
2026-05-25 19:00:04,083 [INFO] 非交易时段，退出
2026-05-25 19:10:04,190 [INFO] ==== 运行开始 run_id=191004 ====
2026-05-25 19:10:04,190 [INFO] 非交易时段，退出
2026-05-25 19:20:03,802 [INFO] ==== 运行开始 run_id=192003 ====
2026-05-25 19:20:03,803 [INFO] 非交易时段，退出
2026-05-25 19:30:03,987 [INFO] ==== 运行开始 run_id=193003 ====
2026-05-25 19:30:03,987 [INFO] 非交易时段，退出
2026-05-25 19:40:04,240 [INFO] ==== 运行开始 run_id=194004 ====
2026-05-25 19:40:04,241 [INFO] 非交易时段，退出
2026-05-25 19:50:03,866 [INFO] ==== 运行开始 run_id=195003 ====
2026-05-25 19:50:03,868 [INFO] 非交易时段，退出
2026-05-25 20:00:03,974 [INFO] ==== 运行开始 run_id=200003 ====
2026-05-25 20:00:03,974 [INFO] 非交易时段，退出
2026-05-25 20:10:04,144 [INFO] ==== 运行开始 run_id=201004 ====
2026-05-25 20:10:04,144 [INFO] 非交易时段，退出
2026-05-25 20:20:04,550 [INFO] ==== 运行开始 run_id=202004 ====
2026-05-25 20:20:04,550 [INFO] 非交易时段，退出
2026-05-25 20:30:03,848 [INFO] ==== 运行开始 run_id=203003 ====
2026-05-25 20:30:03,848 [INFO] 非交易时段，退出
2026-05-25 20:40:04,006 [INFO] ==== 运行开始 run_id=204004 ====
2026-05-25 20:40:04,006 [INFO] 非交易时段，退出
2026-05-25 20:50:03,778 [INFO] ==== 运行开始 run_id=205003 ====
2026-05-25 20:50:03,778 [INFO] 非交易时段，退出
2026-05-25 21:00:04,424 [INFO] ==== 运行开始 run_id=210004 ====
2026-05-25 21:00:04,424 [INFO] 非交易时段，退出
2026-05-25 21:10:03,732 [INFO] ==== 运行开始 run_id=211003 ====
2026-05-25 21:10:03,732 [INFO] 非交易时段，退出
2026-05-25 21:20:04,076 [INFO] ==== 运行开始 run_id=212004 ====
2026-05-25 21:20:04,076 [INFO] 非交易时段，退出
2026-05-25 21:30:04,486 [INFO] ==== 运行开始 run_id=213004 ====
2026-05-25 21:30:04,486 [INFO] 非交易时段，退出
2026-05-25 21:40:05,730 [INFO] ==== 运行开始 run_id=214005 ====
2026-05-25 21:40:05,730 [INFO] 非交易时段，退出
2026-05-25 21:50:04,119 [INFO] ==== 运行开始 run_id=215004 ====
2026-05-25 21:50:04,120 [INFO] 非交易时段，退出
2026-05-25 22:00:04,145 [INFO] ==== 运行开始 run_id=220004 ====
2026-05-25 22:00:04,146 [INFO] 非交易时段，退出
2026-05-25 22:10:03,880 [INFO] ==== 运行开始 run_id=221003 ====
2026-05-25 22:10:03,880 [INFO] 非交易时段，退出
2026-05-25 22:20:04,141 [INFO] ==== 运行开始 run_id=222004 ====
2026-05-25 22:20:04,141 [INFO] 非交易时段，退出
2026-05-25 22:30:04,200 [INFO] ==== 运行开始 run_id=223004 ====
2026-05-25 22:30:04,202 [INFO] 非交易时段，退出
2026-05-25 22:40:04,037 [INFO] ==== 运行开始 run_id=224004 ====
2026-05-25 22:40:04,037 [INFO] 非交易时段，退出
2026-05-25 22:50:04,340 [INFO] ==== 运行开始 run_id=225004 ====
2026-05-25 22:50:04,340 [INFO] 非交易时段，退出
2026-05-25 23:00:04,395 [INFO] ==== 运行开始 run_id=230004 ====
2026-05-25 23:00:04,397 [INFO] 非交易时段，退出
2026-05-25 23:10:04,083 [INFO] ==== 运行开始 run_id=231004 ====
2026-05-25 23:10:04,084 [INFO] 非交易时段，退出
2026-05-25 23:20:04,265 [INFO] ==== 运行开始 run_id=232004 ====
2026-05-25 23:20:04,266 [INFO] 非交易时段，退出
2026-05-25 23:30:04,250 [INFO] ==== 运行开始 run_id=233004 ====
2026-05-25 23:30:04,359 [INFO] 非交易时段，退出
2026-05-25 23:40:04,162 [INFO] ==== 运行开始 run_id=234004 ====
2026-05-25 23:40:04,162 [INFO] 非交易时段，退出
2026-05-25 23:50:05,035 [INFO] ==== 运行开始 run_id=235005 ====
2026-05-25 23:50:05,036 [INFO] 非交易时段，退出
2026-05-26 00:00:04,103 [INFO] ==== 运行开始 run_id=000004 ====
2026-05-26 00:00:04,105 [INFO] 非交易时段，退出
2026-05-26 00:10:04,234 [INFO] ==== 运行开始 run_id=001004 ====
2026-05-26 00:10:04,234 [INFO] 非交易时段，退出
2026-05-26 00:20:04,341 [INFO] ==== 运行开始 run_id=002004 ====
2026-05-26 00:20:04,342 [INFO] 非交易时段，退出
2026-05-26 00:30:04,536 [INFO] ==== 运行开始 run_id=003004 ====
2026-05-26 00:30:04,537 [INFO] 非交易时段，退出
2026-05-26 00:40:03,973 [INFO] ==== 运行开始 run_id=004003 ====
2026-05-26 00:40:03,973 [INFO] 非交易时段，退出
2026-05-26 00:50:04,087 [INFO] ==== 运行开始 run_id=005004 ====
2026-05-26 00:50:04,087 [INFO] 非交易时段，退出
2026-05-26 01:00:04,052 [INFO] ==== 运行开始 run_id=010004 ====
2026-05-26 01:00:04,052 [INFO] 非交易时段，退出
2026-05-26 01:10:04,436 [INFO] ==== 运行开始 run_id=011004 ====
2026-05-26 01:10:04,437 [INFO] 非交易时段，退出
2026-05-26 01:20:04,415 [INFO] ==== 运行开始 run_id=012004 ====
2026-05-26 01:20:04,417 [INFO] 非交易时段，退出
2026-05-26 01:30:04,588 [INFO] ==== 运行开始 run_id=013004 ====
2026-05-26 01:30:04,589 [INFO] 非交易时段，退出
2026-05-26 01:40:04,296 [INFO] ==== 运行开始 run_id=014004 ====
2026-05-26 01:40:04,298 [INFO] 非交易时段，退出
2026-05-26 01:50:04,605 [INFO] ==== 运行开始 run_id=015004 ====
2026-05-26 01:50:04,605 [INFO] 非交易时段，退出
2026-05-26 02:00:04,212 [INFO] ==== 运行开始 run_id=020004 ====
2026-05-26 02:00:04,212 [INFO] 非交易时段，退出
2026-05-26 02:10:04,467 [INFO] ==== 运行开始 run_id=021004 ====
2026-05-26 02:10:04,467 [INFO] 非交易时段，退出
2026-05-26 02:20:04,224 [INFO] ==== 运行开始 run_id=022004 ====
2026-05-26 02:20:04,225 [INFO] 非交易时段，退出
2026-05-26 02:30:04,530 [INFO] ==== 运行开始 run_id=023004 ====
2026-05-26 02:30:04,530 [INFO] 非交易时段，退出
2026-05-26 02:40:04,154 [INFO] ==== 运行开始 run_id=024004 ====
2026-05-26 02:40:04,155 [INFO] 非交易时段，退出
2026-05-26 02:50:05,441 [INFO] ==== 运行开始 run_id=025005 ====
2026-05-26 02:50:05,442 [INFO] 非交易时段，退出
2026-05-26 03:00:04,644 [INFO] ==== 运行开始 run_id=030004 ====
2026-05-26 03:00:04,644 [INFO] 非交易时段，退出
2026-05-26 03:10:04,841 [INFO] ==== 运行开始 run_id=031004 ====
2026-05-26 03:10:04,842 [INFO] 非交易时段，退出
2026-05-26 03:20:04,276 [INFO] ==== 运行开始 run_id=032004 ====
2026-05-26 03:20:04,276 [INFO] 非交易时段，退出
2026-05-26 03:30:04,544 [INFO] ==== 运行开始 run_id=033004 ====
2026-05-26 03:30:04,545 [INFO] 非交易时段，退出
2026-05-26 03:40:04,212 [INFO] ==== 运行开始 run_id=034004 ====
2026-05-26 03:40:04,213 [INFO] 非交易时段，退出
2026-05-26 03:50:04,540 [INFO] ==== 运行开始 run_id=035004 ====
2026-05-26 03:50:04,540 [INFO] 非交易时段，退出
2026-05-26 04:00:05,116 [INFO] ==== 运行开始 run_id=040005 ====
2026-05-26 04:00:05,116 [INFO] 非交易时段，退出
2026-05-26 04:10:04,911 [INFO] ==== 运行开始 run_id=041004 ====
2026-05-26 04:10:04,911 [INFO] 非交易时段，退出
2026-05-26 04:20:04,525 [INFO] ==== 运行开始 run_id=042004 ====
2026-05-26 04:20:04,526 [INFO] 非交易时段，退出
2026-05-26 04:30:04,758 [INFO] ==== 运行开始 run_id=043004 ====
2026-05-26 04:30:04,758 [INFO] 非交易时段，退出
2026-05-26 04:40:04,272 [INFO] ==== 运行开始 run_id=044004 ====
2026-05-26 04:40:04,272 [INFO] 非交易时段，退出
2026-05-26 04:50:04,735 [INFO] ==== 运行开始 run_id=045004 ====
2026-05-26 04:50:04,735 [INFO] 非交易时段，退出
2026-05-26 05:00:04,809 [INFO] ==== 运行开始 run_id=050004 ====
2026-05-26 05:00:04,811 [INFO] 非交易时段，退出
2026-05-26 05:10:04,695 [INFO] ==== 运行开始 run_id=051004 ====
2026-05-26 05:10:04,695 [INFO] 非交易时段，退出
2026-05-26 05:20:04,492 [INFO] ==== 运行开始 run_id=052004 ====
2026-05-26 05:20:04,493 [INFO] 非交易时段，退出
2026-05-26 05:30:04,834 [INFO] ==== 运行开始 run_id=053004 ====
2026-05-26 05:30:04,834 [INFO] 非交易时段，退出
2026-05-26 05:40:04,550 [INFO] ==== 运行开始 run_id=054004 ====
2026-05-26 05:40:04,551 [INFO] 非交易时段，退出
2026-05-26 05:50:04,793 [INFO] ==== 运行开始 run_id=055004 ====
2026-05-26 05:50:04,795 [INFO] 非交易时段，退出
2026-05-26 06:00:04,481 [INFO] ==== 运行开始 run_id=060004 ====
2026-05-26 06:00:04,482 [INFO] 非交易时段，退出
2026-05-26 06:10:04,665 [INFO] ==== 运行开始 run_id=061004 ====
2026-05-26 06:10:04,665 [INFO] 非交易时段，退出
2026-05-26 06:20:04,513 [INFO] ==== 运行开始 run_id=062004 ====
2026-05-26 06:20:04,513 [INFO] 非交易时段，退出
2026-05-26 06:30:04,775 [INFO] ==== 运行开始 run_id=063004 ====
2026-05-26 06:30:04,775 [INFO] 非交易时段，退出
2026-05-26 06:40:04,512 [INFO] ==== 运行开始 run_id=064004 ====
2026-05-26 06:40:04,512 [INFO] 非交易时段，退出
2026-05-26 06:50:04,934 [INFO] ==== 运行开始 run_id=065004 ====
2026-05-26 06:50:04,934 [INFO] 非交易时段，退出
2026-05-26 07:00:04,582 [INFO] ==== 运行开始 run_id=070004 ====
2026-05-26 07:00:04,584 [INFO] 非交易时段，退出
2026-05-26 07:10:04,833 [INFO] ==== 运行开始 run_id=071004 ====
2026-05-26 07:10:04,834 [INFO] 非交易时段，退出
2026-05-26 07:20:04,689 [INFO] ==== 运行开始 run_id=072004 ====
2026-05-26 07:20:04,690 [INFO] 非交易时段，退出
2026-05-26 07:30:04,797 [INFO] ==== 运行开始 run_id=073004 ====
2026-05-26 07:30:04,797 [INFO] 非交易时段，退出
2026-05-26 07:40:04,585 [INFO] ==== 运行开始 run_id=074004 ====
2026-05-26 07:40:04,586 [INFO] 非交易时段，退出
2026-05-26 07:50:04,541 [INFO] ==== 运行开始 run_id=075004 ====
2026-05-26 07:50:04,543 [INFO] 非交易时段，退出
2026-05-26 08:00:04,062 [INFO] ==== 运行开始 run_id=080004 ====
2026-05-26 08:00:04,063 [INFO] 非交易时段，退出
2026-05-26 08:10:04,858 [INFO] ==== 运行开始 run_id=081004 ====
2026-05-26 08:10:04,859 [INFO] 非交易时段，退出
2026-05-26 08:20:04,574 [INFO] ==== 运行开始 run_id=082004 ====
2026-05-26 08:20:04,575 [INFO] 非交易时段，退出
2026-05-26 08:30:04,771 [INFO] ==== 运行开始 run_id=083004 ====
2026-05-26 08:30:04,771 [INFO] 非交易时段，退出
2026-05-26 08:40:04,495 [INFO] ==== 运行开始 run_id=084004 ====
2026-05-26 08:40:04,495 [INFO] 非交易时段，退出
2026-05-26 08:50:04,751 [INFO] ==== 运行开始 run_id=085004 ====
2026-05-26 08:50:04,751 [INFO] 非交易时段，退出
2026-05-26 09:00:04,543 [INFO] ==== 运行开始 run_id=090004 ====
2026-05-26 09:00:04,543 [INFO] 非交易时段，退出
2026-05-26 09:10:04,704 [INFO] ==== 运行开始 run_id=091004 ====
2026-05-26 09:10:04,704 [INFO] 非交易时段，退出
2026-05-26 09:20:04,649 [INFO] ==== 运行开始 run_id=092004 ====
2026-05-26 09:20:04,649 [INFO] 非交易时段，退出
2026-05-26 09:30:03,408 [INFO] ==== 运行开始 run_id=093003 ====
2026-05-26 09:30:03,409 [INFO] 准备拉取 12 只股票行情: ['603256', '605006', '002149', '002453', '603757', '601728', '002290', '002156', '002709', '000725', '600186', '600309']
2026-05-26 09:30:03,673 [INFO] 行情拉取成功，返回 12 条
2026-05-26 09:30:03,675 [INFO] 今日已推送阈值数: 0
2026-05-26 09:30:05,391 [WARNING] 🤖 虚拟交易: 002709_buy_zone → 买入 天赐材料 100股 @51.96 = 5196.00（含费 5201.00）
2026-05-26 09:30:05,391 [WARNING] 🔔 触发阈值: 002709_buy_zone 价=51.96 阈值=57.33 below
2026-05-26 09:30:05,395 [WARNING] 更新 watchlist_history 失败: name 'date' is not defined
2026-05-26 09:30:05,832 [WARNING] 🤖 虚拟交易: 002709_buy_strong → 买入 天赐材料 300股 @51.96 = 15588.00（含费 15593.00）
2026-05-26 09:30:05,832 [WARNING] 🔔 触发阈值: 002709_buy_strong 价=51.96 阈值=57.05 below
2026-05-26 09:30:05,834 [WARNING] 更新 watchlist_history 失败: name 'date' is not defined
2026-05-26 09:30:07,132 [WARNING] 🤖 虚拟交易: 002149_buy_zone → 买入 西部材料 100股 @68.04 = 6804.00（含费 6809.00）
2026-05-26 09:30:07,134 [WARNING] 🔔 触发阈值: 002149_buy_zone 价=68.04 阈值=71.63 below
2026-05-26 09:30:07,136 [WARNING] 更新 watchlist_history 失败: name 'date' is not defined
2026-05-26 09:30:08,745 [WARNING] 🤖 虚拟交易: 603757_buy_zone → 买入 大元泵业 100股 @61.00 = 6100.00（含费 6105.00）
2026-05-26 09:30:08,745 [WARNING] 🔔 触发阈值: 603757_buy_zone 价=61.0 阈值=61.81 below
2026-05-26 09:30:08,749 [WARNING] 更新 watchlist_history 失败: name 'date' is not defined
2026-05-26 09:30:09,203 [WARNING] 🤖 虚拟交易: 600309_buy_zone → 买入 万华化学 100股 @76.45 = 7645.00（含费 7650.00）
2026-05-26 09:30:09,203 [WARNING] 🔔 触发阈值: 600309_buy_zone 价=76.45 阈值=80.78 below
2026-05-26 09:30:09,206 [WARNING] 更新 watchlist_history 失败: name 'date' is not defined
2026-05-26 09:30:09,678 [WARNING] 🤖 虚拟交易: 600309_buy_strong → 买入 万华化学 200股 @76.45 = 15290.00（含费 15295.00）
2026-05-26 09:30:09,678 [WARNING] 🔔 触发阈值: 600309_buy_strong 价=76.45 阈值=84.46 below
2026-05-26 09:30:09,682 [WARNING] 更新 watchlist_history 失败: name 'date' is not defined
2026-05-26 09:30:10,155 [WARNING] 🤖 虚拟交易: 601728_buy_zone → 买入 中国电信 1300股 @6.09 = 7917.00（含费 7922.00）
2026-05-26 09:30:10,157 [WARNING] 🔔 触发阈值: 601728_buy_zone 价=6.09 阈值=6.42 below
2026-05-26 09:30:10,159 [WARNING] 更新 watchlist_history 失败: name 'date' is not defined
2026-05-26 09:30:10,797 [WARNING] 🤖 虚拟交易: 601728_buy_strong → 买入 中国电信 1600股 @6.09 = 9744.00（含费 9749.00）
2026-05-26 09:30:10,797 [WARNING] 🔔 触发阈值: 601728_buy_strong 价=6.09 阈值=6.2 below
2026-05-26 09:30:10,801 [WARNING] 更新 watchlist_history 失败: name 'date' is not defined
2026-05-26 09:30:10,813 [INFO] 检查完成: 检查了 31 个阈值, 跳过已推送 0 个, 本次触发 8 个
2026-05-26 09:30:11,069 [INFO] webhook 推送成功
2026-05-26 09:30:11,069 [INFO] webhook 推送 成功 | 8 条警报
2026-05-26 09:30:11,069 [INFO] 推送 8 条警报给用户
2026-05-26 09:30:11,069 [INFO] ==== 运行结束 run_id=093003 ====

2026-05-26 09:40:03,363 [INFO] ==== 运行开始 run_id=094003 ====
2026-05-26 09:40:03,363 [INFO] 准备拉取 14 只股票行情: ['603757', '000725', '601728', '002156', '002453', '002149', '600309', '002290', '600186', '605006', '002654', '603256', '603005', '002709']
2026-05-26 09:40:03,625 [INFO] 行情拉取成功，返回 14 条
2026-05-26 09:40:03,626 [INFO] 今日已推送阈值数: 8
2026-05-26 09:40:05,470 [WARNING] 🔔 触发阈值: 002149_buy_strong 价=66.19 阈值=67.7 below
2026-05-26 09:40:05,473 [WARNING] 更新 watchlist_history 失败: name 'date' is not defined
2026-05-26 09:40:06,600 [WARNING] 🔔 触发阈值: 002654_buy_zone 价=17.22 阈值=17.4 below
2026-05-26 09:40:06,604 [WARNING] 更新 watchlist_history 失败: name 'date' is not defined
2026-05-26 09:40:06,616 [INFO] 检查完成: 检查了 27 个阈值, 跳过已推送 8 个, 本次触发 2 个
2026-05-26 09:40:06,841 [INFO] webhook 推送成功
2026-05-26 09:40:06,842 [INFO] webhook 推送 成功 | 2 条警报
2026-05-26 09:40:06,842 [INFO] 推送 2 条警报给用户
2026-05-26 09:40:06,842 [INFO] ==== 运行结束 run_id=094003 ====

2026-05-26 09:50:04,230 [INFO] ==== 运行开始 run_id=095004 ====
2026-05-26 09:50:04,230 [INFO] 准备拉取 14 只股票行情: ['002290', '002156', '605006', '002709', '603256', '601728', '600309', '600186', '002453', '002149', '000725', '002654', '603005', '603757']
2026-05-26 09:50:04,530 [INFO] 行情拉取成功，返回 14 条
2026-05-26 09:50:04,533 [INFO] 今日已推送阈值数: 10
2026-05-26 09:50:04,546 [INFO] 检查完成: 检查了 25 个阈值, 跳过已推送 10 个, 本次触发 0 个
2026-05-26 09:50:04,546 [INFO] 无新警报，静默返回
2026-05-26 09:50:04,546 [INFO] ==== 运行结束 run_id=095004 ====

2026-05-26 10:00:04,482 [INFO] ==== 运行开始 run_id=100004 ====
2026-05-26 10:00:04,483 [INFO] 准备拉取 14 只股票行情: ['002453', '002654', '600186', '000725', '002156', '002709', '603256', '600309', '601728', '002149', '603005', '002290', '605006', '603757']
2026-05-26 10:00:04,764 [INFO] 行情拉取成功，返回 14 条
2026-05-26 10:00:04,765 [INFO] 今日已推送阈值数: 10
2026-05-26 10:00:04,778 [INFO] 检查完成: 检查了 25 个阈值, 跳过已推送 10 个, 本次触发 0 个
2026-05-26 10:00:04,778 [INFO] 无新警报，静默返回
2026-05-26 10:00:04,778 [INFO] ==== 运行结束 run_id=100004 ====

2026-05-26 10:10:03,795 [INFO] ==== 运行开始 run_id=101003 ====
2026-05-26 10:10:03,796 [INFO] 准备拉取 14 只股票行情: ['600186', '603256', '603757', '002149', '000725', '600309', '002290', '603005', '002156', '002654', '002709', '601728', '002453', '605006']
2026-05-26 10:10:04,077 [INFO] 行情拉取成功，返回 14 条
2026-05-26 10:10:04,078 [INFO] 今日已推送阈值数: 10
2026-05-26 10:10:04,091 [INFO] 检查完成: 检查了 25 个阈值, 跳过已推送 10 个, 本次触发 0 个
2026-05-26 10:10:04,091 [INFO] 无新警报，静默返回
2026-05-26 10:10:04,091 [INFO] ==== 运行结束 run_id=101003 ====

2026-05-26 10:20:03,947 [INFO] ==== 运行开始 run_id=102003 ====
2026-05-26 10:20:03,948 [INFO] 准备拉取 14 只股票行情: ['002156', '601728', '603757', '002654', '002453', '002290', '603256', '002709', '603005', '002149', '000725', '600309', '605006', '600186']
2026-05-26 10:20:04,336 [INFO] 行情拉取成功，返回 14 条
2026-05-26 10:20:04,336 [INFO] 今日已推送阈值数: 10
2026-05-26 10:20:05,252 [WARNING] 🔔 触发阈值: 603757_buy_strong 价=56.75 阈值=56.85 below
2026-05-26 10:20:05,255 [WARNING] 更新 watchlist_history 失败: name 'date' is not defined
2026-05-26 10:20:05,267 [INFO] 检查完成: 检查了 25 个阈值, 跳过已推送 10 个, 本次触发 1 个
2026-05-26 10:20:05,462 [INFO] webhook 推送成功
2026-05-26 10:20:05,464 [INFO] webhook 推送 成功 | 1 条警报
2026-05-26 10:20:05,464 [INFO] 推送 1 条警报给用户
2026-05-26 10:20:05,464 [INFO] ==== 运行结束 run_id=102003 ====

2026-05-26 10:30:03,668 [INFO] ==== 运行开始 run_id=103003 ====
2026-05-26 10:30:03,668 [INFO] 准备拉取 14 只股票行情: ['002709', '603256', '603757', '000725', '002149', '002453', '605006', '002290', '603005', '600186', '600309', '601728', '002156', '002654']
2026-05-26 10:30:03,959 [INFO] 行情拉取成功，返回 14 条
2026-05-26 10:30:03,962 [INFO] 今日已推送阈值数: 11
2026-05-26 10:30:04,002 [INFO] 检查完成: 检查了 24 个阈值, 跳过已推送 11 个, 本次触发 0 个
2026-05-26 10:30:04,002 [INFO] 无新警报，静默返回
2026-05-26 10:30:04,002 [INFO] ==== 运行结束 run_id=103003 ====

2026-05-26 10:40:03,773 [INFO] ==== 运行开始 run_id=104003 ====
2026-05-26 10:40:03,774 [INFO] 准备拉取 14 只股票行情: ['605006', '002156', '600309', '603005', '002709', '002654', '600186', '603256', '000725', '603757', '601728', '002290', '002149', '002453']
2026-05-26 10:40:04,054 [INFO] 行情拉取成功，返回 14 条
2026-05-26 10:40:04,055 [INFO] 今日已推送阈值数: 11
2026-05-26 10:40:04,070 [INFO] 检查完成: 检查了 24 个阈值, 跳过已推送 11 个, 本次触发 0 个
2026-05-26 10:40:04,070 [INFO] 无新警报，静默返回
2026-05-26 10:40:04,070 [INFO] ==== 运行结束 run_id=104003 ====

2026-05-26 10:50:04,716 [INFO] ==== 运行开始 run_id=105004 ====
2026-05-26 10:50:04,716 [INFO] 准备拉取 14 只股票行情: ['601728', '600186', '603757', '002156', '002453', '605006', '603256', '600309', '603005', '002709', '002654', '000725', '002290', '002149']
2026-05-26 10:50:05,008 [INFO] 行情拉取成功，返回 14 条
2026-05-26 10:50:05,009 [INFO] 今日已推送阈值数: 11
2026-05-26 10:50:05,022 [INFO] 检查完成: 检查了 24 个阈值, 跳过已推送 11 个, 本次触发 0 个
2026-05-26 10:50:05,022 [INFO] 无新警报，静默返回
2026-05-26 10:50:05,022 [INFO] ==== 运行结束 run_id=105004 ====

2026-05-26 11:00:04,169 [INFO] ==== 运行开始 run_id=110004 ====
2026-05-26 11:00:04,169 [INFO] 准备拉取 14 只股票行情: ['605006', '603757', '002654', '002149', '600309', '601728', '603256', '002290', '600186', '002709', '603005', '000725', '002156', '002453']
2026-05-26 11:00:04,436 [INFO] 行情拉取成功，返回 14 条
2026-05-26 11:00:04,437 [INFO] 今日已推送阈值数: 11
2026-05-26 11:00:04,452 [INFO] 检查完成: 检查了 24 个阈值, 跳过已推送 11 个, 本次触发 0 个
2026-05-26 11:00:04,452 [INFO] 无新警报，静默返回
2026-05-26 11:00:04,452 [INFO] ==== 运行结束 run_id=110004 ====

2026-05-26 11:10:03,867 [INFO] ==== 运行开始 run_id=111003 ====
2026-05-26 11:10:03,869 [INFO] 准备拉取 14 只股票行情: ['600186', '603005', '002453', '000725', '002290', '601728', '605006', '002156', '002149', '603757', '002709', '600309', '603256', '002654']
2026-05-26 11:10:04,215 [INFO] 行情拉取成功，返回 14 条
2026-05-26 11:10:04,217 [INFO] 今日已推送阈值数: 11
2026-05-26 11:10:04,235 [INFO] 检查完成: 检查了 24 个阈值, 跳过已推送 11 个, 本次触发 0 个
2026-05-26 11:10:04,235 [INFO] 无新警报，静默返回
2026-05-26 11:10:04,235 [INFO] ==== 运行结束 run_id=111003 ====

2026-05-26 11:20:03,769 [INFO] ==== 运行开始 run_id=112003 ====
2026-05-26 11:20:03,770 [INFO] 准备拉取 14 只股票行情: ['600309', '601728', '603256', '002149', '002290', '600186', '000725', '002709', '603005', '002654', '002453', '605006', '603757', '002156']
2026-05-26 11:20:04,106 [INFO] 行情拉取成功，返回 14 条
2026-05-26 11:20:04,108 [INFO] 今日已推送阈值数: 11
2026-05-26 11:20:04,122 [INFO] 检查完成: 检查了 24 个阈值, 跳过已推送 11 个, 本次触发 0 个
2026-05-26 11:20:04,123 [INFO] 无新警报，静默返回
2026-05-26 11:20:04,123 [INFO] ==== 运行结束 run_id=112003 ====

2026-05-26 11:30:03,601 [INFO] ==== 运行开始 run_id=113003 ====
2026-05-26 11:30:03,603 [INFO] 非交易时段，退出
2026-05-26 11:40:04,278 [INFO] ==== 运行开始 run_id=114004 ====
2026-05-26 11:40:04,278 [INFO] 非交易时段，退出
2026-05-26 11:50:03,808 [INFO] ==== 运行开始 run_id=115003 ====
2026-05-26 11:50:03,808 [INFO] 非交易时段，退出
2026-05-26 12:00:04,470 [INFO] ==== 运行开始 run_id=120004 ====
2026-05-26 12:00:04,472 [INFO] 非交易时段，退出
2026-05-26 12:10:03,686 [INFO] ==== 运行开始 run_id=121003 ====
2026-05-26 12:10:03,686 [INFO] 非交易时段，退出
2026-05-26 12:20:03,823 [INFO] ==== 运行开始 run_id=122003 ====
2026-05-26 12:20:03,823 [INFO] 非交易时段，退出
2026-05-26 12:30:03,652 [INFO] ==== 运行开始 run_id=123003 ====
2026-05-26 12:30:03,652 [INFO] 非交易时段，退出
2026-05-26 12:38:03,293 [INFO] ==== 运行开始 run_id=123803 ====
2026-05-26 12:38:03,294 [INFO] 非交易时段，退出
2026-05-26 12:40:03,767 [INFO] ==== 运行开始 run_id=124003 ====
2026-05-26 12:40:03,767 [INFO] 非交易时段，退出
2026-05-26 12:42:54,846 [INFO] ==== 运行开始 run_id=124254 ====
2026-05-26 12:42:54,847 [INFO] 非交易时段，退出
2026-05-26 12:50:03,557 [INFO] ==== 运行开始 run_id=125003 ====
2026-05-26 12:50:03,557 [INFO] 非交易时段，退出
2026-05-26 12:56:05,300 [INFO] ==== 运行开始 run_id=125605 ====
2026-05-26 12:56:05,300 [INFO] 非交易时段，退出
2026-05-26 12:56:27,419 [INFO] ==== 运行开始 run_id=125627 ====
2026-05-26 12:56:27,419 [INFO] 非交易时段，退出
2026-05-26 12:57:25,547 [INFO] ==== 运行开始 run_id=125725 ====
2026-05-26 12:57:25,547 [INFO] 准备拉取 1 只股票行情: ['000001']
2026-05-26 12:57:25,854 [INFO] 行情拉取成功，返回 1 条
2026-05-26 12:57:25,855 [INFO] 今日已推送阈值数: 11
2026-05-26 12:57:25,857 [WARNING] 更新模拟账户市值异常: No module named 'sim_executor'
2026-05-26 12:57:25,857 [INFO] 检查完成: 检查了 1 个阈值, 跳过已推送 0 个, 本次触发 0 个
2026-05-26 12:57:25,857 [INFO] 无新警报，静默返回
2026-05-26 12:57:25,857 [INFO] ==== 运行结束 run_id=125725 ====

2026-05-26 13:00:04,460 [INFO] ==== 运行开始 run_id=130004 ====
2026-05-26 13:00:04,460 [INFO] 准备拉取 14 只股票行情: ['002654', '002453', '002156', '002709', '600309', '603005', '603757', '002149', '002290', '605006', '600186', '603256', '000725', '601728']
2026-05-26 13:00:04,777 [INFO] 行情拉取成功，返回 14 条
2026-05-26 13:00:04,779 [INFO] 今日已推送阈值数: 11
2026-05-26 13:00:04,794 [INFO] 检查完成: 检查了 24 个阈值, 跳过已推送 11 个, 本次触发 0 个
2026-05-26 13:00:04,794 [INFO] 无新警报，静默返回
2026-05-26 13:00:04,794 [INFO] ==== 运行结束 run_id=130004 ====

2026-05-26 13:10:04,087 [INFO] ==== 运行开始 run_id=131004 ====
2026-05-26 13:10:04,087 [INFO] 准备拉取 14 只股票行情: ['002149', '002654', '002156', '002453', '002709', '600186', '603005', '605006', '000725', '600309', '601728', '002290', '603757', '603256']
2026-05-26 13:10:04,512 [INFO] 行情拉取成功，返回 14 条
2026-05-26 13:10:04,512 [INFO] 今日已推送阈值数: 11
2026-05-26 13:10:04,532 [INFO] 检查完成: 检查了 24 个阈值, 跳过已推送 11 个, 本次触发 0 个
2026-05-26 13:10:04,536 [INFO] 无新警报，静默返回
2026-05-26 13:10:04,536 [INFO] ==== 运行结束 run_id=131004 ====

2026-05-26 13:20:04,002 [INFO] ==== 运行开始 run_id=132004 ====
2026-05-26 13:20:04,002 [INFO] 准备拉取 14 只股票行情: ['605006', '002149', '002654', '002453', '600309', '603005', '601728', '002709', '603757', '002290', '002156', '600186', '603256', '000725']
2026-05-26 13:20:04,327 [INFO] 行情拉取成功，返回 14 条
2026-05-26 13:20:04,328 [INFO] 今日已推送阈值数: 11
2026-05-26 13:20:04,344 [INFO] 检查完成: 检查了 24 个阈值, 跳过已推送 11 个, 本次触发 0 个
2026-05-26 13:20:04,344 [INFO] 无新警报，静默返回
2026-05-26 13:20:04,344 [INFO] ==== 运行结束 run_id=132004 ====

2026-05-26 13:30:03,958 [INFO] ==== 运行开始 run_id=133003 ====
2026-05-26 13:30:03,959 [INFO] 准备拉取 14 只股票行情: ['605006', '600309', '603005', '603256', '002709', '600186', '601728', '000725', '002149', '002654', '002453', '002156', '002290', '603757']
2026-05-26 13:30:04,257 [INFO] 行情拉取成功，返回 14 条
2026-05-26 13:30:04,259 [INFO] 今日已推送阈值数: 11
2026-05-26 13:30:04,272 [INFO] 检查完成: 检查了 24 个阈值, 跳过已推送 11 个, 本次触发 0 个
2026-05-26 13:30:04,273 [INFO] 无新警报，静默返回
2026-05-26 13:30:04,273 [INFO] ==== 运行结束 run_id=133003 ====

2026-05-26 13:40:04,595 [INFO] ==== 运行开始 run_id=134004 ====
2026-05-26 13:40:04,598 [INFO] 准备拉取 14 只股票行情: ['600186', '603005', '002453', '002156', '600309', '605006', '601728', '002709', '603757', '000725', '603256', '002149', '002290', '002654']
2026-05-26 13:40:05,060 [INFO] 行情拉取成功，返回 14 条
2026-05-26 13:40:05,063 [INFO] 今日已推送阈值数: 11
2026-05-26 13:40:05,079 [INFO] 检查完成: 检查了 24 个阈值, 跳过已推送 11 个, 本次触发 0 个
2026-05-26 13:40:05,079 [INFO] 无新警报，静默返回
2026-05-26 13:40:05,079 [INFO] ==== 运行结束 run_id=134004 ====

2026-05-26 13:50:04,379 [INFO] ==== 运行开始 run_id=135004 ====
2026-05-26 13:50:04,380 [INFO] 准备拉取 14 只股票行情: ['002156', '603757', '002290', '600309', '002453', '002149', '600186', '002654', '603005', '601728', '603256', '002709', '605006', '000725']
2026-05-26 13:50:04,708 [INFO] 行情拉取成功，返回 14 条
2026-05-26 13:50:04,709 [INFO] 今日已推送阈值数: 11
2026-05-26 13:50:04,720 [INFO] 检查完成: 检查了 24 个阈值, 跳过已推送 11 个, 本次触发 0 个
2026-05-26 13:50:04,720 [INFO] 无新警报，静默返回
2026-05-26 13:50:04,720 [INFO] ==== 运行结束 run_id=135004 ====

2026-05-26 14:00:04,889 [INFO] ==== 运行开始 run_id=140004 ====
2026-05-26 14:00:04,889 [INFO] 准备拉取 14 只股票行情: ['002654', '603005', '600309', '002709', '605006', '002149', '002156', '002453', '603757', '000725', '002290', '601728', '603256', '600186']
2026-05-26 14:00:05,189 [INFO] 行情拉取成功，返回 14 条
2026-05-26 14:00:05,192 [INFO] 今日已推送阈值数: 11
2026-05-26 14:00:05,207 [INFO] 检查完成: 检查了 24 个阈值, 跳过已推送 11 个, 本次触发 0 个
2026-05-26 14:00:05,207 [INFO] 无新警报，静默返回
2026-05-26 14:00:05,207 [INFO] ==== 运行结束 run_id=140004 ====

2026-05-26 14:10:04,144 [INFO] ==== 运行开始 run_id=141004 ====
2026-05-26 14:10:04,144 [INFO] 准备拉取 14 只股票行情: ['605006', '002290', '002149', '002156', '601728', '603005', '002709', '600186', '002654', '002453', '603757', '603256', '000725', '600309']
2026-05-26 14:10:04,442 [INFO] 行情拉取成功，返回 14 条
2026-05-26 14:10:04,442 [INFO] 今日已推送阈值数: 11
2026-05-26 14:10:04,458 [INFO] 检查完成: 检查了 24 个阈值, 跳过已推送 11 个, 本次触发 0 个
2026-05-26 14:10:04,458 [INFO] 无新警报，静默返回
2026-05-26 14:10:04,458 [INFO] ==== 运行结束 run_id=141004 ====

2026-05-26 14:20:03,130 [INFO] ==== 运行开始 run_id=142003 ====
2026-05-26 14:20:03,130 [INFO] 准备拉取 14 只股票行情: ['002149', '002453', '002290', '603005', '002709', '603256', '002654', '605006', '000725', '603757', '601728', '002156', '600186', '600309']
2026-05-26 14:20:03,467 [INFO] 行情拉取成功，返回 14 条
2026-05-26 14:20:03,468 [INFO] 今日已推送阈值数: 11
2026-05-26 14:20:03,485 [INFO] 检查完成: 检查了 24 个阈值, 跳过已推送 11 个, 本次触发 0 个
2026-05-26 14:20:03,485 [INFO] 无新警报，静默返回
2026-05-26 14:20:03,485 [INFO] ==== 运行结束 run_id=142003 ====

2026-05-26 14:30:03,738 [INFO] ==== 运行开始 run_id=143003 ====
2026-05-26 14:30:03,738 [INFO] 准备拉取 14 只股票行情: ['600186', '603757', '002156', '000725', '605006', '601728', '603005', '002453', '002709', '002290', '002654', '002149', '603256', '600309']
2026-05-26 14:30:04,040 [INFO] 行情拉取成功，返回 14 条
2026-05-26 14:30:04,041 [INFO] 今日已推送阈值数: 11
2026-05-26 14:30:04,057 [INFO] 检查完成: 检查了 24 个阈值, 跳过已推送 11 个, 本次触发 0 个
2026-05-26 14:30:04,057 [INFO] 无新警报，静默返回
2026-05-26 14:30:04,057 [INFO] ==== 运行结束 run_id=143003 ====

2026-05-26 14:40:02,956 [INFO] ==== 运行开始 run_id=144002 ====
2026-05-26 14:40:02,956 [INFO] 准备拉取 14 只股票行情: ['600309', '603757', '000725', '605006', '002654', '603005', '002709', '002290', '600186', '002149', '603256', '601728', '002156', '002453']
2026-05-26 14:40:03,235 [INFO] 行情拉取成功，返回 14 条
2026-05-26 14:40:03,236 [INFO] 今日已推送阈值数: 11
2026-05-26 14:40:03,250 [INFO] 检查完成: 检查了 24 个阈值, 跳过已推送 11 个, 本次触发 0 个
2026-05-26 14:40:03,250 [INFO] 无新警报，静默返回
2026-05-26 14:40:03,250 [INFO] ==== 运行结束 run_id=144002 ====

2026-05-26 14:50:03,240 [INFO] ==== 运行开始 run_id=145003 ====
2026-05-26 14:50:03,240 [INFO] 准备拉取 14 只股票行情: ['603256', '002709', '600309', '601728', '605006', '002149', '600186', '002654', '603005', '000725', '002453', '002290', '002156', '603757']
2026-05-26 14:50:03,688 [INFO] 行情拉取成功，返回 14 条
2026-05-26 14:50:03,691 [INFO] 今日已推送阈值数: 11
2026-05-26 14:50:03,709 [INFO] 检查完成: 检查了 24 个阈值, 跳过已推送 11 个, 本次触发 0 个
2026-05-26 14:50:03,709 [INFO] 无新警报，静默返回
2026-05-26 14:50:03,709 [INFO] ==== 运行结束 run_id=145003 ====

2026-05-26 15:00:03,275 [INFO] ==== 运行开始 run_id=150003 ====
2026-05-26 15:00:03,275 [INFO] 非交易时段，退出
2026-05-26 15:10:04,863 [INFO] ==== 运行开始 run_id=151004 ====
2026-05-26 15:10:04,864 [INFO] 非交易时段，退出
2026-05-26 15:20:04,546 [INFO] ==== 运行开始 run_id=152004 ====
2026-05-26 15:20:04,550 [INFO] 非交易时段，退出
2026-05-26 15:30:04,193 [INFO] ==== 运行开始 run_id=153004 ====
2026-05-26 15:30:04,193 [INFO] 非交易时段，退出
2026-05-26 15:40:04,062 [INFO] ==== 运行开始 run_id=154004 ====
2026-05-26 15:40:04,062 [INFO] 非交易时段，退出
2026-05-26 15:50:05,529 [INFO] ==== 运行开始 run_id=155005 ====
2026-05-26 15:50:05,530 [INFO] 非交易时段，退出
2026-05-26 16:00:04,541 [INFO] ==== 运行开始 run_id=160004 ====
2026-05-26 16:00:04,541 [INFO] 非交易时段，退出
2026-05-26 16:10:03,982 [INFO] ==== 运行开始 run_id=161003 ====
2026-05-26 16:10:03,983 [INFO] 非交易时段，退出
2026-05-26 16:20:04,048 [INFO] ==== 运行开始 run_id=162004 ====
2026-05-26 16:20:04,048 [INFO] 非交易时段，退出
2026-05-26 16:30:05,193 [INFO] ==== 运行开始 run_id=163005 ====
2026-05-26 16:30:05,194 [INFO] 非交易时段，退出
2026-05-26 16:40:03,977 [INFO] ==== 运行开始 run_id=164003 ====
2026-05-26 16:40:03,977 [INFO] 非交易时段，退出
2026-05-26 16:50:03,991 [INFO] ==== 运行开始 run_id=165003 ====
2026-05-26 16:50:03,991 [INFO] 非交易时段，退出
2026-05-26 17:00:04,025 [INFO] ==== 运行开始 run_id=170004 ====
2026-05-26 17:00:04,025 [INFO] 非交易时段，退出
2026-05-26 17:10:03,918 [INFO] ==== 运行开始 run_id=171003 ====
2026-05-26 17:10:03,918 [INFO] 非交易时段，退出
2026-05-26 17:20:04,139 [INFO] ==== 运行开始 run_id=172004 ====
2026-05-26 17:20:04,139 [INFO] 非交易时段，退出
2026-05-26 17:30:03,722 [INFO] ==== 运行开始 run_id=173003 ====
2026-05-26 17:30:03,722 [INFO] 非交易时段，退出
2026-05-26 17:40:03,841 [INFO] ==== 运行开始 run_id=174003 ====
2026-05-26 17:40:03,842 [INFO] 非交易时段，退出
2026-05-26 17:50:03,713 [INFO] ==== 运行开始 run_id=175003 ====
2026-05-26 17:50:03,713 [INFO] 非交易时段，退出
2026-05-26 18:00:03,950 [INFO] ==== 运行开始 run_id=180003 ====
2026-05-26 18:00:03,950 [INFO] 非交易时段，退出
2026-05-26 18:10:03,852 [INFO] ==== 运行开始 run_id=181003 ====
2026-05-26 18:10:03,854 [INFO] 非交易时段，退出
2026-05-26 18:20:04,068 [INFO] ==== 运行开始 run_id=182004 ====
2026-05-26 18:20:04,068 [INFO] 非交易时段，退出
2026-05-26 18:30:03,228 [INFO] ==== 运行开始 run_id=183003 ====
2026-05-26 18:30:03,228 [INFO] 非交易时段，退出
2026-05-26 18:40:04,198 [INFO] ==== 运行开始 run_id=184004 ====
2026-05-26 18:40:04,199 [INFO] 非交易时段，退出
2026-05-26 18:50:03,842 [INFO] ==== 运行开始 run_id=185003 ====
2026-05-26 18:50:03,843 [INFO] 非交易时段，退出
2026-05-26 19:00:03,982 [INFO] ==== 运行开始 run_id=190003 ====
2026-05-26 19:00:03,983 [INFO] 非交易时段，退出
2026-05-26 19:10:03,888 [INFO] ==== 运行开始 run_id=191003 ====
2026-05-26 19:10:03,889 [INFO] 非交易时段，退出
2026-05-26 19:20:03,810 [INFO] ==== 运行开始 run_id=192003 ====
2026-05-26 19:20:03,810 [INFO] 非交易时段，退出
2026-05-26 19:30:03,834 [INFO] ==== 运行开始 run_id=193003 ====
2026-05-26 19:30:03,834 [INFO] 非交易时段，退出
2026-05-26 19:40:03,977 [INFO] ==== 运行开始 run_id=194003 ====
2026-05-26 19:40:03,977 [INFO] 非交易时段，退出
2026-05-26 19:50:03,789 [INFO] ==== 运行开始 run_id=195003 ====
2026-05-26 19:50:03,789 [INFO] 非交易时段，退出
2026-05-26 20:00:04,096 [INFO] ==== 运行开始 run_id=200004 ====
2026-05-26 20:00:04,097 [INFO] 非交易时段，退出
2026-05-26 20:10:04,547 [INFO] ==== 运行开始 run_id=201004 ====
2026-05-26 20:10:04,548 [INFO] 非交易时段，退出
2026-05-26 20:20:04,648 [INFO] ==== 运行开始 run_id=202004 ====
2026-05-26 20:20:04,651 [INFO] 非交易时段，退出
2026-05-26 20:30:04,277 [INFO] ==== 运行开始 run_id=203004 ====
2026-05-26 20:30:04,279 [INFO] 非交易时段，退出
2026-05-26 20:40:04,556 [INFO] ==== 运行开始 run_id=204004 ====
2026-05-26 20:40:04,556 [INFO] 非交易时段，退出
2026-05-26 20:50:04,170 [INFO] ==== 运行开始 run_id=205004 ====
2026-05-26 20:50:04,170 [INFO] 非交易时段，退出
2026-05-26 21:00:04,188 [INFO] ==== 运行开始 run_id=210004 ====
2026-05-26 21:00:04,188 [INFO] 非交易时段，退出
2026-05-26 21:10:04,134 [INFO] ==== 运行开始 run_id=211004 ====
2026-05-26 21:10:04,134 [INFO] 非交易时段，退出
2026-05-26 21:20:04,147 [INFO] ==== 运行开始 run_id=212004 ====
2026-05-26 21:20:04,147 [INFO] 非交易时段，退出
2026-05-26 21:30:04,222 [INFO] ==== 运行开始 run_id=213004 ====
2026-05-26 21:30:04,222 [INFO] 非交易时段，退出
2026-05-26 21:40:04,082 [INFO] ==== 运行开始 run_id=214004 ====
2026-05-26 21:40:04,084 [INFO] 非交易时段，退出
2026-05-26 21:50:04,105 [INFO] ==== 运行开始 run_id=215004 ====
2026-05-26 21:50:04,106 [INFO] 非交易时段，退出
2026-05-26 22:00:04,263 [INFO] ==== 运行开始 run_id=220004 ====
2026-05-26 22:00:04,263 [INFO] 非交易时段，退出
2026-05-26 22:10:04,182 [INFO] ==== 运行开始 run_id=221004 ====
2026-05-26 22:10:04,182 [INFO] 非交易时段，退出
2026-05-26 22:20:04,147 [INFO] ==== 运行开始 run_id=222004 ====
2026-05-26 22:20:04,148 [INFO] 非交易时段，退出
2026-05-26 22:30:04,259 [INFO] ==== 运行开始 run_id=223004 ====
2026-05-26 22:30:04,260 [INFO] 非交易时段，退出
2026-05-26 22:40:04,282 [INFO] ==== 运行开始 run_id=224004 ====
2026-05-26 22:40:04,283 [INFO] 非交易时段，退出
2026-05-26 22:50:04,233 [INFO] ==== 运行开始 run_id=225004 ====
2026-05-26 22:50:04,234 [INFO] 非交易时段，退出
2026-05-26 23:00:04,383 [INFO] ==== 运行开始 run_id=230004 ====
2026-05-26 23:00:04,383 [INFO] 非交易时段，退出
2026-05-26 23:10:04,202 [INFO] ==== 运行开始 run_id=231004 ====
2026-05-26 23:10:04,203 [INFO] 非交易时段，退出
2026-05-26 23:20:04,348 [INFO] ==== 运行开始 run_id=232004 ====
2026-05-26 23:20:04,349 [INFO] 非交易时段，退出
2026-05-26 23:30:04,152 [INFO] ==== 运行开始 run_id=233004 ====
2026-05-26 23:30:04,152 [INFO] 非交易时段，退出
2026-05-26 23:40:04,301 [INFO] ==== 运行开始 run_id=234004 ====
2026-05-26 23:40:04,301 [INFO] 非交易时段，退出
2026-05-26 23:50:04,213 [INFO] ==== 运行开始 run_id=235004 ====
2026-05-26 23:50:04,213 [INFO] 非交易时段，退出
2026-05-27 00:00:04,307 [INFO] ==== 运行开始 run_id=000004 ====
2026-05-27 00:00:04,307 [INFO] 非交易时段，退出
2026-05-27 00:10:04,430 [INFO] ==== 运行开始 run_id=001004 ====
2026-05-27 00:10:04,431 [INFO] 非交易时段，退出
2026-05-27 00:20:04,221 [INFO] ==== 运行开始 run_id=002004 ====
2026-05-27 00:20:04,221 [INFO] 非交易时段，退出
2026-05-27 00:30:04,315 [INFO] ==== 运行开始 run_id=003004 ====
2026-05-27 00:30:04,315 [INFO] 非交易时段，退出
2026-05-27 00:40:04,330 [INFO] ==== 运行开始 run_id=004004 ====
2026-05-27 00:40:04,331 [INFO] 非交易时段，退出
2026-05-27 00:50:04,346 [INFO] ==== 运行开始 run_id=005004 ====
2026-05-27 00:50:04,346 [INFO] 非交易时段，退出
2026-05-27 01:00:04,381 [INFO] ==== 运行开始 run_id=010004 ====
2026-05-27 01:00:04,382 [INFO] 非交易时段，退出
2026-05-27 01:10:04,597 [INFO] ==== 运行开始 run_id=011004 ====
2026-05-27 01:10:04,598 [INFO] 非交易时段，退出
2026-05-27 01:20:04,281 [INFO] ==== 运行开始 run_id=012004 ====
2026-05-27 01:20:04,281 [INFO] 非交易时段，退出
2026-05-27 01:30:04,450 [INFO] ==== 运行开始 run_id=013004 ====
2026-05-27 01:30:04,450 [INFO] 非交易时段，退出
2026-05-27 01:40:04,321 [INFO] ==== 运行开始 run_id=014004 ====
2026-05-27 01:40:04,321 [INFO] 非交易时段，退出
2026-05-27 01:50:04,529 [INFO] ==== 运行开始 run_id=015004 ====
2026-05-27 01:50:04,531 [INFO] 非交易时段，退出
2026-05-27 02:00:04,326 [INFO] ==== 运行开始 run_id=020004 ====
2026-05-27 02:00:04,327 [INFO] 非交易时段，退出
2026-05-27 02:10:04,456 [INFO] ==== 运行开始 run_id=021004 ====
2026-05-27 02:10:04,457 [INFO] 非交易时段，退出
2026-05-27 02:20:04,319 [INFO] ==== 运行开始 run_id=022004 ====
2026-05-27 02:20:04,320 [INFO] 非交易时段，退出
2026-05-27 02:30:04,526 [INFO] ==== 运行开始 run_id=023004 ====
2026-05-27 02:30:04,527 [INFO] 非交易时段，退出
2026-05-27 02:40:04,486 [INFO] ==== 运行开始 run_id=024004 ====
2026-05-27 02:40:04,486 [INFO] 非交易时段，退出
2026-05-27 02:50:04,427 [INFO] ==== 运行开始 run_id=025004 ====
2026-05-27 02:50:04,427 [INFO] 非交易时段，退出
2026-05-27 03:00:04,341 [INFO] ==== 运行开始 run_id=030004 ====
2026-05-27 03:00:04,341 [INFO] 非交易时段，退出
2026-05-27 03:10:04,539 [INFO] ==== 运行开始 run_id=031004 ====
2026-05-27 03:10:04,539 [INFO] 非交易时段，退出
2026-05-27 03:20:04,426 [INFO] ==== 运行开始 run_id=032004 ====
2026-05-27 03:20:04,426 [INFO] 非交易时段，退出
2026-05-27 03:30:04,433 [INFO] ==== 运行开始 run_id=033004 ====
2026-05-27 03:30:04,434 [INFO] 非交易时段，退出
2026-05-27 03:40:04,524 [INFO] ==== 运行开始 run_id=034004 ====
2026-05-27 03:40:04,526 [INFO] 非交易时段，退出
2026-05-27 03:50:04,543 [INFO] ==== 运行开始 run_id=035004 ====
2026-05-27 03:50:04,544 [INFO] 非交易时段，退出
2026-05-27 04:00:04,849 [INFO] ==== 运行开始 run_id=040004 ====
2026-05-27 04:00:04,850 [INFO] 非交易时段，退出
2026-05-27 04:10:04,544 [INFO] ==== 运行开始 run_id=041004 ====
2026-05-27 04:10:04,544 [INFO] 非交易时段，退出
2026-05-27 04:20:04,979 [INFO] ==== 运行开始 run_id=042004 ====
2026-05-27 04:20:04,979 [INFO] 非交易时段，退出
2026-05-27 04:30:04,471 [INFO] ==== 运行开始 run_id=043004 ====
2026-05-27 04:30:04,471 [INFO] 非交易时段，退出
2026-05-27 04:40:04,544 [INFO] ==== 运行开始 run_id=044004 ====
2026-05-27 04:40:04,544 [INFO] 非交易时段，退出
2026-05-27 04:50:04,576 [INFO] ==== 运行开始 run_id=045004 ====
2026-05-27 04:50:04,576 [INFO] 非交易时段，退出
2026-05-27 05:00:04,542 [INFO] ==== 运行开始 run_id=050004 ====
2026-05-27 05:00:04,544 [INFO] 非交易时段，退出
2026-05-27 05:10:04,664 [INFO] ==== 运行开始 run_id=051004 ====
2026-05-27 05:10:04,664 [INFO] 非交易时段，退出
2026-05-27 05:20:04,744 [INFO] ==== 运行开始 run_id=052004 ====
2026-05-27 05:20:04,744 [INFO] 非交易时段，退出
2026-05-27 05:30:04,448 [INFO] ==== 运行开始 run_id=053004 ====
2026-05-27 05:30:04,449 [INFO] 非交易时段，退出
2026-05-27 05:40:04,593 [INFO] ==== 运行开始 run_id=054004 ====
2026-05-27 05:40:04,593 [INFO] 非交易时段，退出
2026-05-27 05:50:04,672 [INFO] ==== 运行开始 run_id=055004 ====
2026-05-27 05:50:04,672 [INFO] 非交易时段，退出
2026-05-27 06:00:04,533 [INFO] ==== 运行开始 run_id=060004 ====
2026-05-27 06:00:04,534 [INFO] 非交易时段，退出
2026-05-27 06:10:04,610 [INFO] ==== 运行开始 run_id=061004 ====
2026-05-27 06:10:04,611 [INFO] 非交易时段，退出
2026-05-27 06:20:04,562 [INFO] ==== 运行开始 run_id=062004 ====
2026-05-27 06:20:04,562 [INFO] 非交易时段，退出
2026-05-27 06:30:04,637 [INFO] ==== 运行开始 run_id=063004 ====
2026-05-27 06:30:04,639 [INFO] 非交易时段，退出
2026-05-27 06:40:04,778 [INFO] ==== 运行开始 run_id=064004 ====
2026-05-27 06:40:04,779 [INFO] 非交易时段，退出
2026-05-27 06:50:04,508 [INFO] ==== 运行开始 run_id=065004 ====
2026-05-27 06:50:04,509 [INFO] 非交易时段，退出
2026-05-27 07:00:04,936 [INFO] ==== 运行开始 run_id=070004 ====
2026-05-27 07:00:04,937 [INFO] 非交易时段，退出
2026-05-27 07:10:05,522 [INFO] ==== 运行开始 run_id=071005 ====
2026-05-27 07:10:05,524 [INFO] 非交易时段，退出
2026-05-27 07:20:04,601 [INFO] ==== 运行开始 run_id=072004 ====
2026-05-27 07:20:04,601 [INFO] 非交易时段，退出
2026-05-27 07:30:04,800 [INFO] ==== 运行开始 run_id=073004 ====
2026-05-27 07:30:04,801 [INFO] 非交易时段，退出
2026-05-27 07:40:04,639 [INFO] ==== 运行开始 run_id=074004 ====
2026-05-27 07:40:04,639 [INFO] 非交易时段，退出
2026-05-27 07:50:03,901 [INFO] ==== 运行开始 run_id=075003 ====
2026-05-27 07:50:03,903 [INFO] 非交易时段，退出
2026-05-27 08:00:04,172 [INFO] ==== 运行开始 run_id=080004 ====
2026-05-27 08:00:04,172 [INFO] 非交易时段，退出
2026-05-27 08:10:04,713 [INFO] ==== 运行开始 run_id=081004 ====
2026-05-27 08:10:04,714 [INFO] 非交易时段，退出
2026-05-27 08:20:04,543 [INFO] ==== 运行开始 run_id=082004 ====
2026-05-27 08:20:04,543 [INFO] 非交易时段，退出
2026-05-27 08:30:03,872 [INFO] ==== 运行开始 run_id=083003 ====
2026-05-27 08:30:03,872 [INFO] 非交易时段，退出
2026-05-27 08:40:04,727 [INFO] ==== 运行开始 run_id=084004 ====
2026-05-27 08:40:04,727 [INFO] 非交易时段，退出
2026-05-27 08:50:04,789 [INFO] ==== 运行开始 run_id=085004 ====
2026-05-27 08:50:04,789 [INFO] 非交易时段，退出
2026-05-27 09:00:04,742 [INFO] ==== 运行开始 run_id=090004 ====
2026-05-27 09:00:04,742 [INFO] 非交易时段，退出
2026-05-27 09:10:04,881 [INFO] ==== 运行开始 run_id=091004 ====
2026-05-27 09:10:04,881 [INFO] 非交易时段，退出
2026-05-27 09:20:04,857 [INFO] ==== 运行开始 run_id=092004 ====
2026-05-27 09:20:04,860 [INFO] 非交易时段，退出
2026-05-27 09:30:03,757 [INFO] ==== 运行开始 run_id=093003 ====
2026-05-27 09:30:03,757 [INFO] 准备拉取 14 只股票行情: ['601728', '603256', '605006', '002290', '002654', '603005', '002156', '600309', '002453', '603757', '600186', '000725', '002149', '002709']
2026-05-27 09:30:04,049 [INFO] 行情拉取成功，返回 14 条
2026-05-27 09:30:04,051 [INFO] 今日已推送阈值数: 0
2026-05-27 09:30:04,955 [WARNING] 🔔 触发阈值: 002709_buy_zone 价=52.74 阈值=57.33 below
2026-05-27 09:30:04,959 [WARNING] 更新 watchlist_history 失败: name 'date' is not defined
2026-05-27 09:30:05,381 [WARNING] 🔔 触发阈值: 002709_buy_strong 价=52.74 阈值=57.05 below
2026-05-27 09:30:05,384 [WARNING] 更新 watchlist_history 失败: name 'date' is not defined
2026-05-27 09:30:06,077 [WARNING] 🔔 触发阈值: 002149_buy_zone 价=64.11 阈值=71.63 below
2026-05-27 09:30:06,081 [WARNING] 更新 watchlist_history 失败: name 'date' is not defined
2026-05-27 09:30:06,568 [WARNING] 🔔 触发阈值: 002149_buy_strong 价=64.11 阈值=67.7 below
2026-05-27 09:30:06,571 [WARNING] 更新 watchlist_history 失败: name 'date' is not defined
2026-05-27 09:30:07,151 [WARNING] 🔔 触发阈值: 603757_buy_zone 价=55.6 阈值=61.81 below
2026-05-27 09:30:07,155 [WARNING] 更新 watchlist_history 失败: name 'date' is not defined
2026-05-27 09:30:07,623 [WARNING] 🔔 触发阈值: 603757_buy_strong 价=55.6 阈值=56.85 below
2026-05-27 09:30:07,626 [WARNING] 更新 watchlist_history 失败: name 'date' is not defined
2026-05-27 09:30:08,363 [WARNING] 🔔 触发阈值: 600309_buy_zone 价=76.5 阈值=80.78 below
2026-05-27 09:30:08,366 [WARNING] 更新 watchlist_history 失败: name 'date' is not defined
2026-05-27 09:30:09,400 [WARNING] 🔔 触发阈值: 600309_buy_strong 价=76.5 阈值=84.46 below
2026-05-27 09:30:09,403 [WARNING] 更新 watchlist_history 失败: name 'date' is not defined
2026-05-27 09:30:10,091 [WARNING] 🔔 触发阈值: 601728_buy_zone 价=6.07 阈值=6.42 below
2026-05-27 09:30:10,094 [WARNING] 更新 watchlist_history 失败: name 'date' is not defined
2026-05-27 09:30:10,830 [WARNING] 🔔 触发阈值: 601728_buy_strong 价=6.07 阈值=6.2 below
2026-05-27 09:30:10,832 [WARNING] 更新 watchlist_history 失败: name 'date' is not defined
2026-05-27 09:30:14,885 [WARNING] 🔔 触发阈值: 002654_buy_zone 价=17.3 阈值=17.4 below
2026-05-27 09:30:14,887 [WARNING] 更新 watchlist_history 失败: name 'date' is not defined
2026-05-27 09:30:14,900 [INFO] 检查完成: 检查了 35 个阈值, 跳过已推送 0 个, 本次触发 11 个
2026-05-27 09:30:15,131 [INFO] webhook 推送成功
2026-05-27 09:30:15,131 [INFO] webhook 推送 成功 | 11 条警报
2026-05-27 09:30:15,131 [INFO] 推送 11 条警报给用户
2026-05-27 09:30:15,131 [INFO] ==== 运行结束 run_id=093003 ====

2026-05-27 09:40:03,792 [INFO] ==== 运行开始 run_id=094003 ====
2026-05-27 09:40:03,793 [INFO] 准备拉取 26 只股票行情: ['301179', '601222', '301120', '601991', '605006', '002149', '600186', '002709', '600021', '603005', '002654', '000725', '001896', '600310', '601728', '603693', '002453', '002290', '600863', '000600', '603757', '000899', '002156', '600309', '002067', '603256']
2026-05-27 09:40:04,045 [INFO] 行情拉取成功，返回 26 条
2026-05-27 09:40:04,047 [INFO] 今日已推送阈值数: 11
2026-05-27 09:40:04,797 [WARNING] 🔔 触发阈值: 301179_buy_zone 价=23.52 阈值=25.83 below
2026-05-27 09:40:04,801 [WARNING] 更新 watchlist_history 失败: name 'date' is not defined
2026-05-27 09:40:07,463 [WARNING] 🔔 触发阈值: 301179_buy_strong 价=23.52 阈值=25.21 below
2026-05-27 09:40:07,466 [WARNING] 更新 watchlist_history 失败: name 'date' is not defined
2026-05-27 09:40:07,945 [WARNING] 🔔 触发阈值: 000899_buy_zone 价=12.67 阈值=13.29 below
2026-05-27 09:40:07,948 [WARNING] 更新 watchlist_history 失败: name 'date' is not defined
2026-05-27 09:40:08,594 [WARNING] 🔔 触发阈值: 000899_buy_strong 价=12.67 阈值=13.23 below
2026-05-27 09:40:08,597 [WARNING] 更新 watchlist_history 失败: name 'date' is not defined
2026-05-27 09:40:09,717 [WARNING] 🔔 触发阈值: 001896_buy_zone 价=15.45 阈值=16.12 below
2026-05-27 09:40:09,720 [WARNING] 更新 watchlist_history 失败: name 'date' is not defined
2026-05-27 09:40:10,287 [WARNING] 🔔 触发阈值: 001896_buy_strong 价=15.45 阈值=16.28 below
2026-05-27 09:40:10,289 [WARNING] 更新 watchlist_history 失败: name 'date' is not defined
2026-05-27 09:40:10,964 [WARNING] 🔔 触发阈值: 601222_buy_zone 价=6.39 阈值=6.41 below
2026-05-27 09:40:10,966 [WARNING] 更新 watchlist_history 失败: name 'date' is not defined
2026-05-27 09:40:11,652 [WARNING] 🔔 触发阈值: 601991_buy_zone 价=7.14 阈值=7.48 below
2026-05-27 09:40:11,655 [WARNING] 更新 watchlist_history 失败: name 'date' is not defined
2026-05-27 09:40:11,666 [INFO] 检查完成: 检查了 60 个阈值, 跳过已推送 11 个, 本次触发 8 个
2026-05-27 09:40:11,853 [INFO] webhook 推送成功
2026-05-27 09:40:11,853 [INFO] webhook 推送 成功 | 8 条警报
2026-05-27 09:40:11,853 [INFO] 推送 8 条警报给用户
2026-05-27 09:40:11,853 [INFO] ==== 运行结束 run_id=094003 ====

2026-05-27 09:50:03,815 [INFO] ==== 运行开始 run_id=095003 ====
2026-05-27 09:50:03,815 [INFO] 准备拉取 26 只股票行情: ['000899', '001896', '603757', '603256', '600309', '301120', '301179', '601222', '000600', '601991', '605006', '603693', '002453', '002149', '002156', '603005', '002290', '600310', '601728', '002654', '000725', '600863', '600186', '600021', '002067', '002709']
2026-05-27 09:50:04,088 [INFO] 行情拉取成功，返回 26 条
2026-05-27 09:50:04,089 [INFO] 今日已推送阈值数: 19
2026-05-27 09:50:04,091 [WARNING] 🔔 触发阈值: 301179_trend_break 价=23.43 阈值=23.46 below
2026-05-27 09:50:04,094 [WARNING] 更新 watchlist_history 失败: name 'date' is not defined
2026-05-27 09:50:04,107 [INFO] 检查完成: 检查了 52 个阈值, 跳过已推送 19 个, 本次触发 1 个
2026-05-27 09:50:04,445 [INFO] webhook 推送成功
2026-05-27 09:50:04,445 [INFO] webhook 推送 成功 | 1 条警报
2026-05-27 09:50:04,445 [INFO] 推送 1 条警报给用户
2026-05-27 09:50:04,445 [INFO] ==== 运行结束 run_id=095003 ====

2026-05-27 10:00:04,370 [INFO] ==== 运行开始 run_id=100004 ====
2026-05-27 10:00:04,370 [INFO] 准备拉取 26 只股票行情: ['600021', '002156', '000600', '301120', '603757', '601728', '000899', '002067', '603005', '002290', '600310', '605006', '301179', '601991', '002709', '600309', '600186', '601222', '002453', '000725', '002654', '600863', '001896', '603256', '002149', '603693']
2026-05-27 10:00:04,661 [INFO] 行情拉取成功，返回 26 条
2026-05-27 10:00:04,664 [INFO] 今日已推送阈值数: 20
2026-05-27 10:00:04,679 [INFO] 检查完成: 检查了 51 个阈值, 跳过已推送 20 个, 本次触发 0 个
2026-05-27 10:00:04,679 [INFO] 无新警报，静默返回
2026-05-27 10:00:04,679 [INFO] ==== 运行结束 run_id=100004 ====

2026-05-27 10:10:03,724 [INFO] ==== 运行开始 run_id=101003 ====
2026-05-27 10:10:03,724 [INFO] 准备拉取 26 只股票行情: ['000725', '301179', '600863', '002149', '600309', '603757', '600310', '000899', '002709', '600186', '601728', '002290', '000600', '600021', '601222', '002654', '603693', '002156', '002067', '605006', '301120', '601991', '001896', '603005', '603256', '002453']
2026-05-27 10:10:03,960 [INFO] 行情拉取成功，返回 26 条
2026-05-27 10:10:03,962 [INFO] 今日已推送阈值数: 20
2026-05-27 10:10:03,976 [INFO] 检查完成: 检查了 53 个阈值, 跳过已推送 18 个, 本次触发 0 个
2026-05-27 10:10:03,977 [INFO] 无新警报，静默返回
2026-05-27 10:10:03,977 [INFO] ==== 运行结束 run_id=101003 ====

2026-05-27 10:20:04,963 [INFO] ==== 运行开始 run_id=102004 ====
2026-05-27 10:20:04,963 [INFO] 准备拉取 26 只股票行情: ['600021', '002290', '001896', '600310', '002067', '603005', '601991', '002156', '301179', '600863', '603256', '600309', '000600', '600186', '601222', '000899', '603693', '002149', '002654', '605006', '000725', '002453', '601728', '603757', '002709', '301120']
2026-05-27 10:20:05,372 [INFO] 行情拉取成功，返回 26 条
2026-05-27 10:20:05,375 [INFO] 今日已推送阈值数: 20
2026-05-27 10:20:05,391 [INFO] 检查完成: 检查了 53 个阈值, 跳过已推送 18 个, 本次触发 0 个
2026-05-27 10:20:05,391 [INFO] 无新警报，静默返回
2026-05-27 10:20:05,391 [INFO] ==== 运行结束 run_id=102004 ====

2026-05-27 10:30:03,630 [INFO] ==== 运行开始 run_id=103003 ====
2026-05-27 10:30:03,630 [INFO] 准备拉取 26 只股票行情: ['600310', '600186', '002067', '002453', '000899', '601728', '002156', '605006', '600309', '002654', '600021', '603256', '000725', '000600', '600863', '603693', '301179', '601991', '603005', '301120', '001896', '601222', '603757', '002149', '002709', '002290']
2026-05-27 10:30:03,879 [INFO] 行情拉取成功，返回 26 条
2026-05-27 10:30:03,880 [INFO] 今日已推送阈值数: 20
2026-05-27 10:30:03,882 [WARNING] 🔔 触发阈值: 601728_trend_watch 价=5.96 阈值=5.96 below
2026-05-27 10:30:03,885 [WARNING] 更新 watchlist_history 失败: name 'date' is not defined
2026-05-27 10:30:03,930 [INFO] 检查完成: 检查了 53 个阈值, 跳过已推送 18 个, 本次触发 1 个
2026-05-27 10:30:04,242 [INFO] webhook 推送成功
2026-05-27 10:30:04,243 [INFO] webhook 推送 成功 | 1 条警报
2026-05-27 10:30:04,243 [INFO] 推送 1 条警报给用户
2026-05-27 10:30:04,243 [INFO] ==== 运行结束 run_id=103003 ====

2026-05-27 10:40:04,255 [INFO] ==== 运行开始 run_id=104004 ====
2026-05-27 10:40:04,255 [INFO] 准备拉取 26 只股票行情: ['002290', '002453', '000600', '600310', '605006', '601991', '001896', '002654', '600863', '002156', '600021', '603693', '000899', '601728', '601222', '600309', '600186', '603256', '301179', '002149', '002067', '002709', '603757', '603005', '301120', '000725']
2026-05-27 10:40:04,536 [INFO] 行情拉取成功，返回 26 条
2026-05-27 10:40:04,537 [INFO] 今日已推送阈值数: 21
2026-05-27 10:40:04,551 [INFO] 检查完成: 检查了 52 个阈值, 跳过已推送 19 个, 本次触发 0 个
2026-05-27 10:40:04,551 [INFO] 无新警报，静默返回
2026-05-27 10:40:04,551 [INFO] ==== 运行结束 run_id=104004 ====

2026-05-27 10:50:03,827 [INFO] ==== 运行开始 run_id=105003 ====
2026-05-27 10:50:03,828 [INFO] 准备拉取 26 只股票行情: ['603757', '600863', '601222', '603693', '002709', '002654', '600186', '605006', '001896', '301179', '000899', '002453', '600309', '301120', '601728', '000600', '603005', '002067', '000725', '600310', '002149', '002290', '002156', '603256', '601991', '600021']
2026-05-27 10:50:04,072 [INFO] 行情拉取成功，返回 26 条
2026-05-27 10:50:04,073 [INFO] 今日已推送阈值数: 21
2026-05-27 10:50:04,086 [INFO] 检查完成: 检查了 52 个阈值, 跳过已推送 19 个, 本次触发 0 个
2026-05-27 10:50:04,086 [INFO] 无新警报，静默返回
2026-05-27 10:50:04,086 [INFO] ==== 运行结束 run_id=105003 ====

2026-05-27 11:00:02,868 [INFO] ==== 运行开始 run_id=110002 ====
2026-05-27 11:00:02,869 [INFO] 准备拉取 26 只股票行情: ['002067', '601991', '001896', '600186', '002709', '605006', '301120', '603256', '002654', '000600', '002453', '000725', '600863', '603005', '600310', '002156', '601728', '002149', '601222', '301179', '603757', '000899', '600021', '603693', '600309', '002290']
2026-05-27 11:00:03,124 [INFO] 行情拉取成功，返回 26 条
2026-05-27 11:00:03,127 [INFO] 今日已推送阈值数: 21
2026-05-27 11:00:03,143 [INFO] 检查完成: 检查了 52 个阈值, 跳过已推送 19 个, 本次触发 0 个
2026-05-27 11:00:03,143 [INFO] 无新警报，静默返回
2026-05-27 11:00:03,143 [INFO] ==== 运行结束 run_id=110002 ====

2026-05-27 11:10:03,722 [INFO] ==== 运行开始 run_id=111003 ====
2026-05-27 11:10:03,725 [INFO] 准备拉取 26 只股票行情: ['002067', '301120', '600021', '603757', '603693', '605006', '002149', '601728', '001896', '603005', '601991', '000725', '002156', '000600', '002290', '600309', '002453', '600863', '002709', '000899', '603256', '600310', '301179', '601222', '600186', '002654']
2026-05-27 11:10:04,143 [INFO] 行情拉取成功，返回 26 条
2026-05-27 11:10:04,143 [INFO] 今日已推送阈值数: 21
2026-05-27 11:10:04,219 [WARNING] 🔔 触发阈值: 600309_trend_break_warn 价=75.1 阈值=80.55 below
2026-05-27 11:10:04,225 [WARNING] 更新 watchlist_history 失败: name 'date' is not defined
2026-05-27 11:10:04,225 [WARNING] 🔔 触发阈值: 301120_right_side_confirm 价=24.09 阈值=23.44 above
2026-05-27 11:10:04,228 [WARNING] 更新 watchlist_history 失败: name 'date' is not defined
2026-05-27 11:10:04,228 [WARNING] 🔔 触发阈值: 000899_trend_break_warn 价=12.78 阈值=12.84 below
2026-05-27 11:10:04,233 [WARNING] 更新 watchlist_history 失败: name 'date' is not defined
2026-05-27 11:10:04,248 [INFO] 检查完成: 检查了 56 个阈值, 跳过已推送 15 个, 本次触发 3 个
2026-05-27 11:10:04,522 [INFO] webhook 推送成功
2026-05-27 11:10:04,522 [INFO] webhook 推送 成功 | 3 条警报
2026-05-27 11:10:04,522 [INFO] 推送 3 条警报给用户
2026-05-27 11:10:04,522 [INFO] ==== 运行结束 run_id=111003 ====

2026-05-27 11:20:02,869 [INFO] ==== 运行开始 run_id=112002 ====
2026-05-27 11:20:02,869 [INFO] 准备拉取 26 只股票行情: ['603757', '000725', '600310', '601991', '603693', '000899', '605006', '600021', '002290', '600863', '002709', '002149', '600186', '301179', '001896', '601222', '002654', '000600', '301120', '603005', '002156', '601728', '603256', '600309', '002067', '002453']
2026-05-27 11:20:03,170 [INFO] 行情拉取成功，返回 26 条
2026-05-27 11:20:03,171 [INFO] 今日已推送阈值数: 24
2026-05-27 11:20:03,220 [INFO] 检查完成: 检查了 53 个阈值, 跳过已推送 18 个, 本次触发 0 个
2026-05-27 11:20:03,220 [INFO] 无新警报，静默返回
2026-05-27 11:20:03,220 [INFO] ==== 运行结束 run_id=112002 ====

2026-05-27 11:30:02,839 [INFO] ==== 运行开始 run_id=113002 ====
2026-05-27 11:30:02,841 [INFO] 非交易时段，退出
2026-05-27 11:40:02,984 [INFO] ==== 运行开始 run_id=114002 ====
2026-05-27 11:40:02,984 [INFO] 非交易时段，退出
2026-05-27 11:50:02,765 [INFO] ==== 运行开始 run_id=115002 ====
2026-05-27 11:50:02,767 [INFO] 非交易时段，退出
2026-05-27 12:00:03,038 [INFO] ==== 运行开始 run_id=120003 ====
2026-05-27 12:00:03,040 [INFO] 非交易时段，退出
2026-05-27 12:10:02,737 [INFO] ==== 运行开始 run_id=121002 ====
2026-05-27 12:10:02,737 [INFO] 非交易时段，退出
2026-05-27 12:20:02,984 [INFO] ==== 运行开始 run_id=122002 ====
2026-05-27 12:20:02,984 [INFO] 非交易时段，退出
2026-05-27 12:30:02,780 [INFO] ==== 运行开始 run_id=123002 ====
2026-05-27 12:30:02,780 [INFO] 非交易时段，退出
2026-05-27 12:40:02,943 [INFO] ==== 运行开始 run_id=124002 ====
2026-05-27 12:40:02,943 [INFO] 非交易时段，退出
2026-05-27 12:50:02,874 [INFO] ==== 运行开始 run_id=125002 ====
2026-05-27 12:50:02,874 [INFO] 非交易时段，退出
2026-05-27 13:00:03,132 [INFO] ==== 运行开始 run_id=130003 ====
2026-05-27 13:00:03,134 [INFO] 准备拉取 26 只股票行情: ['002453', '600310', '603757', '601991', '002290', '002654', '000600', '002149', '301120', '600309', '301179', '600186', '603256', '605006', '002156', '603693', '000899', '000725', '002709', '601728', '603005', '600863', '601222', '001896', '002067', '600021']
2026-05-27 13:00:03,369 [INFO] 行情拉取成功，返回 26 条
2026-05-27 13:00:03,372 [INFO] 今日已推送阈值数: 24
2026-05-27 13:00:03,436 [INFO] 检查完成: 检查了 53 个阈值, 跳过已推送 18 个, 本次触发 0 个
2026-05-27 13:00:03,436 [INFO] 无新警报，静默返回
2026-05-27 13:00:03,436 [INFO] ==== 运行结束 run_id=130003 ====

2026-05-27 13:10:02,936 [INFO] ==== 运行开始 run_id=131002 ====
2026-05-27 13:10:02,937 [INFO] 准备拉取 26 只股票行情: ['600021', '002453', '002156', '301120', '601222', '002709', '000899', '601728', '600186', '001896', '002149', '600309', '000600', '600863', '603256', '002290', '603005', '002067', '603757', '301179', '601991', '600310', '605006', '002654', '603693', '000725']
2026-05-27 13:10:03,219 [INFO] 行情拉取成功，返回 26 条
2026-05-27 13:10:03,220 [INFO] 今日已推送阈值数: 24
2026-05-27 13:10:03,270 [INFO] 检查完成: 检查了 53 个阈值, 跳过已推送 18 个, 本次触发 0 个
2026-05-27 13:10:03,270 [INFO] 无新警报，静默返回
2026-05-27 13:10:03,270 [INFO] ==== 运行结束 run_id=131002 ====

2026-05-27 13:20:03,014 [INFO] ==== 运行开始 run_id=132003 ====
2026-05-27 13:20:03,016 [INFO] 准备拉取 26 只股票行情: ['605006', '600310', '002149', '600309', '600863', '000600', '601222', '603256', '301179', '002453', '002709', '600021', '002156', '001896', '000899', '301120', '601728', '603693', '000725', '603005', '002654', '601991', '600186', '603757', '002067', '002290']
2026-05-27 13:20:03,281 [INFO] 行情拉取成功，返回 26 条
2026-05-27 13:20:03,282 [INFO] 今日已推送阈值数: 24
2026-05-27 13:20:05,856 [WARNING] 🔔 触发阈值: 002290_buy_zone 价=95.36 阈值=95.58 below
2026-05-27 13:20:05,859 [WARNING] 更新 watchlist_history 失败: name 'date' is not defined
2026-05-27 13:20:05,872 [INFO] 检查完成: 检查了 53 个阈值, 跳过已推送 18 个, 本次触发 1 个
2026-05-27 13:20:06,212 [INFO] webhook 推送成功
2026-05-27 13:20:06,212 [INFO] webhook 推送 成功 | 1 条警报
2026-05-27 13:20:06,212 [INFO] 推送 1 条警报给用户
2026-05-27 13:20:06,212 [INFO] ==== 运行结束 run_id=132003 ====

2026-05-27 13:30:03,118 [INFO] ==== 运行开始 run_id=133003 ====
2026-05-27 13:30:03,119 [INFO] 准备拉取 26 只股票行情: ['002654', '601728', '600021', '002290', '600310', '001896', '603005', '000899', '603757', '301120', '301179', '603256', '601222', '000600', '000725', '002067', '002709', '601991', '603693', '600863', '002149', '002453', '605006', '600186', '002156', '600309']
2026-05-27 13:30:03,440 [INFO] 行情拉取成功，返回 26 条
2026-05-27 13:30:03,443 [INFO] 今日已推送阈值数: 25
2026-05-27 13:30:03,495 [INFO] 检查完成: 检查了 52 个阈值, 跳过已推送 19 个, 本次触发 0 个
2026-05-27 13:30:03,495 [INFO] 无新警报，静默返回
2026-05-27 13:30:03,495 [INFO] ==== 运行结束 run_id=133003 ====

2026-05-27 13:40:03,131 [INFO] ==== 运行开始 run_id=134003 ====
2026-05-27 13:40:03,131 [INFO] 准备拉取 26 只股票行情: ['002709', '603256', '301179', '000899', '601222', '601728', '600863', '301120', '605006', '000600', '002290', '603005', '001896', '002067', '603757', '600310', '000725', '601991', '002149', '603693', '002654', '002156', '600021', '002453', '600186', '600309']
2026-05-27 13:40:03,391 [INFO] 行情拉取成功，返回 26 条
2026-05-27 13:40:03,394 [INFO] 今日已推送阈值数: 25
2026-05-27 13:40:03,441 [INFO] 检查完成: 检查了 52 个阈值, 跳过已推送 19 个, 本次触发 0 个
2026-05-27 13:40:03,441 [INFO] 无新警报，静默返回
2026-05-27 13:40:03,441 [INFO] ==== 运行结束 run_id=134003 ====

2026-05-27 13:50:02,942 [INFO] ==== 运行开始 run_id=135002 ====
2026-05-27 13:50:02,942 [INFO] 准备拉取 26 只股票行情: ['600863', '605006', '000725', '603256', '600186', '002149', '000899', '601991', '603757', '002067', '001896', '002290', '002709', '600021', '603693', '603005', '601222', '601728', '002156', '301179', '002654', '600310', '000600', '600309', '002453', '301120']
2026-05-27 13:50:03,201 [INFO] 行情拉取成功，返回 26 条
2026-05-27 13:50:03,203 [INFO] 今日已推送阈值数: 25
2026-05-27 13:50:03,251 [INFO] 检查完成: 检查了 52 个阈值, 跳过已推送 19 个, 本次触发 0 个
2026-05-27 13:50:03,251 [INFO] 无新警报，静默返回
2026-05-27 13:50:03,251 [INFO] ==== 运行结束 run_id=135002 ====

2026-05-27 14:00:02,994 [INFO] ==== 运行开始 run_id=140002 ====
2026-05-27 14:00:02,994 [INFO] 准备拉取 26 只股票行情: ['002709', '603757', '000725', '600021', '601991', '301179', '002453', '600186', '002149', '000600', '603693', '603005', '600863', '603256', '301120', '601728', '002156', '601222', '600309', '001896', '002290', '002654', '000899', '002067', '600310', '605006']
2026-05-27 14:00:03,246 [INFO] 行情拉取成功，返回 26 条
2026-05-27 14:00:03,248 [INFO] 今日已推送阈值数: 25
2026-05-27 14:00:03,295 [INFO] 检查完成: 检查了 52 个阈值, 跳过已推送 19 个, 本次触发 0 个
2026-05-27 14:00:03,295 [INFO] 无新警报，静默返回
2026-05-27 14:00:03,295 [INFO] ==== 运行结束 run_id=140002 ====

2026-05-27 14:10:02,934 [INFO] ==== 运行开始 run_id=141002 ====
2026-05-27 14:10:02,935 [INFO] 准备拉取 26 只股票行情: ['000725', '601991', '002149', '600186', '600310', '603757', '301179', '000899', '002709', '600309', '002067', '002453', '601728', '603693', '001896', '301120', '601222', '603005', '000600', '600863', '002654', '600021', '603256', '002290', '605006', '002156']
2026-05-27 14:10:03,188 [INFO] 行情拉取成功，返回 26 条
2026-05-27 14:10:03,189 [INFO] 今日已推送阈值数: 25
2026-05-27 14:10:03,243 [INFO] 检查完成: 检查了 52 个阈值, 跳过已推送 19 个, 本次触发 0 个
2026-05-27 14:10:03,243 [INFO] 无新警报，静默返回
2026-05-27 14:10:03,243 [INFO] ==== 运行结束 run_id=141002 ====

2026-05-27 14:20:03,476 [INFO] ==== 运行开始 run_id=142003 ====
2026-05-27 14:20:03,478 [INFO] 准备拉取 26 只股票行情: ['301120', '605006', '000899', '002654', '603256', '600309', '600021', '000600', '002709', '601991', '601728', '002149', '000725', '002453', '603693', '301179', '002156', '600186', '001896', '600863', '601222', '002290', '600310', '603757', '603005', '002067']
2026-05-27 14:20:03,863 [INFO] 行情拉取成功，返回 26 条
2026-05-27 14:20:03,865 [INFO] 今日已推送阈值数: 25
2026-05-27 14:20:03,923 [INFO] 检查完成: 检查了 52 个阈值, 跳过已推送 19 个, 本次触发 0 个
2026-05-27 14:20:03,924 [INFO] 无新警报，静默返回
2026-05-27 14:20:03,924 [INFO] ==== 运行结束 run_id=142003 ====

2026-05-27 14:30:03,097 [INFO] ==== 运行开始 run_id=143003 ====
2026-05-27 14:30:03,099 [INFO] 准备拉取 26 只股票行情: ['603757', '002067', '002453', '000600', '601728', '002290', '301179', '002709', '002156', '605006', '000899', '001896', '603693', '600021', '600863', '601222', '002654', '600186', '601991', '603256', '603005', '600309', '600310', '000725', '301120', '002149']
2026-05-27 14:30:03,332 [INFO] 行情拉取成功，返回 26 条
2026-05-27 14:30:03,334 [INFO] 今日已推送阈值数: 25
2026-05-27 14:30:03,385 [INFO] 检查完成: 检查了 52 个阈值, 跳过已推送 21 个, 本次触发 0 个
2026-05-27 14:30:03,385 [INFO] 无新警报，静默返回
2026-05-27 14:30:03,385 [INFO] ==== 运行结束 run_id=143003 ====

2026-05-27 14:40:03,156 [INFO] ==== 运行开始 run_id=144003 ====
2026-05-27 14:40:03,156 [INFO] 准备拉取 26 只股票行情: ['000725', '301120', '001896', '600021', '601728', '002067', '002156', '002709', '000899', '000600', '601991', '002149', '600309', '601222', '301179', '603693', '603757', '600186', '603256', '002290', '002654', '600863', '603005', '605006', '002453', '600310']
2026-05-27 14:40:03,408 [INFO] 行情拉取成功，返回 26 条
2026-05-27 14:40:03,410 [INFO] 今日已推送阈值数: 25
2026-05-27 14:40:03,462 [INFO] 检查完成: 检查了 52 个阈值, 跳过已推送 21 个, 本次触发 0 个
2026-05-27 14:40:03,462 [INFO] 无新警报，静默返回
2026-05-27 14:40:03,462 [INFO] ==== 运行结束 run_id=144003 ====

2026-05-27 14:50:03,023 [INFO] ==== 运行开始 run_id=145003 ====
2026-05-27 14:50:03,025 [INFO] 准备拉取 26 只股票行情: ['603256', '002709', '603005', '002156', '002067', '600186', '000899', '301179', '600310', '603693', '601728', '601222', '002149', '002453', '001896', '601991', '600309', '000600', '000725', '002654', '600863', '301120', '603757', '600021', '605006', '002290']
2026-05-27 14:50:03,277 [INFO] 行情拉取成功，返回 26 条
2026-05-27 14:50:03,279 [INFO] 今日已推送阈值数: 25
2026-05-27 14:50:03,338 [INFO] 检查完成: 检查了 52 个阈值, 跳过已推送 21 个, 本次触发 0 个
2026-05-27 14:50:03,338 [INFO] 无新警报，静默返回
2026-05-27 14:50:03,338 [INFO] ==== 运行结束 run_id=145003 ====

2026-05-27 15:00:03,105 [INFO] ==== 运行开始 run_id=150003 ====
2026-05-27 15:00:03,105 [INFO] 非交易时段，退出
2026-05-27 15:10:04,591 [INFO] ==== 运行开始 run_id=151004 ====
2026-05-27 15:10:04,592 [INFO] 非交易时段，退出
2026-05-27 15:20:04,597 [INFO] ==== 运行开始 run_id=152004 ====
2026-05-27 15:20:04,597 [INFO] 非交易时段，退出
2026-05-27 15:30:03,901 [INFO] ==== 运行开始 run_id=153003 ====
2026-05-27 15:30:03,901 [INFO] 非交易时段，退出
2026-05-27 15:40:04,770 [INFO] ==== 运行开始 run_id=154004 ====
2026-05-27 15:40:04,771 [INFO] 非交易时段，退出
2026-05-27 15:44:39,650 [INFO] ==== 运行开始 run_id=154439 ====
2026-05-27 15:44:39,651 [INFO] 非交易时段，退出
2026-05-27 15:47:44,635 [INFO] ==== 运行开始 run_id=154744 ====
2026-05-27 15:47:44,636 [INFO] 非交易时段，退出
2026-05-27 15:50:04,232 [INFO] ==== 运行开始 run_id=155004 ====
2026-05-27 15:50:04,232 [INFO] 非交易时段，退出
2026-05-27 16:00:04,473 [INFO] ==== 运行开始 run_id=160004 ====
2026-05-27 16:00:04,473 [INFO] 非交易时段，退出
2026-05-27 16:10:04,088 [INFO] ==== 运行开始 run_id=161004 ====
2026-05-27 16:10:04,088 [INFO] 非交易时段，退出
2026-05-27 16:20:04,180 [INFO] ==== 运行开始 run_id=162004 ====
2026-05-27 16:20:04,180 [INFO] 非交易时段，退出
2026-05-27 16:30:04,242 [INFO] ==== 运行开始 run_id=163004 ====
2026-05-27 16:30:04,242 [INFO] 非交易时段，退出
2026-05-27 16:40:04,159 [INFO] ==== 运行开始 run_id=164004 ====
2026-05-27 16:40:04,161 [INFO] 非交易时段，退出
2026-05-27 16:50:04,156 [INFO] ==== 运行开始 run_id=165004 ====
2026-05-27 16:50:04,156 [INFO] 非交易时段，退出
2026-05-27 17:00:04,332 [INFO] ==== 运行开始 run_id=170004 ====
2026-05-27 17:00:04,333 [INFO] 非交易时段，退出
2026-05-27 17:10:04,210 [INFO] ==== 运行开始 run_id=171004 ====
2026-05-27 17:10:04,210 [INFO] 非交易时段，退出
2026-05-27 17:20:04,472 [INFO] ==== 运行开始 run_id=172004 ====
2026-05-27 17:20:04,473 [INFO] 非交易时段，退出
2026-05-27 17:30:04,103 [INFO] ==== 运行开始 run_id=173004 ====
2026-05-27 17:30:04,104 [INFO] 非交易时段，退出
2026-05-27 17:40:04,640 [INFO] ==== 运行开始 run_id=174004 ====
2026-05-27 17:40:04,640 [INFO] 非交易时段，退出
2026-05-27 17:50:04,318 [INFO] ==== 运行开始 run_id=175004 ====
2026-05-27 17:50:04,319 [INFO] 非交易时段，退出
2026-05-27 18:00:04,356 [INFO] ==== 运行开始 run_id=180004 ====
2026-05-27 18:00:04,356 [INFO] 非交易时段，退出
2026-05-27 18:10:04,563 [INFO] ==== 运行开始 run_id=181004 ====
2026-05-27 18:10:04,563 [INFO] 非交易时段，退出
2026-05-27 18:20:05,310 [INFO] ==== 运行开始 run_id=182005 ====
2026-05-27 18:20:05,311 [INFO] 非交易时段，退出
2026-05-27 18:30:05,025 [INFO] ==== 运行开始 run_id=183005 ====
2026-05-27 18:30:05,025 [INFO] 非交易时段，退出
2026-05-27 18:40:04,648 [INFO] ==== 运行开始 run_id=184004 ====
2026-05-27 18:40:04,648 [INFO] 非交易时段，退出
2026-05-27 18:50:04,329 [INFO] ==== 运行开始 run_id=185004 ====
2026-05-27 18:50:04,329 [INFO] 非交易时段，退出
2026-05-27 19:00:04,485 [INFO] ==== 运行开始 run_id=190004 ====
2026-05-27 19:00:04,485 [INFO] 非交易时段，退出
2026-05-27 19:10:04,658 [INFO] ==== 运行开始 run_id=191004 ====
2026-05-27 19:10:04,659 [INFO] 非交易时段，退出
2026-05-27 19:20:04,599 [INFO] ==== 运行开始 run_id=192004 ====
2026-05-27 19:20:04,600 [INFO] 非交易时段，退出
2026-05-27 19:30:04,371 [INFO] ==== 运行开始 run_id=193004 ====
2026-05-27 19:30:04,371 [INFO] 非交易时段，退出
2026-05-27 19:40:09,881 [INFO] ==== 运行开始 run_id=194009 ====
2026-05-27 19:40:09,881 [INFO] 非交易时段，退出
2026-05-27 19:50:04,399 [INFO] ==== 运行开始 run_id=195004 ====
2026-05-27 19:50:04,399 [INFO] 非交易时段，退出
2026-05-27 20:00:04,936 [INFO] ==== 运行开始 run_id=200004 ====
2026-05-27 20:00:04,936 [INFO] 非交易时段，退出
2026-05-27 20:10:04,903 [INFO] ==== 运行开始 run_id=201004 ====
2026-05-27 20:10:04,903 [INFO] 非交易时段，退出
2026-05-27 20:20:04,662 [INFO] ==== 运行开始 run_id=202004 ====
2026-05-27 20:20:04,664 [INFO] 非交易时段，退出
2026-05-27 20:30:04,525 [INFO] ==== 运行开始 run_id=203004 ====
2026-05-27 20:30:04,526 [INFO] 非交易时段，退出
2026-05-27 20:40:04,868 [INFO] ==== 运行开始 run_id=204004 ====
2026-05-27 20:40:04,869 [INFO] 非交易时段，退出
2026-05-27 20:50:04,414 [INFO] ==== 运行开始 run_id=205004 ====
2026-05-27 20:50:04,416 [INFO] 非交易时段，退出
2026-05-27 21:00:04,539 [INFO] ==== 运行开始 run_id=210004 ====
2026-05-27 21:00:04,539 [INFO] 非交易时段，退出
2026-05-27 21:10:04,834 [INFO] ==== 运行开始 run_id=211004 ====
2026-05-27 21:10:04,836 [INFO] 非交易时段，退出
2026-05-27 21:20:04,566 [INFO] ==== 运行开始 run_id=212004 ====
2026-05-27 21:20:04,568 [INFO] 非交易时段，退出
2026-05-27 21:30:04,604 [INFO] ==== 运行开始 run_id=213004 ====
2026-05-27 21:30:04,605 [INFO] 非交易时段，退出
2026-05-27 21:40:05,635 [INFO] ==== 运行开始 run_id=214005 ====
2026-05-27 21:40:05,635 [INFO] 非交易时段，退出
2026-05-27 21:50:04,479 [INFO] ==== 运行开始 run_id=215004 ====
2026-05-27 21:50:04,479 [INFO] 非交易时段，退出
2026-05-27 22:00:05,265 [INFO] ==== 运行开始 run_id=220005 ====
2026-05-27 22:00:05,265 [INFO] 非交易时段，退出
2026-05-27 22:10:04,819 [INFO] ==== 运行开始 run_id=221004 ====
2026-05-27 22:10:04,819 [INFO] 非交易时段，退出
2026-05-27 22:20:04,819 [INFO] ==== 运行开始 run_id=222004 ====
2026-05-27 22:20:04,820 [INFO] 非交易时段，退出
2026-05-27 22:30:04,391 [INFO] ==== 运行开始 run_id=223004 ====
2026-05-27 22:30:04,391 [INFO] 非交易时段，退出
2026-05-27 22:40:04,869 [INFO] ==== 运行开始 run_id=224004 ====
2026-05-27 22:40:04,870 [INFO] 非交易时段，退出
2026-05-27 22:50:04,496 [INFO] ==== 运行开始 run_id=225004 ====
2026-05-27 22:50:04,498 [INFO] 非交易时段，退出
2026-05-27 23:00:04,705 [INFO] ==== 运行开始 run_id=230004 ====
2026-05-27 23:00:04,707 [INFO] 非交易时段，退出
2026-05-27 23:10:04,881 [INFO] ==== 运行开始 run_id=231004 ====
2026-05-27 23:10:04,883 [INFO] 非交易时段，退出
2026-05-27 23:20:04,788 [INFO] ==== 运行开始 run_id=232004 ====
2026-05-27 23:20:04,788 [INFO] 非交易时段，退出
2026-05-27 23:30:04,458 [INFO] ==== 运行开始 run_id=233004 ====
2026-05-27 23:30:04,458 [INFO] 非交易时段，退出
2026-05-27 23:40:04,843 [INFO] ==== 运行开始 run_id=234004 ====
2026-05-27 23:40:04,843 [INFO] 非交易时段，退出
2026-05-27 23:50:04,546 [INFO] ==== 运行开始 run_id=235004 ====
2026-05-27 23:50:04,546 [INFO] 非交易时段，退出
2026-05-28 00:00:04,859 [INFO] ==== 运行开始 run_id=000004 ====
2026-05-28 00:00:04,859 [INFO] 非交易时段，退出
2026-05-28 00:10:05,249 [INFO] ==== 运行开始 run_id=001005 ====
2026-05-28 00:10:05,249 [INFO] 非交易时段，退出
2026-05-28 00:20:04,710 [INFO] ==== 运行开始 run_id=002004 ====
2026-05-28 00:20:04,710 [INFO] 非交易时段，退出
2026-05-28 00:30:04,773 [INFO] ==== 运行开始 run_id=003004 ====
2026-05-28 00:30:04,774 [INFO] 非交易时段，退出
2026-05-28 00:40:05,069 [INFO] ==== 运行开始 run_id=004005 ====
2026-05-28 00:40:05,070 [INFO] 非交易时段，退出
2026-05-28 00:50:04,735 [INFO] ==== 运行开始 run_id=005004 ====
2026-05-28 00:50:04,735 [INFO] 非交易时段，退出
2026-05-28 01:00:04,830 [INFO] ==== 运行开始 run_id=010004 ====
2026-05-28 01:00:04,830 [INFO] 非交易时段，退出
2026-05-28 01:10:05,324 [INFO] ==== 运行开始 run_id=011005 ====
2026-05-28 01:10:05,324 [INFO] 非交易时段，退出
2026-05-28 01:20:04,859 [INFO] ==== 运行开始 run_id=012004 ====
2026-05-28 01:20:04,859 [INFO] 非交易时段，退出
2026-05-28 01:30:04,810 [INFO] ==== 运行开始 run_id=013004 ====
2026-05-28 01:30:04,810 [INFO] 非交易时段，退出
2026-05-28 01:40:04,905 [INFO] ==== 运行开始 run_id=014004 ====
2026-05-28 01:40:04,905 [INFO] 非交易时段，退出
2026-05-28 01:50:04,989 [INFO] ==== 运行开始 run_id=015004 ====
2026-05-28 01:50:04,989 [INFO] 非交易时段，退出
2026-05-28 02:00:04,723 [INFO] ==== 运行开始 run_id=020004 ====
2026-05-28 02:00:04,723 [INFO] 非交易时段，退出
2026-05-28 02:10:05,558 [INFO] ==== 运行开始 run_id=021005 ====
2026-05-28 02:10:05,561 [INFO] 非交易时段，退出
2026-05-28 02:20:04,807 [INFO] ==== 运行开始 run_id=022004 ====
2026-05-28 02:20:04,809 [INFO] 非交易时段，退出
2026-05-28 02:30:04,632 [INFO] ==== 运行开始 run_id=023004 ====
2026-05-28 02:30:04,632 [INFO] 非交易时段，退出
2026-05-28 02:40:05,190 [INFO] ==== 运行开始 run_id=024005 ====
2026-05-28 02:40:05,191 [INFO] 非交易时段，退出
2026-05-28 02:50:04,668 [INFO] ==== 运行开始 run_id=025004 ====
2026-05-28 02:50:04,668 [INFO] 非交易时段，退出
2026-05-28 03:00:04,827 [INFO] ==== 运行开始 run_id=030004 ====
2026-05-28 03:00:04,827 [INFO] 非交易时段，退出
2026-05-28 03:10:04,946 [INFO] ==== 运行开始 run_id=031004 ====
2026-05-28 03:10:04,947 [INFO] 非交易时段，退出
2026-05-28 03:20:04,732 [INFO] ==== 运行开始 run_id=032004 ====
2026-05-28 03:20:04,734 [INFO] 非交易时段，退出
2026-05-28 03:30:04,728 [INFO] ==== 运行开始 run_id=033004 ====
2026-05-28 03:30:04,728 [INFO] 非交易时段，退出
2026-05-28 03:40:05,071 [INFO] ==== 运行开始 run_id=034005 ====
2026-05-28 03:40:05,071 [INFO] 非交易时段，退出
2026-05-28 03:50:04,821 [INFO] ==== 运行开始 run_id=035004 ====
2026-05-28 03:50:04,821 [INFO] 非交易时段，退出
2026-05-28 04:00:05,242 [INFO] ==== 运行开始 run_id=040005 ====
2026-05-28 04:00:05,242 [INFO] 非交易时段，退出
2026-05-28 04:10:04,778 [INFO] ==== 运行开始 run_id=041004 ====
2026-05-28 04:10:04,778 [INFO] 非交易时段，退出
2026-05-28 04:20:04,870 [INFO] ==== 运行开始 run_id=042004 ====
2026-05-28 04:20:04,871 [INFO] 非交易时段，退出
2026-05-28 04:30:04,760 [INFO] ==== 运行开始 run_id=043004 ====
2026-05-28 04:30:04,760 [INFO] 非交易时段，退出
2026-05-28 04:40:05,041 [INFO] ==== 运行开始 run_id=044005 ====
2026-05-28 04:40:05,042 [INFO] 非交易时段，退出
2026-05-28 04:50:04,697 [INFO] ==== 运行开始 run_id=045004 ====
2026-05-28 04:50:04,697 [INFO] 非交易时段，退出
2026-05-28 05:00:04,917 [INFO] ==== 运行开始 run_id=050004 ====
2026-05-28 05:00:04,918 [INFO] 非交易时段，退出
2026-05-28 05:10:05,099 [INFO] ==== 运行开始 run_id=051005 ====
2026-05-28 05:10:05,099 [INFO] 非交易时段，退出
2026-05-28 05:20:04,968 [INFO] ==== 运行开始 run_id=052004 ====
2026-05-28 05:20:04,968 [INFO] 非交易时段，退出
2026-05-28 05:30:04,848 [INFO] ==== 运行开始 run_id=053004 ====
2026-05-28 05:30:04,849 [INFO] 非交易时段，退出
2026-05-28 05:40:05,175 [INFO] ==== 运行开始 run_id=054005 ====
2026-05-28 05:40:05,176 [INFO] 非交易时段，退出
2026-05-28 05:50:04,788 [INFO] ==== 运行开始 run_id=055004 ====
2026-05-28 05:50:04,788 [INFO] 非交易时段，退出
2026-05-28 06:00:05,161 [INFO] ==== 运行开始 run_id=060005 ====
2026-05-28 06:00:05,161 [INFO] 非交易时段，退出
2026-05-28 06:10:05,139 [INFO] ==== 运行开始 run_id=061005 ====
2026-05-28 06:10:05,139 [INFO] 非交易时段，退出
2026-05-28 06:20:04,848 [INFO] ==== 运行开始 run_id=062004 ====
2026-05-28 06:20:04,848 [INFO] 非交易时段，退出
2026-05-28 06:30:05,082 [INFO] ==== 运行开始 run_id=063005 ====
2026-05-28 06:30:05,082 [INFO] 非交易时段，退出
2026-05-28 06:40:05,358 [INFO] ==== 运行开始 run_id=064005 ====
2026-05-28 06:40:05,358 [INFO] 非交易时段，退出
2026-05-28 06:50:03,963 [INFO] ==== 运行开始 run_id=065003 ====
2026-05-28 06:50:03,963 [INFO] 非交易时段，退出
2026-05-28 07:00:03,952 [INFO] ==== 运行开始 run_id=070003 ====
2026-05-28 07:00:03,953 [INFO] 非交易时段，退出
2026-05-28 07:10:04,387 [INFO] ==== 运行开始 run_id=071004 ====
2026-05-28 07:10:04,388 [INFO] 非交易时段，退出
2026-05-28 07:20:03,960 [INFO] ==== 运行开始 run_id=072003 ====
2026-05-28 07:20:03,960 [INFO] 非交易时段，退出
2026-05-28 07:30:03,909 [INFO] ==== 运行开始 run_id=073003 ====
2026-05-28 07:30:03,909 [INFO] 非交易时段，退出
2026-05-28 07:40:04,137 [INFO] ==== 运行开始 run_id=074004 ====
2026-05-28 07:40:04,137 [INFO] 非交易时段，退出
2026-05-28 07:50:04,271 [INFO] ==== 运行开始 run_id=075004 ====
2026-05-28 07:50:04,272 [INFO] 非交易时段，退出
2026-05-28 08:00:03,994 [INFO] ==== 运行开始 run_id=080003 ====
2026-05-28 08:00:03,994 [INFO] 非交易时段，退出
2026-05-28 08:10:04,390 [INFO] ==== 运行开始 run_id=081004 ====
2026-05-28 08:10:04,390 [INFO] 非交易时段，退出
2026-05-28 08:20:04,070 [INFO] ==== 运行开始 run_id=082004 ====
2026-05-28 08:20:04,070 [INFO] 非交易时段，退出
2026-05-28 08:30:03,966 [INFO] ==== 运行开始 run_id=083003 ====
2026-05-28 08:30:03,967 [INFO] 非交易时段，退出
2026-05-28 08:40:04,362 [INFO] ==== 运行开始 run_id=084004 ====
2026-05-28 08:40:04,364 [INFO] 非交易时段，退出
2026-05-28 08:50:03,968 [INFO] ==== 运行开始 run_id=085003 ====
2026-05-28 08:50:03,969 [INFO] 非交易时段，退出
2026-05-28 09:00:04,247 [INFO] ==== 运行开始 run_id=090004 ====
2026-05-28 09:00:04,247 [INFO] 非交易时段，退出
2026-05-28 09:10:04,401 [INFO] ==== 运行开始 run_id=091004 ====
2026-05-28 09:10:04,401 [INFO] 非交易时段，退出
2026-05-28 09:20:04,114 [INFO] ==== 运行开始 run_id=092004 ====
2026-05-28 09:20:04,114 [INFO] 非交易时段，退出
2026-05-28 09:30:03,369 [INFO] ==== 运行开始 run_id=093003 ====
2026-05-28 09:30:03,370 [INFO] 准备拉取 26 只股票行情: ['603256', '002453', '001896', '002149', '002067', '603757', '002654', '000600', '301120', '000725', '600310', '000899', '603005', '600021', '601991', '002290', '600186', '002156', '605006', '600309', '600863', '002709', '601728', '601222', '301179', '603693']
2026-05-28 09:30:03,653 [INFO] 行情拉取成功，返回 26 条
2026-05-28 09:30:03,656 [INFO] 今日已推送阈值数: 0
2026-05-28 09:30:03,657 [WARNING] P2 跟踪止损更新异常: name 'os' is not defined
2026-05-28 09:30:04,859 [WARNING] 虚拟下单异常: name 'os' is not defined
2026-05-28 09:30:04,861 [WARNING] 🔔 触发阈值: 002709_buy_zone 价=53.0 阈值=57.33 below
2026-05-28 09:30:04,863 [WARNING] 更新 watchlist_history 失败: name 'date' is not defined
2026-05-28 09:30:05,097 [WARNING] 虚拟下单异常: name 'os' is not defined
2026-05-28 09:30:05,097 [WARNING] 🔔 触发阈值: 002709_buy_strong 价=53.0 阈值=57.05 below
2026-05-28 09:30:05,101 [WARNING] 更新 watchlist_history 失败: name 'date' is not defined
2026-05-28 09:30:05,282 [WARNING] 虚拟下单异常: name 'os' is not defined
2026-05-28 09:30:05,282 [WARNING] 🔔 触发阈值: 002149_buy_zone 价=64.1 阈值=71.63 below
2026-05-28 09:30:05,286 [WARNING] 更新 watchlist_history 失败: name 'date' is not defined
2026-05-28 09:30:05,847 [WARNING] 虚拟下单异常: name 'os' is not defined
2026-05-28 09:30:05,847 [WARNING] 🔔 触发阈值: 002149_buy_strong 价=64.1 阈值=67.7 below
2026-05-28 09:30:05,850 [WARNING] 更新 watchlist_history 失败: name 'date' is not defined
2026-05-28 09:30:06,062 [WARNING] 虚拟下单异常: name 'os' is not defined
2026-05-28 09:30:06,062 [WARNING] 🔔 触发阈值: 603757_buy_zone 价=53.79 阈值=61.81 below
2026-05-28 09:30:06,065 [WARNING] 更新 watchlist_history 失败: name 'date' is not defined
2026-05-28 09:30:06,890 [WARNING] 虚拟下单异常: name 'os' is not defined
2026-05-28 09:30:06,892 [WARNING] 🔔 触发阈值: 603757_buy_strong 价=53.79 阈值=56.85 below
2026-05-28 09:30:06,894 [WARNING] 更新 watchlist_history 失败: name 'date' is not defined
2026-05-28 09:30:06,895 [WARNING] 虚拟下单异常: name 'os' is not defined
2026-05-28 09:30:06,895 [WARNING] 🔔 触发阈值: 600309_trend_break_warn 价=75.0 阈值=80.55 below
2026-05-28 09:30:06,899 [WARNING] 更新 watchlist_history 失败: name 'date' is not defined
2026-05-28 09:30:06,900 [WARNING] 虚拟下单异常: name 'os' is not defined
2026-05-28 09:30:06,900 [WARNING] 🔔 触发阈值: 601728_trend_watch 价=5.94 阈值=5.96 below
2026-05-28 09:30:06,903 [WARNING] 更新 watchlist_history 失败: name 'date' is not defined
2026-05-28 09:30:07,293 [WARNING] 虚拟下单异常: name 'os' is not defined
2026-05-28 09:30:07,295 [WARNING] 🔔 触发阈值: 601728_buy_zone 价=5.94 阈值=6.42 below
2026-05-28 09:30:07,298 [WARNING] 更新 watchlist_history 失败: name 'date' is not defined
2026-05-28 09:30:08,992 [WARNING] 虚拟下单异常: name 'os' is not defined
2026-05-28 09:30:08,992 [WARNING] 🔔 触发阈值: 601728_buy_strong 价=5.94 阈值=6.2 below
2026-05-28 09:30:08,994 [WARNING] 更新 watchlist_history 失败: name 'date' is not defined
2026-05-28 09:30:10,830 [WARNING] 虚拟下单异常: name 'os' is not defined
2026-05-28 09:30:10,830 [WARNING] 🔔 触发阈值: 002654_buy_zone 价=16.5 阈值=17.4 below
2026-05-28 09:30:10,834 [WARNING] 更新 watchlist_history 失败: name 'date' is not defined
2026-05-28 09:30:10,836 [WARNING] 虚拟下单异常: name 'os' is not defined
2026-05-28 09:30:10,836 [WARNING] 🔔 触发阈值: 301120_right_side_confirm 价=23.82 阈值=23.44 above
2026-05-28 09:30:10,839 [WARNING] 更新 watchlist_history 失败: name 'date' is not defined
2026-05-28 09:30:10,841 [WARNING] 虚拟下单异常: name 'os' is not defined
2026-05-28 09:30:10,841 [WARNING] 🔔 触发阈值: 301179_buy_zone 价=22.72 阈值=25.83 below
2026-05-28 09:30:10,843 [WARNING] 更新 watchlist_history 失败: name 'date' is not defined
2026-05-28 09:30:10,845 [WARNING] 虚拟下单异常: name 'os' is not defined
2026-05-28 09:30:10,845 [WARNING] 🔔 触发阈值: 301179_buy_strong 价=22.72 阈值=25.21 below
2026-05-28 09:30:10,848 [WARNING] 更新 watchlist_history 失败: name 'date' is not defined
2026-05-28 09:30:10,850 [WARNING] 虚拟下单异常: name 'os' is not defined
2026-05-28 09:30:10,850 [WARNING] 🔔 触发阈值: 301179_trend_break 价=22.72 阈值=23.46 below
2026-05-28 09:30:10,851 [WARNING] 更新 watchlist_history 失败: name 'date' is not defined
2026-05-28 09:30:10,854 [WARNING] 虚拟下单异常: name 'os' is not defined
2026-05-28 09:30:10,854 [WARNING] 🔔 触发阈值: 000899_trend_break_warn 价=12.82 阈值=12.84 below
2026-05-28 09:30:10,858 [WARNING] 更新 watchlist_history 失败: name 'date' is not defined
2026-05-28 09:30:11,182 [WARNING] 虚拟下单异常: name 'os' is not defined
2026-05-28 09:30:11,182 [WARNING] 🔔 触发阈值: 001896_buy_zone 价=15.66 阈值=16.12 below
2026-05-28 09:30:11,187 [WARNING] 更新 watchlist_history 失败: name 'date' is not defined
2026-05-28 09:30:15,474 [WARNING] 虚拟下单异常: name 'os' is not defined
2026-05-28 09:30:15,474 [WARNING] 🔔 触发阈值: 001896_buy_strong 价=15.66 阈值=16.28 below
2026-05-28 09:30:15,479 [WARNING] 更新 watchlist_history 失败: name 'date' is not defined
2026-05-28 09:30:15,481 [WARNING] 更新模拟账户市值异常: name 'os' is not defined
2026-05-28 09:30:15,481 [INFO] 检查完成: 检查了 73 个阈值, 跳过已推送 0 个, 本次触发 18 个
2026-05-28 09:30:15,695 [INFO] webhook 推送成功
2026-05-28 09:30:15,695 [INFO] webhook 推送 成功 | 18 条警报
2026-05-28 09:30:15,696 [INFO] 推送 18 条警报给用户
2026-05-28 09:30:15,696 [INFO] ==== 运行结束 run_id=093003 ====

2026-05-28 09:40:03,488 [INFO] ==== 运行开始 run_id=094003 ====
2026-05-28 09:40:03,488 [INFO] 准备拉取 26 只股票行情: ['002453', '601728', '002654', '000725', '000600', '002290', '601991', '600863', '603256', '605006', '603005', '301179', '600309', '301120', '002149', '600186', '002067', '601222', '600310', '600021', '002709', '603757', '000899', '002156', '001896', '603693']
2026-05-28 09:40:03,772 [INFO] 行情拉取成功，返回 26 条
2026-05-28 09:40:03,773 [INFO] 今日已推送阈值数: 18
2026-05-28 09:40:03,776 [WARNING] P2 跟踪止损更新异常: name 'os' is not defined
2026-05-28 09:40:04,285 [WARNING] 虚拟下单异常: name 'os' is not defined
2026-05-28 09:40:04,285 [WARNING] 🔔 触发阈值: 002290_buy_zone 价=95.0 阈值=95.58 below
2026-05-28 09:40:04,289 [WARNING] 更新 watchlist_history 失败: name 'date' is not defined
2026-05-28 09:40:04,291 [WARNING] 更新模拟账户市值异常: name 'os' is not defined
2026-05-28 09:40:04,291 [INFO] 检查完成: 检查了 55 个阈值, 跳过已推送 18 个, 本次触发 1 个
2026-05-28 09:40:04,489 [INFO] webhook 推送成功
2026-05-28 09:40:04,489 [INFO] webhook 推送 成功 | 1 条警报
2026-05-28 09:40:04,489 [INFO] 推送 1 条警报给用户
2026-05-28 09:40:04,489 [INFO] ==== 运行结束 run_id=094003 ====

2026-05-28 09:50:02,991 [INFO] ==== 运行开始 run_id=095002 ====
2026-05-28 09:50:02,993 [INFO] 准备拉取 26 只股票行情: ['001896', '605006', '301120', '002290', '002654', '601728', '002709', '002149', '601222', '000725', '600309', '603005', '603757', '301179', '600021', '603256', '600186', '603693', '600863', '600310', '002067', '002453', '000899', '601991', '002156', '000600']
2026-05-28 09:50:03,233 [INFO] 行情拉取成功，返回 26 条
2026-05-28 09:50:03,235 [INFO] 今日已推送阈值数: 19
2026-05-28 09:50:03,284 [INFO] P2 跟踪止损更新了 1/10 个仓位
2026-05-28 09:50:04,986 [INFO] ✅ [601222] 林洋能源 BUY 1500股 @¥6.38, 金额¥9572
2026-05-28 09:50:04,989 [WARNING] 🤖 虚拟交易: 601222_buy_zone → 买入 1500股 @¥6.38
2026-05-28 09:50:04,989 [WARNING] 🔔 触发阈值: 601222_buy_zone 价=6.38 阈值=6.41 below
2026-05-28 09:50:04,991 [WARNING] 更新 watchlist_history 失败: name 'date' is not defined
2026-05-28 09:50:04,991 [WARNING] 更新模拟账户市值异常: cannot import name 'update_all_positions_market_value' from 'sim_executor' (C:\Users\Administrator\.openclaw\workspace\quant-learn\scripts\sim_executor.py)
2026-05-28 09:50:04,993 [INFO] 检查完成: 检查了 54 个阈值, 跳过已推送 19 个, 本次触发 1 个
2026-05-28 09:50:05,310 [INFO] webhook 推送成功
2026-05-28 09:50:05,310 [INFO] webhook 推送 成功 | 1 条警报
2026-05-28 09:50:05,310 [INFO] 推送 1 条警报给用户
2026-05-28 09:50:05,310 [INFO] ==== 运行结束 run_id=095002 ====

2026-05-28 10:00:03,374 [INFO] ==== 运行开始 run_id=100003 ====
2026-05-28 10:00:03,375 [INFO] 准备拉取 26 只股票行情: ['600186', '002290', '000600', '000899', '001896', '002453', '601728', '002149', '603256', '301179', '002709', '002654', '603693', '000725', '301120', '601222', '603757', '600310', '600863', '605006', '601991', '002156', '603005', '600309', '002067', '600021']
2026-05-28 10:00:03,634 [INFO] 行情拉取成功，返回 26 条
2026-05-28 10:00:03,635 [INFO] 今日已推送阈值数: 20
2026-05-28 10:00:03,667 [INFO] P2 跟踪止损更新了 1/11 个仓位
2026-05-28 10:00:03,668 [WARNING] 更新模拟账户市值异常: cannot import name 'update_all_positions_market_value' from 'sim_executor' (C:\Users\Administrator\.openclaw\workspace\quant-learn\scripts\sim_executor.py)
2026-05-28 10:00:03,669 [INFO] 检查完成: 检查了 53 个阈值, 跳过已推送 20 个, 本次触发 0 个
2026-05-28 10:00:03,669 [INFO] 无新警报，静默返回
2026-05-28 10:00:03,669 [INFO] ==== 运行结束 run_id=100003 ====

2026-05-28 10:10:02,877 [INFO] ==== 运行开始 run_id=101002 ====
2026-05-28 10:10:02,877 [INFO] 准备拉取 26 只股票行情: ['000600', '605006', '603005', '600021', '601222', '002453', '002067', '600863', '301120', '603757', '002709', '603256', '600186', '603693', '600310', '301179', '002149', '601991', '001896', '000725', '002290', '600309', '000899', '002654', '002156', '601728']
2026-05-28 10:10:03,143 [INFO] 行情拉取成功，返回 26 条
2026-05-28 10:10:03,145 [INFO] 今日已推送阈值数: 20
2026-05-28 10:10:03,172 [INFO] P2 跟踪止损更新了 1/11 个仓位
2026-05-28 10:10:03,491 [INFO] 🚫 [002067] buy_zone 触发但趋势过滤未放行: 🚫 trend_filter=manual_only
2026-05-28 10:10:03,493 [WARNING] 🔔 触发阈值: 002067_buy_zone 价=5.05 阈值=5.09 below
2026-05-28 10:10:03,496 [WARNING] 更新 watchlist_history 失败: name 'date' is not defined
2026-05-28 10:10:03,496 [WARNING] 🔔 触发阈值: 000899_right_side_confirm 价=14.01 阈值=13.79 above
2026-05-28 10:10:03,499 [WARNING] 更新 watchlist_history 失败: name 'date' is not defined
2026-05-28 10:10:03,500 [WARNING] 更新模拟账户市值异常: cannot import name 'update_all_positions_market_value' from 'sim_executor' (C:\Users\Administrator\.openclaw\workspace\quant-learn\scripts\sim_executor.py)
2026-05-28 10:10:03,500 [INFO] 检查完成: 检查了 53 个阈值, 跳过已推送 20 个, 本次触发 2 个
2026-05-28 10:10:03,685 [INFO] webhook 推送成功
2026-05-28 10:10:03,685 [INFO] webhook 推送 成功 | 2 条警报
2026-05-28 10:10:03,685 [INFO] 推送 2 条警报给用户
2026-05-28 10:10:03,685 [INFO] ==== 运行结束 run_id=101002 ====

2026-05-28 10:20:03,559 [INFO] ==== 运行开始 run_id=102003 ====
2026-05-28 10:20:03,559 [INFO] 准备拉取 26 只股票行情: ['002067', '600863', '002156', '000899', '603757', '000600', '002709', '603693', '605006', '301179', '000725', '601222', '600186', '603256', '002149', '002453', '301120', '600309', '002654', '600310', '601991', '601728', '002290', '001896', '603005', '600021']
2026-05-28 10:20:03,803 [INFO] 行情拉取成功，返回 26 条
2026-05-28 10:20:03,804 [INFO] 今日已推送阈值数: 22
2026-05-28 10:20:03,837 [INFO] P2 跟踪止损更新了 1/11 个仓位
2026-05-28 10:20:03,837 [WARNING] 更新模拟账户市值异常: cannot import name 'update_all_positions_market_value' from 'sim_executor' (C:\Users\Administrator\.openclaw\workspace\quant-learn\scripts\sim_executor.py)
2026-05-28 10:20:03,837 [INFO] 检查完成: 检查了 51 个阈值, 跳过已推送 22 个, 本次触发 0 个
2026-05-28 10:20:03,837 [INFO] 无新警报，静默返回
2026-05-28 10:20:03,839 [INFO] ==== 运行结束 run_id=102003 ====

2026-05-28 10:20:38,915 [INFO] ==== 运行开始 run_id=102038 ====
2026-05-28 10:20:38,915 [INFO] 准备拉取 26 只股票行情: ['603757', '600021', '001896', '002654', '603256', '301179', '601222', '002290', '600186', '000725', '000600', '603693', '605006', '002156', '002709', '601991', '000899', '301120', '601728', '002453', '600310', '603005', '600863', '002149', '002067', '600309']
2026-05-28 10:20:39,210 [INFO] 行情拉取成功，返回 26 条
2026-05-28 10:20:39,211 [INFO] 今日已推送阈值数: 22
2026-05-28 10:20:39,243 [INFO] P2 跟踪止损更新了 1/11 个仓位
2026-05-28 10:20:39,244 [WARNING] 更新模拟账户市值异常: cannot import name 'update_all_positions_market_value' from 'sim_executor' (C:\Users\Administrator\.openclaw\workspace\quant-learn\scripts\sim_executor.py)
2026-05-28 10:20:39,244 [INFO] 检查完成: 检查了 51 个阈值, 跳过已推送 22 个, 本次触发 0 个
2026-05-28 10:20:39,244 [INFO] 无新警报，静默返回
2026-05-28 10:20:39,244 [INFO] ==== 运行结束 run_id=102038 ====

2026-05-28 10:30:02,893 [INFO] ==== 运行开始 run_id=103002 ====
2026-05-28 10:30:02,893 [INFO] 准备拉取 26 只股票行情: ['603757', '002654', '002453', '601728', '001896', '002149', '600863', '002067', '002156', '002290', '301120', '000600', '605006', '600309', '600186', '603256', '601991', '000899', '600021', '000725', '002709', '600310', '301179', '601222', '603005', '603693']
2026-05-28 10:30:03,135 [INFO] 行情拉取成功，返回 26 条
2026-05-28 10:30:03,137 [INFO] 今日已推送阈值数: 22
2026-05-28 10:30:03,168 [INFO] P2 跟踪止损更新了 1/11 个仓位
2026-05-28 10:30:03,169 [WARNING] 更新模拟账户市值异常: cannot import name 'update_all_positions_market_value' from 'sim_executor' (C:\Users\Administrator\.openclaw\workspace\quant-learn\scripts\sim_executor.py)
2026-05-28 10:30:03,169 [INFO] 检查完成: 检查了 51 个阈值, 跳过已推送 22 个, 本次触发 0 个
2026-05-28 10:30:03,169 [INFO] 无新警报，静默返回
2026-05-28 10:30:03,169 [INFO] ==== 运行结束 run_id=103002 ====

2026-05-28 10:36:23,162 [INFO] ==== 运行开始 run_id=103623 ====
2026-05-28 10:36:23,162 [INFO] 准备拉取 26 只股票行情: ['000600', '603256', '603757', '002654', '002067', '600021', '000725', '002453', '301120', '002290', '600186', '601728', '603693', '000899', '603005', '601991', '002709', '002149', '600863', '301179', '605006', '001896', '600309', '002156', '600310', '601222']
2026-05-28 10:36:23,441 [INFO] 行情拉取成功，返回 26 条
2026-05-28 10:36:23,444 [INFO] 今日已推送阈值数: 22
2026-05-28 10:36:23,482 [INFO] P2 跟踪止损更新了 1/11 个仓位
2026-05-28 10:36:23,483 [WARNING] 更新模拟账户市值异常: cannot import name 'update_all_positions_market_value' from 'sim_executor' (C:\Users\Administrator\.openclaw\workspace\quant-learn\scripts\sim_executor.py)
2026-05-28 10:36:23,483 [INFO] 检查完成: 检查了 51 个阈值, 跳过已推送 22 个, 本次触发 0 个
2026-05-28 10:36:23,483 [INFO] 无新警报，静默返回
2026-05-28 10:36:23,483 [INFO] ==== 运行结束 run_id=103623 ====

2026-05-28 10:40:03,103 [INFO] ==== 运行开始 run_id=104003 ====
2026-05-28 10:40:03,103 [INFO] 准备拉取 26 只股票行情: ['601728', '000725', '002453', '601991', '001896', '002149', '605006', '601222', '301120', '301179', '002709', '600021', '603005', '600186', '000600', '002654', '603693', '002067', '603256', '002290', '600309', '600863', '002156', '600310', '603757', '000899']
2026-05-28 10:40:03,363 [INFO] 行情拉取成功，返回 26 条
2026-05-28 10:40:03,366 [INFO] 今日已推送阈值数: 22
2026-05-28 10:40:03,402 [INFO] P2 跟踪止损更新了 1/11 个仓位
2026-05-28 10:40:03,403 [WARNING] 更新模拟账户市值异常: cannot import name 'update_all_positions_market_value' from 'sim_executor' (C:\Users\Administrator\.openclaw\workspace\quant-learn\scripts\sim_executor.py)
2026-05-28 10:40:03,403 [INFO] 检查完成: 检查了 51 个阈值, 跳过已推送 22 个, 本次触发 0 个
2026-05-28 10:40:03,403 [INFO] 无新警报，静默返回
2026-05-28 10:40:03,405 [INFO] ==== 运行结束 run_id=104003 ====

2026-05-28 10:50:03,040 [INFO] ==== 运行开始 run_id=105003 ====
2026-05-28 10:50:03,040 [INFO] 准备拉取 26 只股票行情: ['000899', '601991', '603256', '002149', '601222', '002654', '002067', '000725', '601728', '002290', '301120', '600309', '603005', '600021', '001896', '603693', '600186', '605006', '002156', '002453', '600863', '600310', '002709', '603757', '301179', '000600']
2026-05-28 10:50:03,299 [INFO] 行情拉取成功，返回 26 条
2026-05-28 10:50:03,300 [INFO] 今日已推送阈值数: 22
2026-05-28 10:50:03,332 [INFO] P2 跟踪止损更新了 1/11 个仓位
2026-05-28 10:50:03,333 [WARNING] 更新模拟账户市值异常: cannot import name 'update_all_positions_market_value' from 'sim_executor' (C:\Users\Administrator\.openclaw\workspace\quant-learn\scripts\sim_executor.py)
2026-05-28 10:50:03,333 [INFO] 检查完成: 检查了 51 个阈值, 跳过已推送 22 个, 本次触发 0 个
2026-05-28 10:50:03,333 [INFO] 无新警报，静默返回
2026-05-28 10:50:03,333 [INFO] ==== 运行结束 run_id=105003 ====

2026-05-28 11:00:03,242 [INFO] ==== 运行开始 run_id=110003 ====
2026-05-28 11:00:03,243 [INFO] 准备拉取 26 只股票行情: ['600310', '600021', '002156', '002709', '000600', '301179', '601222', '000725', '002149', '301120', '603005', '603256', '001896', '002067', '603757', '601991', '002290', '000899', '600863', '605006', '002654', '600186', '603693', '002453', '600309', '601728']
2026-05-28 11:00:03,491 [INFO] 行情拉取成功，返回 26 条
2026-05-28 11:00:03,492 [INFO] 今日已推送阈值数: 22
2026-05-28 11:00:03,524 [INFO] P2 跟踪止损更新了 1/11 个仓位
2026-05-28 11:00:04,085 [INFO] 🚫 [002067] buy_strong 触发但趋势过滤未放行: 🚫 trend_filter=manual_only
2026-05-28 11:00:04,085 [WARNING] 🔔 触发阈值: 002067_buy_strong 价=4.96 阈值=4.98 below
2026-05-28 11:00:04,089 [WARNING] 更新 watchlist_history 失败: name 'date' is not defined
2026-05-28 11:00:04,090 [WARNING] 更新模拟账户市值异常: cannot import name 'update_all_positions_market_value' from 'sim_executor' (C:\Users\Administrator\.openclaw\workspace\quant-learn\scripts\sim_executor.py)
2026-05-28 11:00:04,090 [INFO] 检查完成: 检查了 51 个阈值, 跳过已推送 22 个, 本次触发 1 个
2026-05-28 11:00:04,389 [INFO] webhook 推送成功
2026-05-28 11:00:04,389 [INFO] webhook 推送 成功 | 1 条警报
2026-05-28 11:00:04,389 [INFO] 推送 1 条警报给用户
2026-05-28 11:00:04,389 [INFO] ==== 运行结束 run_id=110003 ====

2026-05-28 11:10:02,988 [INFO] ==== 运行开始 run_id=111002 ====
2026-05-28 11:10:02,990 [INFO] 准备拉取 26 只股票行情: ['603256', '002453', '002156', '002290', '605006', '603005', '600310', '000725', '603757', '002149', '600309', '600186', '000899', '603693', '002654', '600021', '002709', '000600', '600863', '601728', '301120', '001896', '601222', '301179', '601991', '002067']
2026-05-28 11:10:03,227 [INFO] 行情拉取成功，返回 26 条
2026-05-28 11:10:03,229 [INFO] 今日已推送阈值数: 23
2026-05-28 11:10:03,261 [INFO] P2 跟踪止损更新了 1/11 个仓位
2026-05-28 11:10:03,262 [WARNING] 更新模拟账户市值异常: cannot import name 'update_all_positions_market_value' from 'sim_executor' (C:\Users\Administrator\.openclaw\workspace\quant-learn\scripts\sim_executor.py)
2026-05-28 11:10:03,262 [INFO] 检查完成: 检查了 50 个阈值, 跳过已推送 23 个, 本次触发 0 个
2026-05-28 11:10:03,262 [INFO] 无新警报，静默返回
2026-05-28 11:10:03,262 [INFO] ==== 运行结束 run_id=111002 ====

2026-05-28 11:16:27,458 [INFO] ==== 运行开始 run_id=111627 ====
2026-05-28 11:16:27,460 [INFO] 准备拉取 26 只股票行情: ['000600', '000899', '605006', '002709', '603005', '301120', '601222', '600186', '600309', '601728', '002156', '002149', '002654', '601991', '002067', '603256', '600310', '000725', '603693', '600021', '001896', '301179', '600863', '002453', '603757', '002290']
2026-05-28 11:16:27,753 [INFO] 行情拉取成功，返回 26 条
2026-05-28 11:16:27,756 [INFO] 今日已推送阈值数: 23
2026-05-28 11:16:27,786 [INFO] P2 跟踪止损更新了 1/11 个仓位
2026-05-28 11:16:27,788 [WARNING] 更新模拟账户市值异常: cannot import name 'update_all_positions_market_value' from 'sim_executor' (C:\Users\Administrator\.openclaw\workspace\quant-learn\scripts\sim_executor.py)
2026-05-28 11:16:27,788 [INFO] 检查完成: 检查了 50 个阈值, 跳过已推送 23 个, 本次触发 0 个
2026-05-28 11:16:27,788 [INFO] 无新警报，静默返回
2026-05-28 11:16:27,788 [INFO] ==== 运行结束 run_id=111627 ====

2026-05-28 11:20:03,121 [INFO] ==== 运行开始 run_id=112003 ====
2026-05-28 11:20:03,121 [INFO] 准备拉取 26 只股票行情: ['601728', '002290', '603693', '600309', '002149', '002654', '600863', '000600', '603757', '002156', '600310', '002453', '601222', '001896', '601991', '301179', '605006', '000899', '000725', '603256', '002709', '301120', '600186', '002067', '600021', '603005']
2026-05-28 11:20:03,363 [INFO] 行情拉取成功，返回 26 条
2026-05-28 11:20:03,365 [INFO] 今日已推送阈值数: 23
2026-05-28 11:20:03,395 [INFO] P2 跟踪止损更新了 1/11 个仓位
2026-05-28 11:20:03,396 [WARNING] 更新模拟账户市值异常: cannot import name 'update_all_positions_market_value' from 'sim_executor' (C:\Users\Administrator\.openclaw\workspace\quant-learn\scripts\sim_executor.py)
2026-05-28 11:20:03,396 [INFO] 检查完成: 检查了 50 个阈值, 跳过已推送 23 个, 本次触发 0 个
2026-05-28 11:20:03,397 [INFO] 无新警报，静默返回
2026-05-28 11:20:03,397 [INFO] ==== 运行结束 run_id=112003 ====

2026-05-28 11:30:04,352 [INFO] ==== 运行开始 run_id=113004 ====
2026-05-28 11:30:04,352 [INFO] 非交易时段，退出
2026-05-28 11:40:03,883 [INFO] ==== 运行开始 run_id=114003 ====
2026-05-28 11:40:03,884 [INFO] 非交易时段，退出
2026-05-28 11:50:04,391 [INFO] ==== 运行开始 run_id=115004 ====
2026-05-28 11:50:04,391 [INFO] 非交易时段，退出
2026-05-28 12:00:03,956 [INFO] ==== 运行开始 run_id=120003 ====
2026-05-28 12:00:03,956 [INFO] 非交易时段，退出
2026-05-28 12:10:05,126 [INFO] ==== 运行开始 run_id=121005 ====
2026-05-28 12:10:05,126 [INFO] 非交易时段，退出
2026-05-28 12:20:04,553 [INFO] ==== 运行开始 run_id=122004 ====
2026-05-28 12:20:04,553 [INFO] 非交易时段，退出
2026-05-28 12:30:04,202 [INFO] ==== 运行开始 run_id=123004 ====
2026-05-28 12:30:04,202 [INFO] 非交易时段，退出
2026-05-28 12:40:04,245 [INFO] ==== 运行开始 run_id=124004 ====
2026-05-28 12:40:04,245 [INFO] 非交易时段，退出
2026-05-28 12:50:04,192 [INFO] ==== 运行开始 run_id=125004 ====
2026-05-28 12:50:04,192 [INFO] 非交易时段，退出
2026-05-28 13:00:04,201 [INFO] ==== 运行开始 run_id=130004 ====
2026-05-28 13:00:04,201 [INFO] 准备拉取 26 只股票行情: ['601728', '000600', '603005', '002709', '002149', '600310', '603757', '603256', '601222', '600863', '600021', '000725', '301120', '601991', '002156', '002453', '603693', '002290', '600186', '002067', '001896', '000899', '605006', '600309', '301179', '002654']
2026-05-28 13:00:04,470 [INFO] 行情拉取成功，返回 26 条
2026-05-28 13:00:04,472 [INFO] 今日已推送阈值数: 23
2026-05-28 13:00:04,501 [INFO] P2 跟踪止损更新了 1/11 个仓位
2026-05-28 13:00:04,504 [WARNING] 更新模拟账户市值异常: cannot import name 'update_all_positions_market_value' from 'sim_executor' (C:\Users\Administrator\.openclaw\workspace\quant-learn\scripts\sim_executor.py)
2026-05-28 13:00:04,504 [INFO] 检查完成: 检查了 50 个阈值, 跳过已推送 23 个, 本次触发 0 个
2026-05-28 13:00:04,504 [INFO] 无新警报，静默返回
2026-05-28 13:00:04,504 [INFO] ==== 运行结束 run_id=130004 ====

2026-05-28 13:10:05,062 [INFO] ==== 运行开始 run_id=131005 ====
2026-05-28 13:10:05,062 [INFO] 准备拉取 26 只股票行情: ['002067', '603005', '002654', '600309', '603256', '002290', '601991', '605006', '000600', '601728', '301120', '600186', '600863', '002156', '000899', '002453', '601222', '002149', '603757', '000725', '002709', '600021', '001896', '301179', '600310', '603693']
2026-05-28 13:10:05,525 [INFO] 行情拉取成功，返回 26 条
2026-05-28 13:10:05,526 [INFO] 今日已推送阈值数: 23
2026-05-28 13:10:05,588 [INFO] P2 跟踪止损更新了 1/14 个仓位
2026-05-28 13:10:05,590 [WARNING] 更新模拟账户市值异常: cannot import name 'update_all_positions_market_value' from 'sim_executor' (C:\Users\Administrator\.openclaw\workspace\quant-learn\scripts\sim_executor.py)
2026-05-28 13:10:05,590 [INFO] 检查完成: 检查了 50 个阈值, 跳过已推送 23 个, 本次触发 0 个
2026-05-28 13:10:05,590 [INFO] 无新警报，静默返回
2026-05-28 13:10:05,590 [INFO] ==== 运行结束 run_id=131005 ====

2026-05-28 13:15:59,339 [INFO] ==== 运行开始 run_id=131559 ====
2026-05-28 13:15:59,339 [INFO] 准备拉取 26 只股票行情: ['600186', '600310', '301120', '000899', '600863', '605006', '002067', '600309', '001896', '002453', '601222', '002149', '601991', '601728', '600021', '603757', '002709', '002290', '301179', '002654', '603693', '000725', '000600', '603256', '603005', '002156']
2026-05-28 13:15:59,712 [INFO] 行情拉取成功，返回 26 条
2026-05-28 13:15:59,713 [INFO] 今日已推送阈值数: 23
2026-05-28 13:15:59,751 [INFO] P2 跟踪止损更新了 1/14 个仓位
2026-05-28 13:16:03,657 [INFO] ✅ [600186] 莲花控股 BUY 900股 @¥10.74, 金额¥9668
2026-05-28 13:16:03,660 [WARNING] 🤖 虚拟交易: 600186_buy_zone → 买入 900股 @¥10.74
2026-05-28 13:16:03,660 [WARNING] 🔔 触发阈值: 600186_buy_zone 价=10.74 阈值=10.74 below
2026-05-28 13:16:03,663 [WARNING] 更新 watchlist_history 失败: name 'date' is not defined
2026-05-28 13:16:03,664 [WARNING] 更新模拟账户市值异常: cannot import name 'update_all_positions_market_value' from 'sim_executor' (C:\Users\Administrator\.openclaw\workspace\quant-learn\scripts\sim_executor.py)
2026-05-28 13:16:03,664 [INFO] 检查完成: 检查了 50 个阈值, 跳过已推送 23 个, 本次触发 1 个
2026-05-28 13:16:03,831 [INFO] webhook 推送成功
2026-05-28 13:16:03,831 [INFO] webhook 推送 成功 | 1 条警报
2026-05-28 13:16:03,831 [INFO] 推送 1 条警报给用户
2026-05-28 13:16:03,831 [INFO] ==== 运行结束 run_id=131559 ====

2026-05-28 13:20:03,937 [INFO] ==== 运行开始 run_id=132003 ====
2026-05-28 13:20:03,939 [INFO] 准备拉取 26 只股票行情: ['601222', '603005', '002067', '001896', '603256', '605006', '002709', '000725', '301120', '002290', '600310', '002156', '600863', '002654', '601728', '603693', '002149', '000600', '600186', '600309', '002453', '600021', '000899', '601991', '301179', '603757']
2026-05-28 13:20:04,212 [INFO] 行情拉取成功，返回 26 条
2026-05-28 13:20:04,212 [INFO] 今日已推送阈值数: 24
2026-05-28 13:20:04,267 [INFO] P2 跟踪止损更新了 1/15 个仓位
2026-05-28 13:20:04,267 [WARNING] 更新模拟账户市值异常: cannot import name 'update_all_positions_market_value' from 'sim_executor' (C:\Users\Administrator\.openclaw\workspace\quant-learn\scripts\sim_executor.py)
2026-05-28 13:20:04,267 [INFO] 检查完成: 检查了 49 个阈值, 跳过已推送 24 个, 本次触发 0 个
2026-05-28 13:20:04,267 [INFO] 无新警报，静默返回
2026-05-28 13:20:04,267 [INFO] ==== 运行结束 run_id=132003 ====

2026-05-28 13:26:20,503 [INFO] ==== 运行开始 run_id=132620 ====
2026-05-28 13:26:20,503 [INFO] 准备拉取 26 只股票行情: ['002156', '603005', '600863', '601991', '603757', '601728', '605006', '002067', '301179', '002453', '002149', '600021', '601222', '002654', '000725', '603256', '600309', '000899', '600310', '001896', '002709', '600186', '002290', '301120', '603693', '000600']
2026-05-28 13:26:20,749 [INFO] 行情拉取成功，返回 26 条
2026-05-28 13:26:20,751 [INFO] 今日已推送阈值数: 24
2026-05-28 13:26:20,792 [INFO] P2 跟踪止损更新了 1/15 个仓位
2026-05-28 13:26:20,794 [WARNING] 更新模拟账户市值异常: cannot import name 'update_all_positions_market_value' from 'sim_executor' (C:\Users\Administrator\.openclaw\workspace\quant-learn\scripts\sim_executor.py)
2026-05-28 13:26:20,794 [INFO] 检查完成: 检查了 49 个阈值, 跳过已推送 24 个, 本次触发 0 个
2026-05-28 13:26:20,794 [INFO] 无新警报，静默返回
2026-05-28 13:26:20,794 [INFO] ==== 运行结束 run_id=132620 ====

2026-05-28 13:30:04,357 [INFO] ==== 运行开始 run_id=133004 ====
2026-05-28 13:30:04,357 [INFO] 准备拉取 26 只股票行情: ['600186', '002709', '601991', '603693', '600021', '002067', '000899', '603757', '603005', '601222', '000725', '002453', '002149', '600309', '000600', '301179', '002156', '601728', '600863', '002654', '600310', '301120', '605006', '603256', '002290', '001896']
2026-05-28 13:30:04,599 [INFO] 行情拉取成功，返回 26 条
2026-05-28 13:30:04,600 [INFO] 今日已推送阈值数: 24
2026-05-28 13:30:04,644 [INFO] P2 跟踪止损更新了 1/15 个仓位
2026-05-28 13:30:04,644 [WARNING] 更新模拟账户市值异常: cannot import name 'update_all_positions_market_value' from 'sim_executor' (C:\Users\Administrator\.openclaw\workspace\quant-learn\scripts\sim_executor.py)
2026-05-28 13:30:04,646 [INFO] 检查完成: 检查了 49 个阈值, 跳过已推送 24 个, 本次触发 0 个
2026-05-28 13:30:04,646 [INFO] 无新警报，静默返回
2026-05-28 13:30:04,646 [INFO] ==== 运行结束 run_id=133004 ====

2026-05-28 13:40:04,431 [INFO] ==== 运行开始 run_id=134004 ====
2026-05-28 13:40:04,433 [INFO] 准备拉取 26 只股票行情: ['600310', '605006', '601222', '600309', '000899', '603256', '000600', '001896', '002709', '301179', '002149', '002067', '002156', '603693', '002654', '600186', '301120', '601728', '601991', '002290', '603757', '600863', '000725', '603005', '600021', '002453']
2026-05-28 13:40:04,697 [INFO] 行情拉取成功，返回 26 条
2026-05-28 13:40:04,698 [INFO] 今日已推送阈值数: 24
2026-05-28 13:40:04,750 [INFO] P2 跟踪止损更新了 1/15 个仓位
2026-05-28 13:40:04,751 [WARNING] 更新模拟账户市值异常: cannot import name 'update_all_positions_market_value' from 'sim_executor' (C:\Users\Administrator\.openclaw\workspace\quant-learn\scripts\sim_executor.py)
2026-05-28 13:40:04,752 [INFO] 检查完成: 检查了 49 个阈值, 跳过已推送 24 个, 本次触发 0 个
2026-05-28 13:40:04,752 [INFO] 无新警报，静默返回
2026-05-28 13:40:04,752 [INFO] ==== 运行结束 run_id=134004 ====

2026-05-28 13:50:04,318 [INFO] ==== 运行开始 run_id=135004 ====
2026-05-28 13:50:04,318 [INFO] 准备拉取 26 只股票行情: ['600186', '600021', '002453', '301120', '002709', '600310', '603005', '603757', '603693', '600309', '605006', '000600', '601222', '000725', '301179', '601728', '601991', '603256', '002067', '000899', '600863', '002149', '001896', '002654', '002290', '002156']
2026-05-28 13:50:04,604 [INFO] 行情拉取成功，返回 26 条
2026-05-28 13:50:04,606 [INFO] 今日已推送阈值数: 24
2026-05-28 13:50:04,653 [INFO] P2 跟踪止损更新了 1/15 个仓位
2026-05-28 13:50:04,653 [WARNING] 自动止损检查异常: cannot import name 'get_all_positions' from 'sim_executor' (C:\Users\Administrator\.openclaw\workspace\quant-learn\scripts\sim_executor.py)
2026-05-28 13:50:04,656 [WARNING] 更新模拟账户市值异常: cannot import name 'update_all_positions_market_value' from 'sim_executor' (C:\Users\Administrator\.openclaw\workspace\quant-learn\scripts\sim_executor.py)
2026-05-28 13:50:04,657 [INFO] 检查完成: 检查了 49 个阈值, 跳过已推送 24 个, 本次触发 0 个
2026-05-28 13:50:04,657 [INFO] 无新警报，静默返回
2026-05-28 13:50:04,657 [INFO] ==== 运行结束 run_id=135004 ====

2026-05-28 13:51:55,911 [INFO] ==== 运行开始 run_id=135155 ====
2026-05-28 13:51:55,911 [INFO] 准备拉取 26 只股票行情: ['603256', '301179', '605006', '000725', '002149', '603005', '002290', '600186', '601728', '000600', '600021', '301120', '002453', '000899', '002156', '603757', '001896', '600863', '601222', '600310', '002067', '601991', '002709', '603693', '600309', '002654']
2026-05-28 13:51:56,220 [INFO] 行情拉取成功，返回 26 条
2026-05-28 13:51:56,222 [INFO] 今日已推送阈值数: 24
2026-05-28 13:51:56,284 [INFO] P2 跟踪止损更新了 1/15 个仓位
2026-05-28 13:51:56,288 [WARNING] 🚨 自动止损触发: 603757 浮亏 -13.72%
2026-05-28 13:51:56,288 [INFO] [603757] 止损决策: severity=hard, action=SELL_ALL
2026-05-28 13:51:56,298 [INFO] 🔥 止损评级=hard: ⛔️ 倒破 6.2% 进入硬止损区 (¥52.96 ≤ ¥56.47×0.95=¥53.65)，清仓
2026-05-28 13:51:56,304 [INFO] ✅ [603757] 大元泵业 SELL 200股 @¥52.96, 金额¥10584
2026-05-28 13:51:56,307 [INFO] ✅ 自动止损成功: 卖出 200股 @¥52.96
2026-05-28 13:51:56,310 [WARNING] 更新模拟账户市值异常: cannot import name 'update_all_positions_market_value' from 'sim_executor' (C:\Users\Administrator\.openclaw\workspace\quant-learn\scripts\sim_executor.py)
2026-05-28 13:51:56,310 [INFO] 检查完成: 检查了 49 个阈值, 跳过已推送 24 个, 本次触发 1 个
2026-05-28 13:51:56,574 [INFO] webhook 推送成功
2026-05-28 13:51:56,574 [INFO] webhook 推送 成功 | 1 条警报
2026-05-28 13:51:56,574 [INFO] 推送 1 条警报给用户
2026-05-28 13:51:56,575 [INFO] ==== 运行结束 run_id=135155 ====

2026-05-28 14:00:04,506 [INFO] ==== 运行开始 run_id=140004 ====
2026-05-28 14:00:04,506 [INFO] 准备拉取 26 只股票行情: ['600863', '000600', '002156', '002067', '002453', '600021', '002290', '002709', '002654', '600186', '601728', '603256', '600309', '001896', '601991', '603757', '600310', '301120', '000899', '002149', '601222', '301179', '603693', '603005', '000725', '605006']
2026-05-28 14:00:04,759 [INFO] 行情拉取成功，返回 26 条
2026-05-28 14:00:04,760 [INFO] 今日已推送阈值数: 24
2026-05-28 14:00:04,805 [INFO] P2 跟踪止损更新了 1/14 个仓位
2026-05-28 14:00:04,810 [WARNING] 更新模拟账户市值异常: cannot import name 'update_all_positions_market_value' from 'sim_executor' (C:\Users\Administrator\.openclaw\workspace\quant-learn\scripts\sim_executor.py)
2026-05-28 14:00:04,810 [INFO] 检查完成: 检查了 49 个阈值, 跳过已推送 24 个, 本次触发 0 个
2026-05-28 14:00:04,810 [INFO] 无新警报，静默返回
2026-05-28 14:00:04,810 [INFO] ==== 运行结束 run_id=140004 ====

2026-05-28 14:02:14,056 [INFO] ==== 运行开始 run_id=140214 ====
2026-05-28 14:02:14,056 [INFO] 准备拉取 26 只股票行情: ['603693', '600186', '601222', '600021', '001896', '601728', '002067', '603757', '002290', '000600', '301120', '002709', '603256', '002149', '301179', '600310', '002156', '000725', '000899', '002654', '603005', '002453', '600309', '600863', '601991', '605006']
2026-05-28 14:02:14,327 [INFO] 行情拉取成功，返回 26 条
2026-05-28 14:02:14,329 [INFO] 今日已推送阈值数: 24
2026-05-28 14:02:14,387 [INFO] P2 跟踪止损更新了 1/14 个仓位
2026-05-28 14:02:14,393 [WARNING] 更新模拟账户市值异常: cannot import name 'update_all_positions_market_value' from 'sim_executor' (C:\Users\Administrator\.openclaw\workspace\quant-learn\scripts\sim_executor.py)
2026-05-28 14:02:14,393 [INFO] 检查完成: 检查了 49 个阈值, 跳过已推送 24 个, 本次触发 0 个
2026-05-28 14:02:14,394 [INFO] 无新警报，静默返回
2026-05-28 14:02:14,394 [INFO] ==== 运行结束 run_id=140214 ====

2026-05-28 14:10:04,545 [INFO] ==== 运行开始 run_id=141004 ====
2026-05-28 14:10:04,545 [INFO] 准备拉取 26 只股票行情: ['600310', '603693', '002156', '603256', '605006', '002709', '002290', '601222', '301120', '000600', '301179', '600863', '603757', '600186', '002067', '002149', '000899', '600309', '601991', '603005', '002654', '002453', '000725', '001896', '600021', '601728']
2026-05-28 14:10:04,806 [INFO] 行情拉取成功，返回 26 条
2026-05-28 14:10:04,809 [INFO] 今日已推送阈值数: 24
2026-05-28 14:10:04,856 [INFO] P2 跟踪止损更新了 1/14 个仓位
2026-05-28 14:10:04,860 [WARNING] 更新模拟账户市值异常: cannot import name 'update_all_positions_market_value' from 'sim_executor' (C:\Users\Administrator\.openclaw\workspace\quant-learn\scripts\sim_executor.py)
2026-05-28 14:10:04,860 [INFO] 检查完成: 检查了 49 个阈值, 跳过已推送 24 个, 本次触发 0 个
2026-05-28 14:10:04,862 [INFO] 无新警报，静默返回
2026-05-28 14:10:04,862 [INFO] ==== 运行结束 run_id=141004 ====

2026-05-28 14:20:04,376 [INFO] ==== 运行开始 run_id=142004 ====
2026-05-28 14:20:04,376 [INFO] 准备拉取 26 只股票行情: ['002453', '601222', '601991', '603757', '301120', '301179', '002156', '000725', '600310', '601728', '002149', '600186', '000899', '001896', '603005', '605006', '002654', '002067', '600021', '002709', '603256', '002290', '000600', '603693', '600863', '600309']
2026-05-28 14:20:04,646 [INFO] 行情拉取成功，返回 26 条
2026-05-28 14:20:04,648 [INFO] 今日已推送阈值数: 24
2026-05-28 14:20:04,693 [INFO] P2 跟踪止损更新了 1/14 个仓位
2026-05-28 14:20:04,697 [WARNING] 更新模拟账户市值异常: cannot import name 'update_all_positions_market_value' from 'sim_executor' (C:\Users\Administrator\.openclaw\workspace\quant-learn\scripts\sim_executor.py)
2026-05-28 14:20:04,697 [INFO] 检查完成: 检查了 49 个阈值, 跳过已推送 24 个, 本次触发 0 个
2026-05-28 14:20:04,697 [INFO] 无新警报，静默返回
2026-05-28 14:20:04,697 [INFO] ==== 运行结束 run_id=142004 ====

2026-05-28 14:30:04,612 [INFO] ==== 运行开始 run_id=143004 ====
2026-05-28 14:30:04,612 [INFO] 准备拉取 26 只股票行情: ['002290', '301179', '600309', '600021', '002149', '000899', '000725', '603005', '000600', '301120', '002067', '600186', '603693', '002654', '600310', '603757', '002156', '601222', '601991', '001896', '603256', '002709', '600863', '605006', '002453', '601728']
2026-05-28 14:30:04,874 [INFO] 行情拉取成功，返回 26 条
2026-05-28 14:30:04,875 [INFO] 今日已推送阈值数: 24
2026-05-28 14:30:04,910 [INFO] P2 跟踪止损更新了 1/14 个仓位
2026-05-28 14:30:04,913 [WARNING] 更新模拟账户市值异常: cannot import name 'update_all_positions_market_value' from 'sim_executor' (C:\Users\Administrator\.openclaw\workspace\quant-learn\scripts\sim_executor.py)
2026-05-28 14:30:04,913 [INFO] 检查完成: 检查了 49 个阈值, 跳过已推送 24 个, 本次触发 0 个
2026-05-28 14:30:04,913 [INFO] 无新警报，静默返回
2026-05-28 14:30:04,913 [INFO] ==== 运行结束 run_id=143004 ====

2026-05-28 14:40:04,277 [INFO] ==== 运行开始 run_id=144004 ====
2026-05-28 14:40:04,279 [INFO] 准备拉取 26 只股票行情: ['603757', '000725', '002290', '002149', '601991', '600310', '600309', '301120', '002156', '002654', '601222', '000600', '600021', '600863', '002709', '603693', '301179', '605006', '002067', '603005', '002453', '000899', '001896', '600186', '603256', '601728']
2026-05-28 14:40:04,545 [INFO] 行情拉取成功，返回 26 条
2026-05-28 14:40:04,547 [INFO] 今日已推送阈值数: 24
2026-05-28 14:40:04,585 [INFO] P2 跟踪止损更新了 1/14 个仓位
2026-05-28 14:40:04,589 [WARNING] 更新模拟账户市值异常: cannot import name 'update_all_positions_market_value' from 'sim_executor' (C:\Users\Administrator\.openclaw\workspace\quant-learn\scripts\sim_executor.py)
2026-05-28 14:40:04,589 [INFO] 检查完成: 检查了 49 个阈值, 跳过已推送 24 个, 本次触发 0 个
2026-05-28 14:40:04,590 [INFO] 无新警报，静默返回
2026-05-28 14:40:04,590 [INFO] ==== 运行结束 run_id=144004 ====

2026-05-28 14:50:04,412 [INFO] ==== 运行开始 run_id=145004 ====
2026-05-28 14:50:04,413 [INFO] 准备拉取 26 只股票行情: ['605006', '002709', '600186', '001896', '600309', '002156', '600863', '000899', '601222', '603256', '603005', '301179', '002290', '002654', '002067', '600021', '002453', '301120', '002149', '600310', '603693', '000600', '000725', '603757', '601728', '601991']
2026-05-28 14:50:04,661 [INFO] 行情拉取成功，返回 26 条
2026-05-28 14:50:04,663 [INFO] 今日已推送阈值数: 24
2026-05-28 14:50:04,703 [INFO] P2 跟踪止损更新了 1/14 个仓位
2026-05-28 14:50:04,707 [WARNING] 更新模拟账户市值异常: cannot import name 'update_all_positions_market_value' from 'sim_executor' (C:\Users\Administrator\.openclaw\workspace\quant-learn\scripts\sim_executor.py)
2026-05-28 14:50:04,707 [INFO] 检查完成: 检查了 49 个阈值, 跳过已推送 24 个, 本次触发 0 个
2026-05-28 14:50:04,707 [INFO] 无新警报，静默返回
2026-05-28 14:50:04,708 [INFO] ==== 运行结束 run_id=145004 ====

2026-05-28 15:00:04,586 [INFO] ==== 运行开始 run_id=150004 ====
2026-05-28 15:00:04,589 [INFO] 非交易时段，退出
2026-05-28 15:10:04,289 [INFO] ==== 运行开始 run_id=151004 ====
2026-05-28 15:10:04,290 [INFO] 非交易时段，退出
2026-05-28 15:20:04,709 [INFO] ==== 运行开始 run_id=152004 ====
2026-05-28 15:20:04,709 [INFO] 非交易时段，退出
2026-05-28 15:30:04,449 [INFO] ==== 运行开始 run_id=153004 ====
2026-05-28 15:30:04,449 [INFO] 非交易时段，退出
2026-05-28 15:40:03,776 [INFO] ==== 运行开始 run_id=154003 ====
2026-05-28 15:40:03,776 [INFO] 非交易时段，退出
2026-05-28 15:50:04,332 [INFO] ==== 运行开始 run_id=155004 ====
2026-05-28 15:50:04,333 [INFO] 非交易时段，退出
2026-05-28 16:00:04,228 [INFO] ==== 运行开始 run_id=160004 ====
2026-05-28 16:00:04,228 [INFO] 非交易时段，退出
2026-05-28 16:10:04,401 [INFO] ==== 运行开始 run_id=161004 ====
2026-05-28 16:10:04,401 [INFO] 非交易时段，退出
2026-05-28 16:20:04,184 [INFO] ==== 运行开始 run_id=162004 ====
2026-05-28 16:20:04,184 [INFO] 非交易时段，退出
2026-05-28 16:30:04,482 [INFO] ==== 运行开始 run_id=163004 ====
2026-05-28 16:30:04,482 [INFO] 非交易时段，退出
2026-05-28 16:40:03,996 [INFO] ==== 运行开始 run_id=164003 ====
2026-05-28 16:40:03,996 [INFO] 非交易时段，退出
2026-05-28 16:50:04,472 [INFO] ==== 运行开始 run_id=165004 ====
2026-05-28 16:50:04,472 [INFO] 非交易时段，退出
2026-05-28 17:00:04,360 [INFO] ==== 运行开始 run_id=170004 ====
2026-05-28 17:00:04,360 [INFO] 非交易时段，退出
2026-05-28 17:10:04,419 [INFO] ==== 运行开始 run_id=171004 ====
2026-05-28 17:10:04,420 [INFO] 非交易时段，退出
2026-05-28 17:20:04,216 [INFO] ==== 运行开始 run_id=172004 ====
2026-05-28 17:20:04,217 [INFO] 非交易时段，退出
2026-05-28 17:30:04,449 [INFO] ==== 运行开始 run_id=173004 ====
2026-05-28 17:30:04,449 [INFO] 非交易时段，退出
2026-05-28 17:40:04,185 [INFO] ==== 运行开始 run_id=174004 ====
2026-05-28 17:40:04,185 [INFO] 非交易时段，退出
2026-05-28 17:50:04,730 [INFO] ==== 运行开始 run_id=175004 ====
2026-05-28 17:50:04,732 [INFO] 非交易时段，退出
2026-05-28 18:00:04,209 [INFO] ==== 运行开始 run_id=180004 ====
2026-05-28 18:00:04,210 [INFO] 非交易时段，退出
2026-05-28 18:10:05,255 [INFO] ==== 运行开始 run_id=181005 ====
2026-05-28 18:10:05,256 [INFO] 非交易时段，退出
2026-05-28 18:20:04,229 [INFO] ==== 运行开始 run_id=182004 ====
2026-05-28 18:20:04,230 [INFO] 非交易时段，退出
2026-05-28 18:30:04,841 [INFO] ==== 运行开始 run_id=183004 ====
2026-05-28 18:30:04,862 [INFO] 非交易时段，退出
2026-05-28 18:40:04,244 [INFO] ==== 运行开始 run_id=184004 ====
2026-05-28 18:40:04,246 [INFO] 非交易时段，退出
2026-05-28 18:50:04,609 [INFO] ==== 运行开始 run_id=185004 ====
2026-05-28 18:50:04,609 [INFO] 非交易时段，退出
2026-05-28 19:00:04,247 [INFO] ==== 运行开始 run_id=190004 ====
2026-05-28 19:00:04,248 [INFO] 非交易时段，退出
2026-05-28 19:10:04,585 [INFO] ==== 运行开始 run_id=191004 ====
2026-05-28 19:10:04,586 [INFO] 非交易时段，退出
2026-05-28 19:20:04,339 [INFO] ==== 运行开始 run_id=192004 ====
2026-05-28 19:20:04,340 [INFO] 非交易时段，退出
2026-05-28 19:30:04,635 [INFO] ==== 运行开始 run_id=193004 ====
2026-05-28 19:30:04,635 [INFO] 非交易时段，退出
2026-05-28 19:40:04,371 [INFO] ==== 运行开始 run_id=194004 ====
2026-05-28 19:40:04,373 [INFO] 非交易时段，退出
2026-05-28 19:50:04,551 [INFO] ==== 运行开始 run_id=195004 ====
2026-05-28 19:50:04,553 [INFO] 非交易时段，退出
2026-05-28 20:00:04,527 [INFO] ==== 运行开始 run_id=200004 ====
2026-05-28 20:00:04,527 [INFO] 非交易时段，退出
2026-05-28 20:10:04,492 [INFO] ==== 运行开始 run_id=201004 ====
2026-05-28 20:10:04,493 [INFO] 非交易时段，退出
2026-05-28 20:20:04,433 [INFO] ==== 运行开始 run_id=202004 ====
2026-05-28 20:20:04,434 [INFO] 非交易时段，退出
2026-05-28 20:30:04,628 [INFO] ==== 运行开始 run_id=203004 ====
2026-05-28 20:30:04,629 [INFO] 非交易时段，退出
2026-05-28 20:40:04,305 [INFO] ==== 运行开始 run_id=204004 ====
2026-05-28 20:40:04,305 [INFO] 非交易时段，退出
2026-05-28 20:50:04,621 [INFO] ==== 运行开始 run_id=205004 ====
2026-05-28 20:50:04,622 [INFO] 非交易时段，退出
2026-05-28 21:00:04,397 [INFO] ==== 运行开始 run_id=210004 ====
2026-05-28 21:00:04,398 [INFO] 非交易时段，退出
2026-05-28 21:10:04,753 [INFO] ==== 运行开始 run_id=211004 ====
2026-05-28 21:10:04,753 [INFO] 非交易时段，退出
2026-05-28 21:20:04,472 [INFO] ==== 运行开始 run_id=212004 ====
2026-05-28 21:20:04,472 [INFO] 非交易时段，退出
2026-05-28 21:30:04,872 [INFO] ==== 运行开始 run_id=213004 ====
2026-05-28 21:30:04,873 [INFO] 非交易时段，退出
2026-05-28 21:40:04,418 [INFO] ==== 运行开始 run_id=214004 ====
2026-05-28 21:40:04,418 [INFO] 非交易时段，退出
2026-05-28 21:50:04,778 [INFO] ==== 运行开始 run_id=215004 ====
2026-05-28 21:50:04,780 [INFO] 非交易时段，退出
2026-05-28 22:00:04,519 [INFO] ==== 运行开始 run_id=220004 ====
2026-05-28 22:00:04,519 [INFO] 非交易时段，退出
2026-05-28 22:10:04,809 [INFO] ==== 运行开始 run_id=221004 ====
2026-05-28 22:10:04,810 [INFO] 非交易时段，退出
2026-05-28 22:20:04,432 [INFO] ==== 运行开始 run_id=222004 ====
2026-05-28 22:20:04,433 [INFO] 非交易时段，退出
2026-05-28 22:30:04,751 [INFO] ==== 运行开始 run_id=223004 ====
2026-05-28 22:30:04,751 [INFO] 非交易时段，退出
2026-05-28 22:40:04,474 [INFO] ==== 运行开始 run_id=224004 ====
2026-05-28 22:40:04,474 [INFO] 非交易时段，退出
2026-05-28 22:50:04,908 [INFO] ==== 运行开始 run_id=225004 ====
2026-05-28 22:50:04,909 [INFO] 非交易时段，退出
2026-05-28 23:00:04,603 [INFO] ==== 运行开始 run_id=230004 ====
2026-05-28 23:00:04,603 [INFO] 非交易时段，退出
2026-05-28 23:10:04,829 [INFO] ==== 运行开始 run_id=231004 ====
2026-05-28 23:10:04,829 [INFO] 非交易时段，退出
2026-05-28 23:20:04,586 [INFO] ==== 运行开始 run_id=232004 ====
2026-05-28 23:20:04,587 [INFO] 非交易时段，退出
2026-05-28 23:30:04,830 [INFO] ==== 运行开始 run_id=233004 ====
2026-05-28 23:30:04,830 [INFO] 非交易时段，退出
2026-05-28 23:40:04,842 [INFO] ==== 运行开始 run_id=234004 ====
2026-05-28 23:40:04,842 [INFO] 非交易时段，退出
2026-05-28 23:50:04,768 [INFO] ==== 运行开始 run_id=235004 ====
2026-05-28 23:50:04,769 [INFO] 非交易时段，退出
2026-05-29 00:00:04,514 [INFO] ==== 运行开始 run_id=000004 ====
2026-05-29 00:00:04,514 [INFO] 非交易时段，退出
2026-05-29 00:10:04,916 [INFO] ==== 运行开始 run_id=001004 ====
2026-05-29 00:10:04,916 [INFO] 非交易时段，退出
2026-05-29 00:20:04,631 [INFO] ==== 运行开始 run_id=002004 ====
2026-05-29 00:20:04,631 [INFO] 非交易时段，退出
2026-05-29 00:30:04,890 [INFO] ==== 运行开始 run_id=003004 ====
2026-05-29 00:30:04,891 [INFO] 非交易时段，退出
2026-05-29 00:40:04,553 [INFO] ==== 运行开始 run_id=004004 ====
2026-05-29 00:40:04,648 [INFO] 非交易时段，退出
2026-05-29 00:50:04,883 [INFO] ==== 运行开始 run_id=005004 ====
2026-05-29 00:50:04,884 [INFO] 非交易时段，退出
2026-05-29 01:00:04,614 [INFO] ==== 运行开始 run_id=010004 ====
2026-05-29 01:00:04,614 [INFO] 非交易时段，退出
2026-05-29 01:10:04,930 [INFO] ==== 运行开始 run_id=011004 ====
2026-05-29 01:10:04,930 [INFO] 非交易时段，退出
2026-05-29 01:20:04,568 [INFO] ==== 运行开始 run_id=012004 ====
2026-05-29 01:20:04,568 [INFO] 非交易时段，退出
2026-05-29 01:30:04,896 [INFO] ==== 运行开始 run_id=013004 ====
2026-05-29 01:30:04,897 [INFO] 非交易时段，退出
2026-05-29 01:40:04,506 [INFO] ==== 运行开始 run_id=014004 ====
2026-05-29 01:40:04,507 [INFO] 非交易时段，退出
2026-05-29 01:50:05,067 [INFO] ==== 运行开始 run_id=015005 ====
2026-05-29 01:50:05,067 [INFO] 非交易时段，退出
2026-05-29 02:00:04,638 [INFO] ==== 运行开始 run_id=020004 ====
2026-05-29 02:00:04,639 [INFO] 非交易时段，退出
2026-05-29 02:10:04,858 [INFO] ==== 运行开始 run_id=021004 ====
2026-05-29 02:10:04,858 [INFO] 非交易时段，退出
2026-05-29 02:20:04,694 [INFO] ==== 运行开始 run_id=022004 ====
2026-05-29 02:20:04,695 [INFO] 非交易时段，退出
2026-05-29 02:30:04,940 [INFO] ==== 运行开始 run_id=023004 ====
2026-05-29 02:30:04,942 [INFO] 非交易时段，退出
2026-05-29 02:40:04,641 [INFO] ==== 运行开始 run_id=024004 ====
2026-05-29 02:40:04,642 [INFO] 非交易时段，退出
2026-05-29 02:50:05,086 [INFO] ==== 运行开始 run_id=025005 ====
2026-05-29 02:50:05,086 [INFO] 非交易时段，退出
2026-05-29 03:00:05,197 [INFO] ==== 运行开始 run_id=030005 ====
2026-05-29 03:00:05,197 [INFO] 非交易时段，退出
2026-05-29 03:10:04,848 [INFO] ==== 运行开始 run_id=031004 ====
2026-05-29 03:10:04,849 [INFO] 非交易时段，退出
2026-05-29 03:20:04,797 [INFO] ==== 运行开始 run_id=032004 ====
2026-05-29 03:20:04,797 [INFO] 非交易时段，退出
2026-05-29 03:30:04,741 [INFO] ==== 运行开始 run_id=033004 ====
2026-05-29 03:30:04,742 [INFO] 非交易时段，退出
2026-05-29 03:40:04,778 [INFO] ==== 运行开始 run_id=034004 ====
2026-05-29 03:40:04,780 [INFO] 非交易时段，退出
2026-05-29 03:50:03,918 [INFO] ==== 运行开始 run_id=035003 ====
2026-05-29 03:50:03,918 [INFO] 非交易时段，退出
2026-05-29 04:00:04,048 [INFO] ==== 运行开始 run_id=040004 ====
2026-05-29 04:00:04,048 [INFO] 非交易时段，退出
2026-05-29 04:10:03,930 [INFO] ==== 运行开始 run_id=041003 ====
2026-05-29 04:10:03,931 [INFO] 非交易时段，退出
2026-05-29 04:20:03,839 [INFO] ==== 运行开始 run_id=042003 ====
2026-05-29 04:20:03,840 [INFO] 非交易时段，退出
2026-05-29 04:30:04,021 [INFO] ==== 运行开始 run_id=043004 ====
2026-05-29 04:30:04,022 [INFO] 非交易时段，退出
2026-05-29 04:40:03,753 [INFO] ==== 运行开始 run_id=044003 ====
2026-05-29 04:40:03,754 [INFO] 非交易时段，退出
2026-05-29 04:50:04,057 [INFO] ==== 运行开始 run_id=045004 ====
2026-05-29 04:50:04,059 [INFO] 非交易时段，退出
2026-05-29 05:00:03,783 [INFO] ==== 运行开始 run_id=050003 ====
2026-05-29 05:00:03,784 [INFO] 非交易时段，退出
2026-05-29 05:10:04,001 [INFO] ==== 运行开始 run_id=051004 ====
2026-05-29 05:10:04,002 [INFO] 非交易时段，退出
2026-05-29 05:20:03,863 [INFO] ==== 运行开始 run_id=052003 ====
2026-05-29 05:20:03,865 [INFO] 非交易时段，退出
2026-05-29 05:30:04,380 [INFO] ==== 运行开始 run_id=053004 ====
2026-05-29 05:30:04,406 [INFO] 非交易时段，退出
2026-05-29 05:40:03,929 [INFO] ==== 运行开始 run_id=054003 ====
2026-05-29 05:40:03,930 [INFO] 非交易时段，退出
2026-05-29 05:50:04,066 [INFO] ==== 运行开始 run_id=055004 ====
2026-05-29 05:50:04,066 [INFO] 非交易时段，退出
2026-05-29 06:00:03,864 [INFO] ==== 运行开始 run_id=060003 ====
2026-05-29 06:00:03,864 [INFO] 非交易时段，退出
2026-05-29 06:10:04,220 [INFO] ==== 运行开始 run_id=061004 ====
2026-05-29 06:10:04,221 [INFO] 非交易时段，退出
2026-05-29 06:20:03,831 [INFO] ==== 运行开始 run_id=062003 ====
2026-05-29 06:20:03,832 [INFO] 非交易时段，退出
2026-05-29 06:30:04,094 [INFO] ==== 运行开始 run_id=063004 ====
2026-05-29 06:30:04,095 [INFO] 非交易时段，退出
2026-05-29 06:40:03,813 [INFO] ==== 运行开始 run_id=064003 ====
2026-05-29 06:40:03,813 [INFO] 非交易时段，退出
2026-05-29 06:50:04,106 [INFO] ==== 运行开始 run_id=065004 ====
2026-05-29 06:50:04,107 [INFO] 非交易时段，退出
2026-05-29 07:00:03,876 [INFO] ==== 运行开始 run_id=070003 ====
2026-05-29 07:00:03,877 [INFO] 非交易时段，退出
2026-05-29 07:10:04,189 [INFO] ==== 运行开始 run_id=071004 ====
2026-05-29 07:10:04,189 [INFO] 非交易时段，退出
2026-05-29 07:20:03,919 [INFO] ==== 运行开始 run_id=072003 ====
2026-05-29 07:20:03,920 [INFO] 非交易时段，退出
2026-05-29 07:30:04,317 [INFO] ==== 运行开始 run_id=073004 ====
2026-05-29 07:30:04,317 [INFO] 非交易时段，退出
2026-05-29 07:40:03,831 [INFO] ==== 运行开始 run_id=074003 ====
2026-05-29 07:40:03,831 [INFO] 非交易时段，退出
2026-05-29 07:50:04,167 [INFO] ==== 运行开始 run_id=075004 ====
2026-05-29 07:50:04,169 [INFO] 非交易时段，退出
2026-05-29 08:00:03,859 [INFO] ==== 运行开始 run_id=080003 ====
2026-05-29 08:00:03,861 [INFO] 非交易时段，退出
2026-05-29 08:10:04,249 [INFO] ==== 运行开始 run_id=081004 ====
2026-05-29 08:10:04,249 [INFO] 非交易时段，退出
2026-05-29 08:20:03,868 [INFO] ==== 运行开始 run_id=082003 ====
2026-05-29 08:20:03,869 [INFO] 非交易时段，退出
2026-05-29 08:30:04,088 [INFO] ==== 运行开始 run_id=083004 ====
2026-05-29 08:30:04,089 [INFO] 非交易时段，退出
2026-05-29 08:40:03,968 [INFO] ==== 运行开始 run_id=084003 ====
2026-05-29 08:40:03,969 [INFO] 非交易时段，退出
2026-05-29 08:50:04,178 [INFO] ==== 运行开始 run_id=085004 ====
2026-05-29 08:50:04,178 [INFO] 非交易时段，退出
2026-05-29 09:00:04,038 [INFO] ==== 运行开始 run_id=090004 ====
2026-05-29 09:00:04,038 [INFO] 非交易时段，退出
2026-05-29 09:10:04,084 [INFO] ==== 运行开始 run_id=091004 ====
2026-05-29 09:10:04,085 [INFO] 非交易时段，退出
2026-05-29 09:20:04,019 [INFO] ==== 运行开始 run_id=092004 ====
2026-05-29 09:20:04,021 [INFO] 非交易时段，退出
2026-05-29 09:30:04,243 [INFO] ==== 运行开始 run_id=093004 ====
2026-05-29 09:30:04,243 [INFO] 准备拉取 26 只股票行情: ['600021', '601728', '301120', '603256', '002654', '000899', '600186', '600863', '301179', '002067', '601222', '000725', '002149', '000600', '601991', '603757', '600309', '600310', '001896', '603693', '002709', '002290', '002453', '603005', '002156', '605006']
2026-05-29 09:30:04,475 [INFO] 行情拉取成功，返回 26 条
2026-05-29 09:30:04,477 [INFO] 今日已推送阈值数: 0
2026-05-29 09:30:04,519 [INFO] P2 跟踪止损更新了 2/14 个仓位
2026-05-29 09:30:06,255 [INFO] 🚫 [002709] buy_zone 触发但趋势过滤未放行: ⏳ trend_filter=wait_macd (MACD 未金叉，等右侧确认）
2026-05-29 09:30:06,257 [WARNING] 🔔 触发阈值: 002709_buy_zone 价=51.6 阈值=57.33 below
2026-05-29 09:30:06,260 [WARNING] 更新 watchlist_history 失败: name 'date' is not defined
2026-05-29 09:30:09,144 [INFO] 🚫 [002709] buy_strong 触发但趋势过滤未放行: ⏳ trend_filter=wait_macd (MACD 未金叉，等右侧确认）
2026-05-29 09:30:09,144 [WARNING] 🔔 触发阈值: 002709_buy_strong 价=51.6 阈值=57.05 below
2026-05-29 09:30:09,148 [WARNING] 更新 watchlist_history 失败: name 'date' is not defined
2026-05-29 09:30:10,559 [INFO] 🚫 [002149] buy_zone 触发但趋势过滤未放行: 🚫 trend_filter=manual_only
2026-05-29 09:30:10,560 [WARNING] 🔔 触发阈值: 002149_buy_zone 价=64.17 阈值=71.63 below
2026-05-29 09:30:10,563 [WARNING] 更新 watchlist_history 失败: name 'date' is not defined
2026-05-29 09:30:12,574 [INFO] 🚫 [002149] buy_strong 触发但趋势过滤未放行: 🚫 trend_filter=manual_only
2026-05-29 09:30:12,574 [WARNING] 🔔 触发阈值: 002149_buy_strong 价=64.17 阈值=67.7 below
2026-05-29 09:30:12,578 [WARNING] 更新 watchlist_history 失败: name 'date' is not defined
2026-05-29 09:30:13,902 [INFO] 🚫 [603757] buy_zone 触发但趋势过滤未放行: 🚫 trend_filter=manual_only
2026-05-29 09:30:13,902 [WARNING] 🔔 触发阈值: 603757_buy_zone 价=58.48 阈值=61.81 below
2026-05-29 09:30:13,905 [WARNING] 更新 watchlist_history 失败: name 'date' is not defined
2026-05-29 09:30:13,905 [WARNING] 🔔 触发阈值: 600309_trend_break_warn 价=73.97 阈值=80.55 below
2026-05-29 09:30:13,908 [WARNING] 更新 watchlist_history 失败: name 'date' is not defined
2026-05-29 09:30:14,622 [INFO] 🚫 [601728] buy_zone 触发但趋势过滤未放行: 🔍 require_support — 🔍 量能过缩 (今日量=0.49×5日均)，无量阴跌不能买
2026-05-29 09:30:14,622 [WARNING] 🔔 触发阈值: 601728_buy_zone 价=5.97 阈值=6.42 below
2026-05-29 09:30:14,625 [WARNING] 更新 watchlist_history 失败: name 'date' is not defined
2026-05-29 09:30:16,954 [WARNING] 虚拟下单异常: name '_MACD_CACHE_TTL_SEC' is not defined
2026-05-29 09:30:16,954 [WARNING] 🔔 触发阈值: 601728_buy_strong 价=5.97 阈值=6.2 below
2026-05-29 09:30:16,958 [WARNING] 更新 watchlist_history 失败: name 'date' is not defined
2026-05-29 09:30:18,660 [INFO] ✅ [002654] 万润科技 BUY 600股 @¥16.66, 金额¥9998
2026-05-29 09:30:18,661 [WARNING] 🤖 虚拟交易: 002654_buy_zone → 买入 600股 @¥16.66
2026-05-29 09:30:18,661 [WARNING] 🔔 触发阈值: 002654_buy_zone 价=16.66 阈值=17.4 below
2026-05-29 09:30:18,665 [WARNING] 更新 watchlist_history 失败: name 'date' is not defined
2026-05-29 09:30:18,665 [WARNING] 🔔 触发阈值: 301120_right_side_confirm 价=24.83 阈值=23.44 above
2026-05-29 09:30:18,667 [WARNING] 更新 watchlist_history 失败: name 'date' is not defined
2026-05-29 09:30:19,608 [INFO] 🚫 [301179] buy_zone 触发但趋势过滤未放行: ⏳ trend_filter=wait_macd (MACD 未金叉，等右侧确认）
2026-05-29 09:30:19,608 [WARNING] 🔔 触发阈值: 301179_buy_zone 价=23.4 阈值=25.83 below
2026-05-29 09:30:19,611 [WARNING] 更新 watchlist_history 失败: name 'date' is not defined
2026-05-29 09:30:22,912 [INFO] 🚫 [301179] buy_strong 触发但趋势过滤未放行: ⏳ trend_filter=wait_macd (MACD 未金叉，等右侧确认）
2026-05-29 09:30:22,913 [WARNING] 🔔 触发阈值: 301179_buy_strong 价=23.4 阈值=25.21 below
2026-05-29 09:30:22,916 [WARNING] 更新 watchlist_history 失败: name 'date' is not defined
2026-05-29 09:30:22,916 [WARNING] 🔔 触发阈值: 301179_trend_break 价=23.4 阈值=23.46 below
2026-05-29 09:30:22,918 [WARNING] 更新 watchlist_history 失败: name 'date' is not defined
2026-05-29 09:30:23,292 [INFO] 🚫 [002067] buy_zone 触发但趋势过滤未放行: 🚫 trend_filter=manual_only
2026-05-29 09:30:23,293 [WARNING] 🔔 触发阈值: 002067_buy_zone 价=5.04 阈值=5.09 below
2026-05-29 09:30:23,296 [WARNING] 更新 watchlist_history 失败: name 'date' is not defined
2026-05-29 09:30:23,296 [WARNING] 🔔 触发阈值: 000899_right_side_confirm 价=13.87 阈值=13.79 above
2026-05-29 09:30:23,298 [WARNING] 更新 watchlist_history 失败: name 'date' is not defined
2026-05-29 09:30:23,562 [INFO] 🚫 [001896] buy_zone 触发但趋势过滤未放行: 🚫 trend_filter=manual_only
2026-05-29 09:30:23,562 [WARNING] 🔔 触发阈值: 001896_buy_zone 价=15.49 阈值=16.12 below
2026-05-29 09:30:23,567 [WARNING] 更新 watchlist_history 失败: name 'date' is not defined
2026-05-29 09:30:24,868 [INFO] 🚫 [001896] buy_strong 触发但趋势过滤未放行: 🚫 trend_filter=manual_only
2026-05-29 09:30:24,868 [WARNING] 🔔 触发阈值: 001896_buy_strong 价=15.49 阈值=16.28 below
2026-05-29 09:30:24,874 [WARNING] 更新 watchlist_history 失败: name 'date' is not defined
2026-05-29 09:30:24,875 [WARNING] 更新模拟账户市值异常: cannot import name 'update_all_positions_market_value' from 'sim_executor' (C:\Users\Administrator\.openclaw\workspace\quant-learn\scripts\sim_executor.py)
2026-05-29 09:30:24,875 [INFO] 检查完成: 检查了 73 个阈值, 跳过已推送 0 个, 本次触发 17 个
2026-05-29 09:30:25,063 [INFO] webhook 推送成功
2026-05-29 09:30:25,063 [INFO] webhook 推送 成功 | 17 条警报
2026-05-29 09:30:25,063 [INFO] 推送 17 条警报给用户
2026-05-29 09:30:25,063 [INFO] ==== 运行结束 run_id=093004 ====

2026-05-29 09:40:04,130 [INFO] ==== 运行开始 run_id=094004 ====
2026-05-29 09:40:04,130 [INFO] 准备拉取 26 只股票行情: ['002156', '002709', '600186', '002067', '600021', '603005', '605006', '301120', '603256', '002453', '603693', '000725', '601222', '601991', '001896', '603757', '601728', '002290', '600863', '301179', '000899', '600310', '002149', '000600', '002654', '600309']
2026-05-29 09:40:04,367 [INFO] 行情拉取成功，返回 26 条
2026-05-29 09:40:04,369 [INFO] 今日已推送阈值数: 17
2026-05-29 09:40:04,410 [INFO] P2 跟踪止损更新了 2/15 个仓位
2026-05-29 09:40:04,412 [WARNING] 🔔 触发阈值: 601728_trend_watch 价=5.96 阈值=5.96 below
2026-05-29 09:40:04,415 [WARNING] 更新 watchlist_history 失败: name 'date' is not defined
2026-05-29 09:40:08,963 [INFO] ✅ [600186] 莲花控股 BUY 900股 @¥10.61, 金额¥9551
2026-05-29 09:40:08,965 [WARNING] 🤖 虚拟交易: 600186_buy_zone → 买入 900股 @¥10.61
2026-05-29 09:40:08,965 [WARNING] 🔔 触发阈值: 600186_buy_zone 价=10.61 阈值=10.74 below
2026-05-29 09:40:08,970 [WARNING] 更新 watchlist_history 失败: name 'date' is not defined
2026-05-29 09:40:08,971 [WARNING] 更新模拟账户市值异常: cannot import name 'update_all_positions_market_value' from 'sim_executor' (C:\Users\Administrator\.openclaw\workspace\quant-learn\scripts\sim_executor.py)
2026-05-29 09:40:08,971 [INFO] 检查完成: 检查了 56 个阈值, 跳过已推送 17 个, 本次触发 2 个
2026-05-29 09:40:09,170 [INFO] webhook 推送成功
2026-05-29 09:40:09,170 [INFO] webhook 推送 成功 | 2 条警报
2026-05-29 09:40:09,170 [INFO] 推送 2 条警报给用户
2026-05-29 09:40:09,170 [INFO] ==== 运行结束 run_id=094004 ====

2026-05-29 09:50:04,260 [INFO] ==== 运行开始 run_id=095004 ====
2026-05-29 09:50:04,261 [INFO] 准备拉取 26 只股票行情: ['000725', '301120', '301179', '000600', '601991', '600186', '001896', '002290', '603757', '600021', '002654', '600309', '601728', '600863', '605006', '603005', '000899', '002067', '600310', '603693', '603256', '002156', '002149', '002453', '002709', '601222']
2026-05-29 09:50:04,510 [INFO] 行情拉取成功，返回 26 条
2026-05-29 09:50:04,513 [INFO] 今日已推送阈值数: 19
2026-05-29 09:50:04,552 [INFO] P2 跟踪止损更新了 2/15 个仓位
2026-05-29 09:50:05,633 [INFO] ✅ [002654] 万润科技 BUY 600股 @¥15.69, 金额¥9416
2026-05-29 09:50:05,635 [WARNING] 🤖 虚拟交易: 002654_buy_strong → 买入 600股 @¥15.69
2026-05-29 09:50:05,636 [WARNING] 🔔 触发阈值: 002654_buy_strong 价=15.69 阈值=16.01 below
2026-05-29 09:50:05,637 [WARNING] 更新 watchlist_history 失败: name 'date' is not defined
2026-05-29 09:50:07,281 [INFO] 🚫 [002067] buy_strong 触发但趋势过滤未放行: 🚫 trend_filter=manual_only
2026-05-29 09:50:07,282 [WARNING] 🔔 触发阈值: 002067_buy_strong 价=4.96 阈值=4.98 below
2026-05-29 09:50:07,286 [WARNING] 更新 watchlist_history 失败: name 'date' is not defined
2026-05-29 09:50:08,099 [INFO] ✅ [601222] 林洋能源 BUY 1500股 @¥6.41, 金额¥9617
2026-05-29 09:50:08,103 [WARNING] 🤖 虚拟交易: 601222_buy_zone → 买入 1500股 @¥6.41
2026-05-29 09:50:08,103 [WARNING] 🔔 触发阈值: 601222_buy_zone 价=6.41 阈值=6.41 below
2026-05-29 09:50:08,106 [WARNING] 更新 watchlist_history 失败: name 'date' is not defined
2026-05-29 09:50:08,107 [WARNING] 更新模拟账户市值异常: cannot import name 'update_all_positions_market_value' from 'sim_executor' (C:\Users\Administrator\.openclaw\workspace\quant-learn\scripts\sim_executor.py)
2026-05-29 09:50:08,108 [INFO] 检查完成: 检查了 54 个阈值, 跳过已推送 19 个, 本次触发 3 个
2026-05-29 09:50:08,407 [INFO] webhook 推送成功
2026-05-29 09:50:08,407 [INFO] webhook 推送 成功 | 3 条警报
2026-05-29 09:50:08,407 [INFO] 推送 3 条警报给用户
2026-05-29 09:50:08,407 [INFO] ==== 运行结束 run_id=095004 ====

2026-05-29 10:00:04,406 [INFO] ==== 运行开始 run_id=100004 ====
2026-05-29 10:00:04,408 [INFO] 准备拉取 26 只股票行情: ['603693', '603005', '301120', '002067', '601991', '600021', '600310', '002453', '000600', '000725', '605006', '601222', '000899', '603757', '002709', '002149', '600309', '002654', '301179', '001896', '002290', '002156', '600863', '601728', '603256', '600186']
2026-05-29 10:00:04,653 [INFO] 行情拉取成功，返回 26 条
2026-05-29 10:00:04,654 [INFO] 今日已推送阈值数: 22
2026-05-29 10:00:04,696 [INFO] P2 跟踪止损更新了 3/15 个仓位
2026-05-29 10:00:06,321 [INFO] 🚫 [603757] buy_strong 触发但趋势过滤未放行: 🚫 trend_filter=manual_only
2026-05-29 10:00:06,323 [WARNING] 🔔 触发阈值: 603757_buy_strong 价=56.26 阈值=56.85 below
2026-05-29 10:00:06,326 [WARNING] 更新 watchlist_history 失败: name 'date' is not defined
2026-05-29 10:00:06,328 [WARNING] 更新模拟账户市值异常: cannot import name 'update_all_positions_market_value' from 'sim_executor' (C:\Users\Administrator\.openclaw\workspace\quant-learn\scripts\sim_executor.py)
2026-05-29 10:00:06,328 [INFO] 检查完成: 检查了 51 个阈值, 跳过已推送 22 个, 本次触发 1 个
2026-05-29 10:00:06,507 [INFO] webhook 推送成功
2026-05-29 10:00:06,507 [INFO] webhook 推送 成功 | 1 条警报
2026-05-29 10:00:06,507 [INFO] 推送 1 条警报给用户
2026-05-29 10:00:06,508 [INFO] ==== 运行结束 run_id=100004 ====

2026-05-29 10:10:04,874 [INFO] ==== 运行开始 run_id=101004 ====
2026-05-29 10:10:04,875 [INFO] 准备拉取 26 只股票行情: ['002453', '301179', '002654', '001896', '000725', '600863', '301120', '600021', '600186', '603757', '601222', '002067', '002290', '601991', '000899', '002149', '000600', '600310', '603005', '601728', '603256', '002709', '002156', '600309', '605006', '603693']
2026-05-29 10:10:05,153 [INFO] 行情拉取成功，返回 26 条
2026-05-29 10:10:05,155 [INFO] 今日已推送阈值数: 23
2026-05-29 10:10:05,233 [INFO] P2 跟踪止损更新了 3/15 个仓位
2026-05-29 10:10:12,859 [INFO] 🚫 [002290] buy_zone 触发但趋势过滤未放行: 📊 trend_filter=wait_volume (量比0.6458277339186075×，等量能放大
2026-05-29 10:10:12,860 [WARNING] 🔔 触发阈值: 002290_buy_zone 价=94.99 阈值=95.58 below
2026-05-29 10:10:12,863 [WARNING] 更新 watchlist_history 失败: name 'date' is not defined
2026-05-29 10:10:12,865 [WARNING] 更新模拟账户市值异常: cannot import name 'update_all_positions_market_value' from 'sim_executor' (C:\Users\Administrator\.openclaw\workspace\quant-learn\scripts\sim_executor.py)
2026-05-29 10:10:12,865 [INFO] 检查完成: 检查了 50 个阈值, 跳过已推送 23 个, 本次触发 1 个
2026-05-29 10:10:13,087 [INFO] webhook 推送成功
2026-05-29 10:10:13,088 [INFO] webhook 推送 成功 | 1 条警报
2026-05-29 10:10:13,088 [INFO] 推送 1 条警报给用户
2026-05-29 10:10:13,088 [INFO] ==== 运行结束 run_id=101004 ====

2026-05-29 10:20:03,980 [INFO] ==== 运行开始 run_id=102003 ====
2026-05-29 10:20:03,980 [INFO] 准备拉取 26 只股票行情: ['601728', '600863', '002149', '002453', '002156', '000725', '301120', '002067', '601991', '600310', '605006', '002654', '002290', '603005', '603757', '600309', '603256', '301179', '001896', '601222', '002709', '000899', '600021', '600186', '603693', '000600']
2026-05-29 10:20:04,245 [INFO] 行情拉取成功，返回 26 条
2026-05-29 10:20:04,248 [INFO] 今日已推送阈值数: 24
2026-05-29 10:20:04,285 [INFO] P2 跟踪止损更新了 3/15 个仓位
2026-05-29 10:20:04,289 [WARNING] 更新模拟账户市值异常: cannot import name 'update_all_positions_market_value' from 'sim_executor' (C:\Users\Administrator\.openclaw\workspace\quant-learn\scripts\sim_executor.py)
2026-05-29 10:20:04,289 [INFO] 检查完成: 检查了 49 个阈值, 跳过已推送 24 个, 本次触发 0 个
2026-05-29 10:20:04,289 [INFO] 无新警报，静默返回
2026-05-29 10:20:04,289 [INFO] ==== 运行结束 run_id=102003 ====

2026-05-29 10:30:04,462 [INFO] ==== 运行开始 run_id=103004 ====
2026-05-29 10:30:04,463 [INFO] 准备拉取 26 只股票行情: ['000725', '605006', '000899', '301179', '603005', '000600', '601991', '301120', '600310', '002654', '600021', '600186', '603256', '603693', '603757', '002067', '600309', '601728', '601222', '002709', '600863', '002149', '001896', '002156', '002290', '002453']
2026-05-29 10:30:04,720 [INFO] 行情拉取成功，返回 26 条
2026-05-29 10:30:04,723 [INFO] 今日已推送阈值数: 24
2026-05-29 10:30:04,763 [INFO] P2 跟踪止损更新了 3/15 个仓位
2026-05-29 10:30:04,766 [WARNING] 更新模拟账户市值异常: cannot import name 'update_all_positions_market_value' from 'sim_executor' (C:\Users\Administrator\.openclaw\workspace\quant-learn\scripts\sim_executor.py)
2026-05-29 10:30:04,766 [INFO] 检查完成: 检查了 49 个阈值, 跳过已推送 24 个, 本次触发 0 个
2026-05-29 10:30:04,767 [INFO] 无新警报，静默返回
2026-05-29 10:30:04,767 [INFO] ==== 运行结束 run_id=103004 ====

2026-05-29 10:40:03,985 [INFO] ==== 运行开始 run_id=104003 ====
2026-05-29 10:40:03,987 [INFO] 准备拉取 26 只股票行情: ['600021', '601991', '002149', '603005', '002654', '603256', '001896', '002156', '600186', '605006', '301179', '600309', '000725', '600310', '002290', '002709', '601222', '002453', '000899', '601728', '000600', '301120', '603693', '600863', '603757', '002067']
2026-05-29 10:40:04,244 [INFO] 行情拉取成功，返回 26 条
2026-05-29 10:40:04,245 [INFO] 今日已推送阈值数: 24
2026-05-29 10:40:04,289 [INFO] P2 跟踪止损更新了 3/15 个仓位
2026-05-29 10:40:04,293 [WARNING] 更新模拟账户市值异常: cannot import name 'update_all_positions_market_value' from 'sim_executor' (C:\Users\Administrator\.openclaw\workspace\quant-learn\scripts\sim_executor.py)
2026-05-29 10:40:04,293 [INFO] 检查完成: 检查了 49 个阈值, 跳过已推送 24 个, 本次触发 0 个
2026-05-29 10:40:04,293 [INFO] 无新警报，静默返回
2026-05-29 10:40:04,293 [INFO] ==== 运行结束 run_id=104003 ====

2026-05-29 10:50:04,469 [INFO] ==== 运行开始 run_id=105004 ====
2026-05-29 10:50:04,470 [INFO] 准备拉取 26 只股票行情: ['002067', '605006', '301120', '301179', '000725', '002156', '000600', '600310', '002453', '601222', '600309', '601728', '601991', '002654', '603256', '603757', '600863', '603005', '001896', '603693', '600021', '002709', '000899', '002290', '600186', '002149']
2026-05-29 10:50:04,728 [INFO] 行情拉取成功，返回 26 条
2026-05-29 10:50:04,730 [INFO] 今日已推送阈值数: 24
2026-05-29 10:50:04,779 [INFO] P2 跟踪止损更新了 4/15 个仓位
2026-05-29 10:50:04,783 [WARNING] 更新模拟账户市值异常: cannot import name 'update_all_positions_market_value' from 'sim_executor' (C:\Users\Administrator\.openclaw\workspace\quant-learn\scripts\sim_executor.py)
2026-05-29 10:50:04,783 [INFO] 检查完成: 检查了 49 个阈值, 跳过已推送 24 个, 本次触发 0 个
2026-05-29 10:50:04,783 [INFO] 无新警报，静默返回
2026-05-29 10:50:04,784 [INFO] ==== 运行结束 run_id=105004 ====

2026-05-29 11:00:04,261 [INFO] ==== 运行开始 run_id=110004 ====
2026-05-29 11:00:04,261 [INFO] 准备拉取 26 只股票行情: ['002156', '601991', '603256', '603005', '600186', '002290', '000899', '002067', '601222', '002453', '601728', '605006', '002149', '000725', '603693', '301120', '600309', '000600', '600863', '600310', '002709', '301179', '603757', '600021', '002654', '001896']
2026-05-29 11:00:04,525 [INFO] 行情拉取成功，返回 26 条
2026-05-29 11:00:04,527 [INFO] 今日已推送阈值数: 24
2026-05-29 11:00:04,572 [INFO] P2 跟踪止损更新了 4/15 个仓位
2026-05-29 11:00:06,427 [WARNING] 🔔 触发阈值: 600186_buy_strong 价=10.42 阈值=10.42 below
2026-05-29 11:00:06,430 [WARNING] 更新 watchlist_history 失败: name 'date' is not defined
2026-05-29 11:00:06,430 [WARNING] 更新模拟账户市值异常: cannot import name 'update_all_positions_market_value' from 'sim_executor' (C:\Users\Administrator\.openclaw\workspace\quant-learn\scripts\sim_executor.py)
2026-05-29 11:00:06,430 [INFO] 检查完成: 检查了 49 个阈值, 跳过已推送 24 个, 本次触发 1 个
2026-05-29 11:00:06,672 [INFO] webhook 推送成功
2026-05-29 11:00:06,674 [INFO] webhook 推送 成功 | 1 条警报
2026-05-29 11:00:06,674 [INFO] 推送 1 条警报给用户
2026-05-29 11:00:06,674 [INFO] ==== 运行结束 run_id=110004 ====

2026-05-29 11:10:04,422 [INFO] ==== 运行开始 run_id=111004 ====
2026-05-29 11:10:04,422 [INFO] 准备拉取 26 只股票行情: ['603693', '301120', '603757', '600863', '600309', '002149', '601222', '002067', '603005', '601728', '002156', '600021', '600310', '000899', '001896', '603256', '002709', '002453', '605006', '000600', '600186', '002290', '301179', '002654', '601991', '000725']
2026-05-29 11:10:04,765 [INFO] 行情拉取成功，返回 26 条
2026-05-29 11:10:04,768 [INFO] 今日已推送阈值数: 25
2026-05-29 11:10:04,829 [INFO] P2 跟踪止损更新了 4/15 个仓位
2026-05-29 11:10:04,833 [WARNING] 更新模拟账户市值异常: cannot import name 'update_all_positions_market_value' from 'sim_executor' (C:\Users\Administrator\.openclaw\workspace\quant-learn\scripts\sim_executor.py)
2026-05-29 11:10:04,833 [INFO] 检查完成: 检查了 48 个阈值, 跳过已推送 25 个, 本次触发 0 个
2026-05-29 11:10:04,833 [INFO] 无新警报，静默返回
2026-05-29 11:10:04,833 [INFO] ==== 运行结束 run_id=111004 ====

2026-05-29 11:20:04,073 [INFO] ==== 运行开始 run_id=112004 ====
2026-05-29 11:20:04,073 [INFO] 准备拉取 26 只股票行情: ['000899', '603693', '600310', '002654', '605006', '001896', '603005', '301179', '603757', '002290', '301120', '002067', '002709', '600186', '000600', '601222', '002149', '002453', '601991', '601728', '600021', '000725', '002156', '600863', '603256', '600309']
2026-05-29 11:20:04,321 [INFO] 行情拉取成功，返回 26 条
2026-05-29 11:20:04,324 [INFO] 今日已推送阈值数: 25
2026-05-29 11:20:04,363 [INFO] P2 跟踪止损更新了 4/15 个仓位
2026-05-29 11:20:04,367 [WARNING] 更新模拟账户市值异常: cannot import name 'update_all_positions_market_value' from 'sim_executor' (C:\Users\Administrator\.openclaw\workspace\quant-learn\scripts\sim_executor.py)
2026-05-29 11:20:04,367 [INFO] 检查完成: 检查了 48 个阈值, 跳过已推送 25 个, 本次触发 0 个
2026-05-29 11:20:04,367 [INFO] 无新警报，静默返回
2026-05-29 11:20:04,367 [INFO] ==== 运行结束 run_id=112004 ====

2026-05-29 11:30:04,330 [INFO] ==== 运行开始 run_id=113004 ====
2026-05-29 11:30:04,331 [INFO] 非交易时段，退出
2026-05-29 11:40:04,128 [INFO] ==== 运行开始 run_id=114004 ====
2026-05-29 11:40:04,128 [INFO] 非交易时段，退出
2026-05-29 11:50:04,453 [INFO] ==== 运行开始 run_id=115004 ====
2026-05-29 11:50:04,453 [INFO] 非交易时段，退出
2026-05-29 12:00:04,134 [INFO] ==== 运行开始 run_id=120004 ====
2026-05-29 12:00:04,135 [INFO] 非交易时段，退出
2026-05-29 12:10:04,345 [INFO] ==== 运行开始 run_id=121004 ====
2026-05-29 12:10:04,345 [INFO] 非交易时段，退出
2026-05-29 12:20:04,103 [INFO] ==== 运行开始 run_id=122004 ====
2026-05-29 12:20:04,103 [INFO] 非交易时段，退出
2026-05-29 12:30:04,430 [INFO] ==== 运行开始 run_id=123004 ====
2026-05-29 12:30:04,431 [INFO] 非交易时段，退出
2026-05-29 12:40:04,014 [INFO] ==== 运行开始 run_id=124004 ====
2026-05-29 12:40:04,014 [INFO] 非交易时段，退出
2026-05-29 12:50:04,483 [INFO] ==== 运行开始 run_id=125004 ====
2026-05-29 12:50:04,483 [INFO] 非交易时段，退出
2026-05-29 13:00:04,180 [INFO] ==== 运行开始 run_id=130004 ====
2026-05-29 13:00:04,181 [INFO] 准备拉取 26 只股票行情: ['002709', '002654', '601728', '000600', '603256', '002156', '603693', '002067', '603005', '301120', '002290', '001896', '605006', '600310', '601222', '600863', '000899', '601991', '600186', '603757', '000725', '002149', '301179', '600309', '600021', '002453']
2026-05-29 13:00:04,448 [INFO] 行情拉取成功，返回 26 条
2026-05-29 13:00:04,450 [INFO] 今日已推送阈值数: 25
2026-05-29 13:00:04,492 [INFO] P2 跟踪止损更新了 4/15 个仓位
2026-05-29 13:00:04,497 [WARNING] 更新模拟账户市值异常: cannot import name 'update_all_positions_market_value' from 'sim_executor' (C:\Users\Administrator\.openclaw\workspace\quant-learn\scripts\sim_executor.py)
2026-05-29 13:00:04,497 [INFO] 检查完成: 检查了 48 个阈值, 跳过已推送 25 个, 本次触发 0 个
2026-05-29 13:00:04,497 [INFO] 无新警报，静默返回
2026-05-29 13:00:04,497 [INFO] ==== 运行结束 run_id=130004 ====

2026-05-29 13:10:04,512 [INFO] ==== 运行开始 run_id=131004 ====
2026-05-29 13:10:04,512 [INFO] 准备拉取 26 只股票行情: ['603005', '600021', '601222', '002290', '002453', '600863', '002149', '000899', '603693', '002156', '301179', '000600', '002067', '603757', '301120', '600309', '000725', '600310', '001896', '601728', '603256', '601991', '002654', '002709', '605006', '600186']
2026-05-29 13:10:04,776 [INFO] 行情拉取成功，返回 26 条
2026-05-29 13:10:04,779 [INFO] 今日已推送阈值数: 25
2026-05-29 13:10:04,817 [INFO] P2 跟踪止损更新了 4/15 个仓位
2026-05-29 13:10:04,820 [WARNING] 更新模拟账户市值异常: cannot import name 'update_all_positions_market_value' from 'sim_executor' (C:\Users\Administrator\.openclaw\workspace\quant-learn\scripts\sim_executor.py)
2026-05-29 13:10:04,820 [INFO] 检查完成: 检查了 48 个阈值, 跳过已推送 25 个, 本次触发 0 个
2026-05-29 13:10:04,820 [INFO] 无新警报，静默返回
2026-05-29 13:10:04,820 [INFO] ==== 运行结束 run_id=131004 ====

2026-05-29 13:16:21,672 [INFO] ==== 运行开始 run_id=131621 ====
2026-05-29 13:16:21,673 [INFO] 准备拉取 26 只股票行情: ['002453', '600021', '603005', '301179', '601222', '600863', '002156', '002149', '603256', '603693', '000600', '600309', '600186', '605006', '601991', '600310', '002709', '000725', '301120', '603757', '002654', '002290', '000899', '002067', '001896', '601728']
2026-05-29 13:16:21,942 [INFO] 行情拉取成功，返回 26 条
2026-05-29 13:16:21,944 [INFO] 今日已推送阈值数: 25
2026-05-29 13:16:21,984 [INFO] P2 跟踪止损更新了 4/15 个仓位
2026-05-29 13:16:21,988 [WARNING] 更新模拟账户市值异常: cannot import name 'update_all_positions_market_value' from 'sim_executor' (C:\Users\Administrator\.openclaw\workspace\quant-learn\scripts\sim_executor.py)
2026-05-29 13:16:21,988 [INFO] 检查完成: 检查了 48 个阈值, 跳过已推送 25 个, 本次触发 0 个
2026-05-29 13:16:21,988 [INFO] 无新警报，静默返回
2026-05-29 13:16:21,988 [INFO] ==== 运行结束 run_id=131621 ====

2026-05-29 13:20:04,198 [INFO] ==== 运行开始 run_id=132004 ====
2026-05-29 13:20:04,198 [INFO] 准备拉取 26 只股票行情: ['002067', '301120', '600021', '000600', '600309', '603256', '002709', '600863', '601222', '000725', '002290', '605006', '001896', '301179', '600186', '002654', '600310', '603757', '603693', '601991', '601728', '000899', '002149', '603005', '002156', '002453']
2026-05-29 13:20:04,446 [INFO] 行情拉取成功，返回 26 条
2026-05-29 13:20:04,448 [INFO] 今日已推送阈值数: 25
2026-05-29 13:20:04,485 [INFO] P2 跟踪止损更新了 4/15 个仓位
2026-05-29 13:20:04,489 [WARNING] 更新模拟账户市值异常: cannot import name 'update_all_positions_market_value' from 'sim_executor' (C:\Users\Administrator\.openclaw\workspace\quant-learn\scripts\sim_executor.py)
2026-05-29 13:20:04,489 [INFO] 检查完成: 检查了 48 个阈值, 跳过已推送 25 个, 本次触发 0 个
2026-05-29 13:20:04,489 [INFO] 无新警报，静默返回
2026-05-29 13:20:04,489 [INFO] ==== 运行结束 run_id=132004 ====

2026-05-29 13:30:04,860 [INFO] ==== 运行开始 run_id=133004 ====
2026-05-29 13:30:04,860 [INFO] 准备拉取 26 只股票行情: ['000600', '601728', '600186', '002290', '603693', '002067', '600310', '603256', '002149', '002156', '603757', '000899', '301179', '002453', '601991', '002654', '601222', '600309', '301120', '600863', '600021', '000725', '603005', '001896', '002709', '605006']
2026-05-29 13:30:05,206 [INFO] 行情拉取成功，返回 26 条
2026-05-29 13:30:05,207 [INFO] 今日已推送阈值数: 25
2026-05-29 13:30:05,246 [INFO] P2 跟踪止损更新了 4/15 个仓位
2026-05-29 13:30:05,250 [WARNING] 更新模拟账户市值异常: cannot import name 'update_all_positions_market_value' from 'sim_executor' (C:\Users\Administrator\.openclaw\workspace\quant-learn\scripts\sim_executor.py)
2026-05-29 13:30:05,251 [INFO] 检查完成: 检查了 48 个阈值, 跳过已推送 25 个, 本次触发 0 个
2026-05-29 13:30:05,251 [INFO] 无新警报，静默返回
2026-05-29 13:30:05,251 [INFO] ==== 运行结束 run_id=133004 ====

2026-05-29 13:40:04,098 [INFO] ==== 运行开始 run_id=134004 ====
2026-05-29 13:40:04,098 [INFO] 准备拉取 26 只股票行情: ['002149', '603256', '603693', '001896', '002709', '002453', '000725', '600310', '000600', '000899', '301179', '002156', '600863', '301120', '002654', '603005', '601991', '605006', '603757', '002290', '601222', '600309', '601728', '002067', '600021', '600186']
2026-05-29 13:40:04,362 [INFO] 行情拉取成功，返回 26 条
2026-05-29 13:40:04,363 [INFO] 今日已推送阈值数: 25
2026-05-29 13:40:04,411 [INFO] P2 跟踪止损更新了 4/15 个仓位
2026-05-29 13:40:04,415 [WARNING] 更新模拟账户市值异常: cannot import name 'update_all_positions_market_value' from 'sim_executor' (C:\Users\Administrator\.openclaw\workspace\quant-learn\scripts\sim_executor.py)
2026-05-29 13:40:04,415 [INFO] 检查完成: 检查了 48 个阈值, 跳过已推送 25 个, 本次触发 0 个
2026-05-29 13:40:04,415 [INFO] 无新警报，静默返回
2026-05-29 13:40:04,415 [INFO] ==== 运行结束 run_id=134004 ====

2026-05-29 13:50:04,484 [INFO] ==== 运行开始 run_id=135004 ====
2026-05-29 13:50:04,484 [INFO] 准备拉取 26 只股票行情: ['601728', '000600', '301120', '600186', '002156', '002453', '002290', '301179', '600863', '600310', '002709', '603693', '600309', '002067', '000725', '001896', '000899', '601991', '603256', '605006', '603757', '600021', '603005', '002149', '002654', '601222']
2026-05-29 13:50:04,743 [INFO] 行情拉取成功，返回 26 条
2026-05-29 13:50:04,745 [INFO] 今日已推送阈值数: 25
2026-05-29 13:50:04,784 [INFO] P2 跟踪止损更新了 4/15 个仓位
2026-05-29 13:50:04,789 [WARNING] 更新模拟账户市值异常: cannot import name 'update_all_positions_market_value' from 'sim_executor' (C:\Users\Administrator\.openclaw\workspace\quant-learn\scripts\sim_executor.py)
2026-05-29 13:50:04,789 [INFO] 检查完成: 检查了 48 个阈值, 跳过已推送 25 个, 本次触发 0 个
2026-05-29 13:50:04,790 [INFO] 无新警报，静默返回
2026-05-29 13:50:04,790 [INFO] ==== 运行结束 run_id=135004 ====

2026-05-29 14:00:04,119 [INFO] ==== 运行开始 run_id=140004 ====
2026-05-29 14:00:04,119 [INFO] 准备拉取 26 只股票行情: ['002453', '301179', '601991', '301120', '605006', '600863', '600310', '601728', '002149', '603005', '603757', '600309', '002290', '002067', '002156', '600021', '002654', '000600', '002709', '001896', '600186', '603256', '000725', '603693', '601222', '000899']
2026-05-29 14:00:04,372 [INFO] 行情拉取成功，返回 26 条
2026-05-29 14:00:04,375 [INFO] 今日已推送阈值数: 25
2026-05-29 14:00:04,412 [INFO] P2 跟踪止损更新了 4/15 个仓位
2026-05-29 14:00:04,416 [WARNING] 更新模拟账户市值异常: cannot import name 'update_all_positions_market_value' from 'sim_executor' (C:\Users\Administrator\.openclaw\workspace\quant-learn\scripts\sim_executor.py)
2026-05-29 14:00:04,416 [INFO] 检查完成: 检查了 48 个阈值, 跳过已推送 25 个, 本次触发 0 个
2026-05-29 14:00:04,416 [INFO] 无新警报，静默返回
2026-05-29 14:00:04,416 [INFO] ==== 运行结束 run_id=140004 ====

2026-05-29 14:06:21,964 [INFO] ==== 运行开始 run_id=140621 ====
2026-05-29 14:06:21,964 [INFO] 准备拉取 26 只股票行情: ['600310', '301120', '601728', '000600', '603757', '002290', '002156', '002654', '601222', '603256', '600021', '000899', '600863', '002453', '600186', '601991', '600309', '001896', '002709', '000725', '002067', '002149', '301179', '605006', '603005', '603693']
2026-05-29 14:06:22,207 [INFO] 行情拉取成功，返回 26 条
2026-05-29 14:06:22,210 [INFO] 今日已推送阈值数: 25
2026-05-29 14:06:22,247 [INFO] P2 跟踪止损更新了 4/15 个仓位
2026-05-29 14:06:22,251 [WARNING] 更新模拟账户市值异常: cannot import name 'update_all_positions_market_value' from 'sim_executor' (C:\Users\Administrator\.openclaw\workspace\quant-learn\scripts\sim_executor.py)
2026-05-29 14:06:22,253 [INFO] 检查完成: 检查了 48 个阈值, 跳过已推送 25 个, 本次触发 0 个
2026-05-29 14:06:22,253 [INFO] 无新警报，静默返回
2026-05-29 14:06:22,253 [INFO] ==== 运行结束 run_id=140621 ====

2026-05-29 14:10:04,210 [INFO] ==== 运行开始 run_id=141004 ====
2026-05-29 14:10:04,211 [INFO] 准备拉取 26 只股票行情: ['000899', '600310', '000725', '002709', '002156', '600021', '600309', '002453', '601728', '601991', '605006', '603693', '000600', '301120', '600186', '002654', '603256', '002149', '601222', '603757', '002290', '002067', '001896', '603005', '600863', '301179']
2026-05-29 14:10:04,468 [INFO] 行情拉取成功，返回 26 条
2026-05-29 14:10:04,470 [INFO] 今日已推送阈值数: 25
2026-05-29 14:10:04,509 [INFO] P2 跟踪止损更新了 4/15 个仓位
2026-05-29 14:10:04,511 [WARNING] 更新模拟账户市值异常: cannot import name 'update_all_positions_market_value' from 'sim_executor' (C:\Users\Administrator\.openclaw\workspace\quant-learn\scripts\sim_executor.py)
2026-05-29 14:10:04,514 [INFO] 检查完成: 检查了 48 个阈值, 跳过已推送 25 个, 本次触发 0 个
2026-05-29 14:10:04,514 [INFO] 无新警报，静默返回
2026-05-29 14:10:04,514 [INFO] ==== 运行结束 run_id=141004 ====

2026-05-29 14:20:05,116 [INFO] ==== 运行开始 run_id=142005 ====
2026-05-29 14:20:05,116 [INFO] 准备拉取 26 只股票行情: ['002067', '600309', '600021', '600186', '000899', '301120', '603693', '601728', '301179', '000600', '002709', '603005', '600863', '600310', '002654', '001896', '000725', '002453', '002290', '002149', '603256', '603757', '601222', '601991', '605006', '002156']
2026-05-29 14:20:05,376 [INFO] 行情拉取成功，返回 26 条
2026-05-29 14:20:05,377 [INFO] 今日已推送阈值数: 25
2026-05-29 14:20:05,422 [INFO] P2 跟踪止损更新了 4/15 个仓位
2026-05-29 14:20:06,006 [INFO] [002453] 止损决策: severity=soft, action=DEFER
2026-05-29 14:20:06,008 [WARNING] 🤖 虚拟交易: 002453_stop_loss → 软止损预警（不自动卖): ⚠️ 跌破¥5.80 但 量比0.65× 未放量，软预警 — 等尾盘检查是否反包
2026-05-29 14:20:06,010 [WARNING] 🔔 触发阈值: 002453_stop_loss 价=5.79 阈值=5.8 below
2026-05-29 14:20:06,011 [WARNING] 更新模拟账户市值异常: cannot import name 'update_all_positions_market_value' from 'sim_executor' (C:\Users\Administrator\.openclaw\workspace\quant-learn\scripts\sim_executor.py)
2026-05-29 14:20:06,011 [INFO] 检查完成: 检查了 48 个阈值, 跳过已推送 25 个, 本次触发 1 个
2026-05-29 14:20:06,323 [INFO] webhook 推送成功
2026-05-29 14:20:06,323 [INFO] webhook 推送 成功 | 1 条警报
2026-05-29 14:20:06,325 [INFO] 推送 1 条警报给用户
2026-05-29 14:20:06,325 [INFO] ==== 运行结束 run_id=142005 ====

2026-05-29 14:26:23,518 [INFO] ==== 运行开始 run_id=142623 ====
2026-05-29 14:26:23,518 [INFO] 准备拉取 26 只股票行情: ['001896', '600310', '603693', '603256', '002709', '601991', '601222', '603757', '002654', '002149', '000600', '600309', '601728', '600186', '301179', '000899', '600863', '002290', '002453', '000725', '605006', '002156', '301120', '600021', '002067', '603005']
2026-05-29 14:26:23,779 [INFO] 行情拉取成功，返回 26 条
2026-05-29 14:26:23,781 [INFO] 今日已推送阈值数: 26
2026-05-29 14:26:23,819 [INFO] P2 跟踪止损更新了 4/15 个仓位
2026-05-29 14:26:23,824 [WARNING] 更新模拟账户市值异常: cannot import name 'update_all_positions_market_value' from 'sim_executor' (C:\Users\Administrator\.openclaw\workspace\quant-learn\scripts\sim_executor.py)
2026-05-29 14:26:23,824 [INFO] 检查完成: 检查了 47 个阈值, 跳过已推送 26 个, 本次触发 0 个
2026-05-29 14:26:23,824 [INFO] 无新警报，静默返回
2026-05-29 14:26:23,824 [INFO] ==== 运行结束 run_id=142623 ====

2026-05-29 14:30:04,452 [INFO] ==== 运行开始 run_id=143004 ====
2026-05-29 14:30:04,452 [INFO] 准备拉取 26 只股票行情: ['301179', '601991', '002290', '002156', '002453', '600021', '002149', '002709', '000899', '600310', '601728', '000725', '601222', '001896', '603757', '605006', '301120', '000600', '603005', '600863', '603693', '002654', '600186', '603256', '600309', '002067']
2026-05-29 14:30:04,695 [INFO] 行情拉取成功，返回 26 条
2026-05-29 14:30:04,696 [INFO] 今日已推送阈值数: 26
2026-05-29 14:30:04,734 [INFO] P2 跟踪止损更新了 4/15 个仓位
2026-05-29 14:30:04,738 [WARNING] 更新模拟账户市值异常: cannot import name 'update_all_positions_market_value' from 'sim_executor' (C:\Users\Administrator\.openclaw\workspace\quant-learn\scripts\sim_executor.py)
2026-05-29 14:30:04,738 [INFO] 检查完成: 检查了 47 个阈值, 跳过已推送 26 个, 本次触发 0 个
2026-05-29 14:30:04,738 [INFO] 无新警报，静默返回
2026-05-29 14:30:04,738 [INFO] ==== 运行结束 run_id=143004 ====

2026-05-29 14:40:04,315 [INFO] ==== 运行开始 run_id=144004 ====
2026-05-29 14:40:04,316 [INFO] 准备拉取 26 只股票行情: ['002453', '600186', '603005', '601991', '002290', '002067', '601222', '601728', '301179', '603757', '603256', '000725', '603693', '001896', '600021', '600310', '002654', '002156', '002709', '301120', '002149', '605006', '600863', '000899', '000600', '600309']
2026-05-29 14:40:04,557 [INFO] 行情拉取成功，返回 26 条
2026-05-29 14:40:04,558 [INFO] 今日已推送阈值数: 26
2026-05-29 14:40:04,595 [INFO] P2 跟踪止损更新了 4/15 个仓位
2026-05-29 14:40:04,599 [WARNING] 更新模拟账户市值异常: cannot import name 'update_all_positions_market_value' from 'sim_executor' (C:\Users\Administrator\.openclaw\workspace\quant-learn\scripts\sim_executor.py)
2026-05-29 14:40:04,600 [INFO] 检查完成: 检查了 47 个阈值, 跳过已推送 26 个, 本次触发 0 个
2026-05-29 14:40:04,600 [INFO] 无新警报，静默返回
2026-05-29 14:40:04,600 [INFO] ==== 运行结束 run_id=144004 ====

2026-05-29 14:46:20,121 [INFO] ==== 运行开始 run_id=144620 ====
2026-05-29 14:46:20,121 [INFO] 准备拉取 26 只股票行情: ['301120', '002067', '601991', '601728', '000725', '600310', '603757', '600186', '002453', '301179', '002149', '601222', '600309', '600863', '603005', '603256', '600021', '002156', '002654', '002709', '001896', '002290', '000600', '603693', '605006', '000899']
2026-05-29 14:46:20,372 [INFO] 行情拉取成功，返回 26 条
2026-05-29 14:46:20,374 [INFO] 今日已推送阈值数: 26
2026-05-29 14:46:20,411 [INFO] P2 跟踪止损更新了 4/15 个仓位
2026-05-29 14:46:20,415 [WARNING] 更新模拟账户市值异常: cannot import name 'update_all_positions_market_value' from 'sim_executor' (C:\Users\Administrator\.openclaw\workspace\quant-learn\scripts\sim_executor.py)
2026-05-29 14:46:20,416 [INFO] 检查完成: 检查了 47 个阈值, 跳过已推送 26 个, 本次触发 0 个
2026-05-29 14:46:20,416 [INFO] 无新警报，静默返回
2026-05-29 14:46:20,416 [INFO] ==== 运行结束 run_id=144620 ====

2026-05-29 14:50:04,219 [INFO] ==== 运行开始 run_id=145004 ====
2026-05-29 14:50:04,219 [INFO] 准备拉取 26 只股票行情: ['600309', '000725', '002453', '601991', '600863', '301120', '000600', '603757', '603005', '603693', '002156', '002709', '600186', '002290', '601728', '301179', '605006', '600310', '002149', '000899', '603256', '001896', '002067', '002654', '600021', '601222']
2026-05-29 14:50:04,470 [INFO] 行情拉取成功，返回 26 条
2026-05-29 14:50:04,471 [INFO] 今日已推送阈值数: 26
2026-05-29 14:50:04,507 [INFO] P2 跟踪止损更新了 4/15 个仓位
2026-05-29 14:50:04,512 [WARNING] 更新模拟账户市值异常: cannot import name 'update_all_positions_market_value' from 'sim_executor' (C:\Users\Administrator\.openclaw\workspace\quant-learn\scripts\sim_executor.py)
2026-05-29 14:50:04,512 [INFO] 检查完成: 检查了 47 个阈值, 跳过已推送 26 个, 本次触发 0 个
2026-05-29 14:50:04,512 [INFO] 无新警报，静默返回
2026-05-29 14:50:04,512 [INFO] ==== 运行结束 run_id=145004 ====

2026-05-29 15:00:04,443 [INFO] ==== 运行开始 run_id=150004 ====
2026-05-29 15:00:04,443 [INFO] 非交易时段，退出
2026-05-29 15:10:04,324 [INFO] ==== 运行开始 run_id=151004 ====
2026-05-29 15:10:04,326 [INFO] 非交易时段，退出
2026-05-29 15:20:04,977 [INFO] ==== 运行开始 run_id=152004 ====
2026-05-29 15:20:04,977 [INFO] 非交易时段，退出
2026-05-29 15:30:03,797 [INFO] ==== 运行开始 run_id=153003 ====
2026-05-29 15:30:03,797 [INFO] 非交易时段，退出
2026-05-29 15:40:04,901 [INFO] ==== 运行开始 run_id=154004 ====
2026-05-29 15:40:04,902 [INFO] 非交易时段，退出
2026-05-29 15:50:04,419 [INFO] ==== 运行开始 run_id=155004 ====
2026-05-29 15:50:04,420 [INFO] 非交易时段，退出
2026-05-29 16:00:04,883 [INFO] ==== 运行开始 run_id=160004 ====
2026-05-29 16:00:04,883 [INFO] 非交易时段，退出
2026-05-29 16:10:04,929 [INFO] ==== 运行开始 run_id=161004 ====
2026-05-29 16:10:04,929 [INFO] 非交易时段，退出
2026-05-29 16:20:04,564 [INFO] ==== 运行开始 run_id=162004 ====
2026-05-29 16:20:04,564 [INFO] 非交易时段，退出
2026-05-29 16:30:04,547 [INFO] ==== 运行开始 run_id=163004 ====
2026-05-29 16:30:04,548 [INFO] 非交易时段，退出
2026-05-29 16:40:04,458 [INFO] ==== 运行开始 run_id=164004 ====
2026-05-29 16:40:04,460 [INFO] 非交易时段，退出
2026-05-29 16:50:04,588 [INFO] ==== 运行开始 run_id=165004 ====
2026-05-29 16:50:04,588 [INFO] 非交易时段，退出
2026-05-29 17:00:04,816 [INFO] ==== 运行开始 run_id=170004 ====
2026-05-29 17:00:04,816 [INFO] 非交易时段，退出
2026-05-29 17:10:04,602 [INFO] ==== 运行开始 run_id=171004 ====
2026-05-29 17:10:04,602 [INFO] 非交易时段，退出
2026-05-29 17:20:04,704 [INFO] ==== 运行开始 run_id=172004 ====
2026-05-29 17:20:04,705 [INFO] 非交易时段，退出
2026-05-29 17:30:04,691 [INFO] ==== 运行开始 run_id=173004 ====
2026-05-29 17:30:04,691 [INFO] 非交易时段，退出
2026-05-29 17:40:04,675 [INFO] ==== 运行开始 run_id=174004 ====
2026-05-29 17:40:04,675 [INFO] 非交易时段，退出
2026-05-29 17:50:04,526 [INFO] ==== 运行开始 run_id=175004 ====
2026-05-29 17:50:04,526 [INFO] 非交易时段，退出
2026-05-29 18:00:04,748 [INFO] ==== 运行开始 run_id=180004 ====
2026-05-29 18:00:04,749 [INFO] 非交易时段，退出
2026-05-29 18:10:04,589 [INFO] ==== 运行开始 run_id=181004 ====
2026-05-29 18:10:04,590 [INFO] 非交易时段，退出
2026-05-29 18:20:04,756 [INFO] ==== 运行开始 run_id=182004 ====
2026-05-29 18:20:04,757 [INFO] 非交易时段，退出
2026-05-29 18:30:04,579 [INFO] ==== 运行开始 run_id=183004 ====
2026-05-29 18:30:04,579 [INFO] 非交易时段，退出
2026-05-29 18:40:04,642 [INFO] ==== 运行开始 run_id=184004 ====
2026-05-29 18:40:04,642 [INFO] 非交易时段，退出
2026-05-29 18:50:04,614 [INFO] ==== 运行开始 run_id=185004 ====
2026-05-29 18:50:04,614 [INFO] 非交易时段，退出
2026-05-29 19:00:04,837 [INFO] ==== 运行开始 run_id=190004 ====
2026-05-29 19:00:04,839 [INFO] 非交易时段，退出
2026-05-29 19:10:04,543 [INFO] ==== 运行开始 run_id=191004 ====
2026-05-29 19:10:04,544 [INFO] 非交易时段，退出
2026-05-29 19:20:04,698 [INFO] ==== 运行开始 run_id=192004 ====
2026-05-29 19:20:04,698 [INFO] 非交易时段，退出
2026-05-29 19:30:04,516 [INFO] ==== 运行开始 run_id=193004 ====
2026-05-29 19:30:04,516 [INFO] 非交易时段，退出
2026-05-29 19:40:04,928 [INFO] ==== 运行开始 run_id=194004 ====
2026-05-29 19:40:04,928 [INFO] 非交易时段，退出
2026-05-29 19:50:04,745 [INFO] ==== 运行开始 run_id=195004 ====
2026-05-29 19:50:04,745 [INFO] 非交易时段，退出
2026-05-29 20:00:05,003 [INFO] ==== 运行开始 run_id=200005 ====
2026-05-29 20:00:05,004 [INFO] 非交易时段，退出
2026-05-29 20:10:04,551 [INFO] ==== 运行开始 run_id=201004 ====
2026-05-29 20:10:04,552 [INFO] 非交易时段，退出
2026-05-29 20:20:04,863 [INFO] ==== 运行开始 run_id=202004 ====
2026-05-29 20:20:04,864 [INFO] 非交易时段，退出
2026-05-29 20:30:04,590 [INFO] ==== 运行开始 run_id=203004 ====
2026-05-29 20:30:04,590 [INFO] 非交易时段，退出
2026-05-29 20:40:05,372 [INFO] ==== 运行开始 run_id=204005 ====
2026-05-29 20:40:05,373 [INFO] 非交易时段，退出
2026-05-29 20:50:04,714 [INFO] ==== 运行开始 run_id=205004 ====
2026-05-29 20:50:04,715 [INFO] 非交易时段，退出
2026-05-29 21:00:04,802 [INFO] ==== 运行开始 run_id=210004 ====
2026-05-29 21:00:04,802 [INFO] 非交易时段，退出
2026-05-29 21:10:04,763 [INFO] ==== 运行开始 run_id=211004 ====
2026-05-29 21:10:04,763 [INFO] 非交易时段，退出
2026-05-29 21:20:04,701 [INFO] ==== 运行开始 run_id=212004 ====
2026-05-29 21:20:04,701 [INFO] 非交易时段，退出
2026-05-29 21:30:04,699 [INFO] ==== 运行开始 run_id=213004 ====
2026-05-29 21:30:04,699 [INFO] 非交易时段，退出
2026-05-29 21:40:04,677 [INFO] ==== 运行开始 run_id=214004 ====
2026-05-29 21:40:04,679 [INFO] 非交易时段，退出
2026-05-29 21:50:04,876 [INFO] ==== 运行开始 run_id=215004 ====
2026-05-29 21:50:04,877 [INFO] 非交易时段，退出
2026-05-29 22:00:04,848 [INFO] ==== 运行开始 run_id=220004 ====
2026-05-29 22:00:04,848 [INFO] 非交易时段，退出
2026-05-29 22:10:04,952 [INFO] ==== 运行开始 run_id=221004 ====
2026-05-29 22:10:04,952 [INFO] 非交易时段，退出
2026-05-29 22:20:04,681 [INFO] ==== 运行开始 run_id=222004 ====
2026-05-29 22:20:04,681 [INFO] 非交易时段，退出
2026-05-29 22:30:04,870 [INFO] ==== 运行开始 run_id=223004 ====
2026-05-29 22:30:04,871 [INFO] 非交易时段，退出
2026-05-29 22:40:04,695 [INFO] ==== 运行开始 run_id=224004 ====
2026-05-29 22:40:04,695 [INFO] 非交易时段，退出
2026-05-29 22:50:05,184 [INFO] ==== 运行开始 run_id=225005 ====
2026-05-29 22:50:05,185 [INFO] 非交易时段，退出
2026-05-29 23:00:04,814 [INFO] ==== 运行开始 run_id=230004 ====
2026-05-29 23:00:04,815 [INFO] 非交易时段，退出
2026-05-29 23:10:04,968 [INFO] ==== 运行开始 run_id=231004 ====
2026-05-29 23:10:04,969 [INFO] 非交易时段，退出
2026-05-29 23:20:04,910 [INFO] ==== 运行开始 run_id=232004 ====
2026-05-29 23:20:04,910 [INFO] 非交易时段，退出
2026-05-29 23:30:04,841 [INFO] ==== 运行开始 run_id=233004 ====
2026-05-29 23:30:04,842 [INFO] 非交易时段，退出
2026-05-29 23:40:04,942 [INFO] ==== 运行开始 run_id=234004 ====
2026-05-29 23:40:04,942 [INFO] 非交易时段，退出
2026-05-29 23:50:05,073 [INFO] ==== 运行开始 run_id=235005 ====
2026-05-29 23:50:05,073 [INFO] 非交易时段，退出
2026-05-30 00:00:04,773 [INFO] ==== 运行开始 run_id=000004 ====
2026-05-30 00:00:04,773 [INFO] 非交易时段，退出
2026-05-30 00:10:04,889 [INFO] ==== 运行开始 run_id=001004 ====
2026-05-30 00:10:04,889 [INFO] 非交易时段，退出
2026-05-30 00:20:04,760 [INFO] ==== 运行开始 run_id=002004 ====
2026-05-30 00:20:04,762 [INFO] 非交易时段，退出
2026-05-30 00:30:04,845 [INFO] ==== 运行开始 run_id=003004 ====
2026-05-30 00:30:04,848 [INFO] 非交易时段，退出
2026-05-30 00:40:04,783 [INFO] ==== 运行开始 run_id=004004 ====
2026-05-30 00:40:04,783 [INFO] 非交易时段，退出
2026-05-30 00:50:05,032 [INFO] ==== 运行开始 run_id=005005 ====
2026-05-30 00:50:05,032 [INFO] 非交易时段，退出
2026-05-30 01:00:04,933 [INFO] ==== 运行开始 run_id=010004 ====
2026-05-30 01:00:04,935 [INFO] 非交易时段，退出
2026-05-30 01:10:04,825 [INFO] ==== 运行开始 run_id=011004 ====
2026-05-30 01:10:04,825 [INFO] 非交易时段，退出
2026-05-30 01:20:05,038 [INFO] ==== 运行开始 run_id=012005 ====
2026-05-30 01:20:05,040 [INFO] 非交易时段，退出
2026-05-30 01:30:03,827 [INFO] ==== 运行开始 run_id=013003 ====
2026-05-30 01:30:03,829 [INFO] 非交易时段，退出
2026-05-30 01:40:04,031 [INFO] ==== 运行开始 run_id=014004 ====
2026-05-30 01:40:04,032 [INFO] 非交易时段，退出
2026-05-30 01:50:03,810 [INFO] ==== 运行开始 run_id=015003 ====
2026-05-30 01:50:03,810 [INFO] 非交易时段，退出
2026-05-30 02:00:04,319 [INFO] ==== 运行开始 run_id=020004 ====
2026-05-30 02:00:04,321 [INFO] 非交易时段，退出
2026-05-30 02:10:03,811 [INFO] ==== 运行开始 run_id=021003 ====
2026-05-30 02:10:03,811 [INFO] 非交易时段，退出
2026-05-30 02:20:04,154 [INFO] ==== 运行开始 run_id=022004 ====
2026-05-30 02:20:04,155 [INFO] 非交易时段，退出
2026-05-30 02:30:03,741 [INFO] ==== 运行开始 run_id=023003 ====
2026-05-30 02:30:03,743 [INFO] 非交易时段，退出
2026-05-30 02:40:04,182 [INFO] ==== 运行开始 run_id=024004 ====
2026-05-30 02:40:04,183 [INFO] 非交易时段，退出
2026-05-30 02:50:03,821 [INFO] ==== 运行开始 run_id=025003 ====
2026-05-30 02:50:03,823 [INFO] 非交易时段，退出
2026-05-30 03:00:04,100 [INFO] ==== 运行开始 run_id=030004 ====
2026-05-30 03:00:04,100 [INFO] 非交易时段，退出
2026-05-30 03:10:03,832 [INFO] ==== 运行开始 run_id=031003 ====
2026-05-30 03:10:03,834 [INFO] 非交易时段，退出
2026-05-30 03:20:03,982 [INFO] ==== 运行开始 run_id=032003 ====
2026-05-30 03:20:03,982 [INFO] 非交易时段，退出
2026-05-30 03:30:03,844 [INFO] ==== 运行开始 run_id=033003 ====
2026-05-30 03:30:03,844 [INFO] 非交易时段，退出
2026-05-30 03:40:04,103 [INFO] ==== 运行开始 run_id=034004 ====
2026-05-30 03:40:04,103 [INFO] 非交易时段，退出
2026-05-30 03:50:04,102 [INFO] ==== 运行开始 run_id=035004 ====
2026-05-30 03:50:04,102 [INFO] 非交易时段，退出
2026-05-30 04:00:04,200 [INFO] ==== 运行开始 run_id=040004 ====
2026-05-30 04:00:04,201 [INFO] 非交易时段，退出
2026-05-30 04:10:04,053 [INFO] ==== 运行开始 run_id=041004 ====
2026-05-30 04:10:04,053 [INFO] 非交易时段，退出
2026-05-30 04:20:04,075 [INFO] ==== 运行开始 run_id=042004 ====
2026-05-30 04:20:04,076 [INFO] 非交易时段，退出
2026-05-30 04:30:04,192 [INFO] ==== 运行开始 run_id=043004 ====
2026-05-30 04:30:04,194 [INFO] 非交易时段，退出
2026-05-30 04:40:04,066 [INFO] ==== 运行开始 run_id=044004 ====
2026-05-30 04:40:04,066 [INFO] 非交易时段，退出
2026-05-30 04:50:05,979 [INFO] ==== 运行开始 run_id=045005 ====
2026-05-30 04:50:05,979 [INFO] 非交易时段，退出
2026-05-30 05:00:04,317 [INFO] ==== 运行开始 run_id=050004 ====
2026-05-30 05:00:04,318 [INFO] 非交易时段，退出
2026-05-30 05:10:04,257 [INFO] ==== 运行开始 run_id=051004 ====
2026-05-30 05:10:04,258 [INFO] 非交易时段，退出
2026-05-30 05:20:04,146 [INFO] ==== 运行开始 run_id=052004 ====
2026-05-30 05:20:04,147 [INFO] 非交易时段，退出
2026-05-30 05:30:04,195 [INFO] ==== 运行开始 run_id=053004 ====
2026-05-30 05:30:04,195 [INFO] 非交易时段，退出
2026-05-30 05:40:04,277 [INFO] ==== 运行开始 run_id=054004 ====
2026-05-30 05:40:04,292 [INFO] 非交易时段，退出
2026-05-30 05:50:04,214 [INFO] ==== 运行开始 run_id=055004 ====
2026-05-30 05:50:04,214 [INFO] 非交易时段，退出
2026-05-30 06:00:04,466 [INFO] ==== 运行开始 run_id=060004 ====
2026-05-30 06:00:04,468 [INFO] 非交易时段，退出
2026-05-30 06:10:04,060 [INFO] ==== 运行开始 run_id=061004 ====
2026-05-30 06:10:04,061 [INFO] 非交易时段，退出
2026-05-30 06:20:04,195 [INFO] ==== 运行开始 run_id=062004 ====
2026-05-30 06:20:04,195 [INFO] 非交易时段，退出
2026-05-30 06:30:04,077 [INFO] ==== 运行开始 run_id=063004 ====
2026-05-30 06:30:04,078 [INFO] 非交易时段，退出
2026-05-30 06:40:04,269 [INFO] ==== 运行开始 run_id=064004 ====
2026-05-30 06:40:04,271 [INFO] 非交易时段，退出
2026-05-30 06:50:04,199 [INFO] ==== 运行开始 run_id=065004 ====
2026-05-30 06:50:04,199 [INFO] 非交易时段，退出
2026-05-30 07:00:04,381 [INFO] ==== 运行开始 run_id=070004 ====
2026-05-30 07:00:04,382 [INFO] 非交易时段，退出
2026-05-30 07:10:04,141 [INFO] ==== 运行开始 run_id=071004 ====
2026-05-30 07:10:04,141 [INFO] 非交易时段，退出
2026-05-30 07:20:04,336 [INFO] ==== 运行开始 run_id=072004 ====
2026-05-30 07:20:04,336 [INFO] 非交易时段，退出
2026-05-30 07:30:04,231 [INFO] ==== 运行开始 run_id=073004 ====
2026-05-30 07:30:04,231 [INFO] 非交易时段，退出
2026-05-30 07:40:04,318 [INFO] ==== 运行开始 run_id=074004 ====
2026-05-30 07:40:04,318 [INFO] 非交易时段，退出
2026-05-30 07:50:04,202 [INFO] ==== 运行开始 run_id=075004 ====
2026-05-30 07:50:04,202 [INFO] 非交易时段，退出
2026-05-30 08:00:04,501 [INFO] ==== 运行开始 run_id=080004 ====
2026-05-30 08:00:04,504 [INFO] 非交易时段，退出
2026-05-30 08:10:04,126 [INFO] ==== 运行开始 run_id=081004 ====
2026-05-30 08:10:04,127 [INFO] 非交易时段，退出
2026-05-30 08:20:04,359 [INFO] ==== 运行开始 run_id=082004 ====
2026-05-30 08:20:04,360 [INFO] 非交易时段，退出
2026-05-30 08:30:04,517 [INFO] ==== 运行开始 run_id=083004 ====
2026-05-30 08:30:04,519 [INFO] 非交易时段，退出
2026-05-30 08:40:04,408 [INFO] ==== 运行开始 run_id=084004 ====
2026-05-30 08:40:04,410 [INFO] 非交易时段，退出
2026-05-30 08:50:04,312 [INFO] ==== 运行开始 run_id=085004 ====
2026-05-30 08:50:04,314 [INFO] 非交易时段，退出
2026-05-30 09:00:04,532 [INFO] ==== 运行开始 run_id=090004 ====
2026-05-30 09:00:04,534 [INFO] 非交易时段，退出
2026-05-30 09:10:04,144 [INFO] ==== 运行开始 run_id=091004 ====
2026-05-30 09:10:04,146 [INFO] 非交易时段，退出
2026-05-30 09:20:04,578 [INFO] ==== 运行开始 run_id=092004 ====
2026-05-30 09:20:04,578 [INFO] 非交易时段，退出
2026-05-30 09:30:04,321 [INFO] ==== 运行开始 run_id=093004 ====
2026-05-30 09:30:04,323 [INFO] 非交易时段，退出
2026-05-30 09:40:04,455 [INFO] ==== 运行开始 run_id=094004 ====
2026-05-30 09:40:04,456 [INFO] 非交易时段，退出
2026-05-30 09:50:04,274 [INFO] ==== 运行开始 run_id=095004 ====
2026-05-30 09:50:04,274 [INFO] 非交易时段，退出
2026-05-30 10:00:04,682 [INFO] ==== 运行开始 run_id=100004 ====
2026-05-30 10:00:04,684 [INFO] 非交易时段，退出
2026-05-30 10:10:04,322 [INFO] ==== 运行开始 run_id=101004 ====
2026-05-30 10:10:04,322 [INFO] 非交易时段，退出
2026-05-30 10:20:04,519 [INFO] ==== 运行开始 run_id=102004 ====
2026-05-30 10:20:04,522 [INFO] 非交易时段，退出
2026-05-30 10:30:04,132 [INFO] ==== 运行开始 run_id=103004 ====
2026-05-30 10:30:04,132 [INFO] 非交易时段，退出
2026-05-30 10:40:04,597 [INFO] ==== 运行开始 run_id=104004 ====
2026-05-30 10:40:04,598 [INFO] 非交易时段，退出
2026-05-30 10:50:04,676 [INFO] ==== 运行开始 run_id=105004 ====
2026-05-30 10:50:04,677 [INFO] 非交易时段，退出
2026-05-30 11:00:04,489 [INFO] ==== 运行开始 run_id=110004 ====
2026-05-30 11:00:04,492 [INFO] 非交易时段，退出
2026-05-30 11:10:04,442 [INFO] ==== 运行开始 run_id=111004 ====
2026-05-30 11:10:04,442 [INFO] 非交易时段，退出
2026-05-30 11:20:04,374 [INFO] ==== 运行开始 run_id=112004 ====
2026-05-30 11:20:04,374 [INFO] 非交易时段，退出
2026-05-30 11:30:04,256 [INFO] ==== 运行开始 run_id=113004 ====
2026-05-30 11:30:04,256 [INFO] 非交易时段，退出
2026-05-30 11:40:04,570 [INFO] ==== 运行开始 run_id=114004 ====
2026-05-30 11:40:04,571 [INFO] 非交易时段，退出
2026-05-30 11:50:04,299 [INFO] ==== 运行开始 run_id=115004 ====
2026-05-30 11:50:04,299 [INFO] 非交易时段，退出
2026-05-30 12:00:04,591 [INFO] ==== 运行开始 run_id=120004 ====
2026-05-30 12:00:04,591 [INFO] 非交易时段，退出
2026-05-30 12:10:04,330 [INFO] ==== 运行开始 run_id=121004 ====
2026-05-30 12:10:04,330 [INFO] 非交易时段，退出
2026-05-30 12:20:04,829 [INFO] ==== 运行开始 run_id=122004 ====
2026-05-30 12:20:04,829 [INFO] 非交易时段，退出
2026-05-30 12:30:04,330 [INFO] ==== 运行开始 run_id=123004 ====
2026-05-30 12:30:04,330 [INFO] 非交易时段，退出
2026-05-30 12:40:04,573 [INFO] ==== 运行开始 run_id=124004 ====
2026-05-30 12:40:04,574 [INFO] 非交易时段，退出
2026-05-30 12:50:04,462 [INFO] ==== 运行开始 run_id=125004 ====
2026-05-30 12:50:04,462 [INFO] 非交易时段，退出
2026-05-30 13:00:04,635 [INFO] ==== 运行开始 run_id=130004 ====
2026-05-30 13:00:04,635 [INFO] 非交易时段，退出
2026-05-30 13:10:04,313 [INFO] ==== 运行开始 run_id=131004 ====
2026-05-30 13:10:04,314 [INFO] 非交易时段，退出
2026-05-30 13:20:04,597 [INFO] ==== 运行开始 run_id=132004 ====
2026-05-30 13:20:04,598 [INFO] 非交易时段，退出
2026-05-30 13:30:05,011 [INFO] ==== 运行开始 run_id=133005 ====
2026-05-30 13:30:05,012 [INFO] 非交易时段，退出
2026-05-30 13:40:04,550 [INFO] ==== 运行开始 run_id=134004 ====
2026-05-30 13:40:04,551 [INFO] 非交易时段，退出
2026-05-30 13:50:04,626 [INFO] ==== 运行开始 run_id=135004 ====
2026-05-30 13:50:04,627 [INFO] 非交易时段，退出
2026-05-30 14:00:04,524 [INFO] ==== 运行开始 run_id=140004 ====
2026-05-30 14:00:04,525 [INFO] 非交易时段，退出
2026-05-30 14:10:04,705 [INFO] ==== 运行开始 run_id=141004 ====
2026-05-30 14:10:04,706 [INFO] 非交易时段，退出
2026-05-30 14:20:04,586 [INFO] ==== 运行开始 run_id=142004 ====
2026-05-30 14:20:04,587 [INFO] 非交易时段，退出
2026-05-30 14:30:04,844 [INFO] ==== 运行开始 run_id=143004 ====
2026-05-30 14:30:04,845 [INFO] 非交易时段，退出
2026-05-30 14:40:04,508 [INFO] ==== 运行开始 run_id=144004 ====
2026-05-30 14:40:04,508 [INFO] 非交易时段，退出
2026-05-30 14:50:04,658 [INFO] ==== 运行开始 run_id=145004 ====
2026-05-30 14:50:04,659 [INFO] 非交易时段，退出
2026-05-30 15:00:04,820 [INFO] ==== 运行开始 run_id=150004 ====
2026-05-30 15:00:04,822 [INFO] 非交易时段，退出
2026-05-30 15:10:04,505 [INFO] ==== 运行开始 run_id=151004 ====
2026-05-30 15:10:04,506 [INFO] 非交易时段，退出
2026-05-30 15:20:04,624 [INFO] ==== 运行开始 run_id=152004 ====
2026-05-30 15:20:04,626 [INFO] 非交易时段，退出
2026-05-30 15:30:04,535 [INFO] ==== 运行开始 run_id=153004 ====
2026-05-30 15:30:04,535 [INFO] 非交易时段，退出
2026-05-30 15:40:04,494 [INFO] ==== 运行开始 run_id=154004 ====
2026-05-30 15:40:04,495 [INFO] 非交易时段，退出
2026-05-30 15:50:04,621 [INFO] ==== 运行开始 run_id=155004 ====
2026-05-30 15:50:04,621 [INFO] 非交易时段，退出
2026-05-30 16:00:04,821 [INFO] ==== 运行开始 run_id=160004 ====
2026-05-30 16:00:04,821 [INFO] 非交易时段，退出
2026-05-30 16:10:04,808 [INFO] ==== 运行开始 run_id=161004 ====
2026-05-30 16:10:04,808 [INFO] 非交易时段，退出
2026-05-30 16:20:04,609 [INFO] ==== 运行开始 run_id=162004 ====
2026-05-30 16:20:04,609 [INFO] 非交易时段，退出
2026-05-30 16:30:04,719 [INFO] ==== 运行开始 run_id=163004 ====
2026-05-30 16:30:04,720 [INFO] 非交易时段，退出
2026-05-30 16:40:04,789 [INFO] ==== 运行开始 run_id=164004 ====
2026-05-30 16:40:04,790 [INFO] 非交易时段，退出
2026-05-30 16:50:04,629 [INFO] ==== 运行开始 run_id=165004 ====
2026-05-30 16:50:04,631 [INFO] 非交易时段，退出
2026-05-30 17:00:04,858 [INFO] ==== 运行开始 run_id=170004 ====
2026-05-30 17:00:04,860 [INFO] 非交易时段，退出
2026-05-30 17:10:04,539 [INFO] ==== 运行开始 run_id=171004 ====
2026-05-30 17:10:04,539 [INFO] 非交易时段，退出
2026-05-30 17:20:04,770 [INFO] ==== 运行开始 run_id=172004 ====
2026-05-30 17:20:04,771 [INFO] 非交易时段，退出
2026-05-30 17:30:04,618 [INFO] ==== 运行开始 run_id=173004 ====
2026-05-30 17:30:04,618 [INFO] 非交易时段，退出
2026-05-30 17:40:04,652 [INFO] ==== 运行开始 run_id=174004 ====
2026-05-30 17:40:04,654 [INFO] 非交易时段，退出
2026-05-30 17:50:04,547 [INFO] ==== 运行开始 run_id=175004 ====
2026-05-30 17:50:04,549 [INFO] 非交易时段，退出
2026-05-30 18:00:04,754 [INFO] ==== 运行开始 run_id=180004 ====
2026-05-30 18:00:04,754 [INFO] 非交易时段，退出
2026-05-30 18:10:04,572 [INFO] ==== 运行开始 run_id=181004 ====
2026-05-30 18:10:04,573 [INFO] 非交易时段，退出
2026-05-30 18:20:04,706 [INFO] ==== 运行开始 run_id=182004 ====
2026-05-30 18:20:04,706 [INFO] 非交易时段，退出
2026-05-30 18:30:04,776 [INFO] ==== 运行开始 run_id=183004 ====
2026-05-30 18:30:04,776 [INFO] 非交易时段，退出
2026-05-30 18:40:04,674 [INFO] ==== 运行开始 run_id=184004 ====
2026-05-30 18:40:04,674 [INFO] 非交易时段，退出
2026-05-30 18:50:04,745 [INFO] ==== 运行开始 run_id=185004 ====
2026-05-30 18:50:04,745 [INFO] 非交易时段，退出
2026-05-30 19:00:05,241 [INFO] ==== 运行开始 run_id=190005 ====
2026-05-30 19:00:05,243 [INFO] 非交易时段，退出
2026-05-30 19:10:04,548 [INFO] ==== 运行开始 run_id=191004 ====
2026-05-30 19:10:04,549 [INFO] 非交易时段，退出
2026-05-30 19:20:04,901 [INFO] ==== 运行开始 run_id=192004 ====
2026-05-30 19:20:04,903 [INFO] 非交易时段，退出
2026-05-30 19:30:04,545 [INFO] ==== 运行开始 run_id=193004 ====
2026-05-30 19:30:04,547 [INFO] 非交易时段，退出
2026-05-30 19:40:04,942 [INFO] ==== 运行开始 run_id=194004 ====
2026-05-30 19:40:04,942 [INFO] 非交易时段，退出
2026-05-30 19:50:04,629 [INFO] ==== 运行开始 run_id=195004 ====
2026-05-30 19:50:04,631 [INFO] 非交易时段，退出
2026-05-30 20:00:04,786 [INFO] ==== 运行开始 run_id=200004 ====
2026-05-30 20:00:04,786 [INFO] 非交易时段，退出
2026-05-30 20:10:04,637 [INFO] ==== 运行开始 run_id=201004 ====
2026-05-30 20:10:04,638 [INFO] 非交易时段，退出
2026-05-30 20:20:04,934 [INFO] ==== 运行开始 run_id=202004 ====
2026-05-30 20:20:04,934 [INFO] 非交易时段，退出
2026-05-30 20:30:04,661 [INFO] ==== 运行开始 run_id=203004 ====
2026-05-30 20:30:04,663 [INFO] 非交易时段，退出
2026-05-30 20:40:04,875 [INFO] ==== 运行开始 run_id=204004 ====
2026-05-30 20:40:04,876 [INFO] 非交易时段，退出
2026-05-30 20:50:05,028 [INFO] ==== 运行开始 run_id=205005 ====
2026-05-30 20:50:05,028 [INFO] 非交易时段，退出
2026-05-30 21:00:05,081 [INFO] ==== 运行开始 run_id=210005 ====
2026-05-30 21:00:05,083 [INFO] 非交易时段，退出
2026-05-30 21:10:04,847 [INFO] ==== 运行开始 run_id=211004 ====
2026-05-30 21:10:04,847 [INFO] 非交易时段，退出
2026-05-30 21:20:05,007 [INFO] ==== 运行开始 run_id=212005 ====
2026-05-30 21:20:05,007 [INFO] 非交易时段，退出
2026-05-30 21:30:04,814 [INFO] ==== 运行开始 run_id=213004 ====
2026-05-30 21:30:04,814 [INFO] 非交易时段，退出
2026-05-30 21:40:05,000 [INFO] ==== 运行开始 run_id=214005 ====
2026-05-30 21:40:05,000 [INFO] 非交易时段，退出
2026-05-30 21:50:05,259 [INFO] ==== 运行开始 run_id=215005 ====
2026-05-30 21:50:05,260 [INFO] 非交易时段，退出
2026-05-30 22:00:04,755 [INFO] ==== 运行开始 run_id=220004 ====
2026-05-30 22:00:04,755 [INFO] 非交易时段，退出
2026-05-30 22:10:04,877 [INFO] ==== 运行开始 run_id=221004 ====
2026-05-30 22:10:04,877 [INFO] 非交易时段，退出
2026-05-30 22:20:05,586 [INFO] ==== 运行开始 run_id=222005 ====
2026-05-30 22:20:05,586 [INFO] 非交易时段，退出
2026-05-30 22:30:04,875 [INFO] ==== 运行开始 run_id=223004 ====
2026-05-30 22:30:04,875 [INFO] 非交易时段，退出
2026-05-30 22:40:04,999 [INFO] ==== 运行开始 run_id=224004 ====
2026-05-30 22:40:05,001 [INFO] 非交易时段，退出
2026-05-30 22:50:05,162 [INFO] ==== 运行开始 run_id=225005 ====
2026-05-30 22:50:05,162 [INFO] 非交易时段，退出
2026-05-30 23:00:05,106 [INFO] ==== 运行开始 run_id=230005 ====
2026-05-30 23:00:05,107 [INFO] 非交易时段，退出
2026-05-30 23:10:04,937 [INFO] ==== 运行开始 run_id=231004 ====
2026-05-30 23:10:04,937 [INFO] 非交易时段，退出
2026-05-30 23:20:05,344 [INFO] ==== 运行开始 run_id=232005 ====
2026-05-30 23:20:05,344 [INFO] 非交易时段，退出
2026-05-30 23:30:04,892 [INFO] ==== 运行开始 run_id=233004 ====
2026-05-30 23:30:04,892 [INFO] 非交易时段，退出
2026-05-30 23:40:04,976 [INFO] ==== 运行开始 run_id=234004 ====
2026-05-30 23:40:04,976 [INFO] 非交易时段，退出
2026-05-30 23:50:04,895 [INFO] ==== 运行开始 run_id=235004 ====
2026-05-30 23:50:04,895 [INFO] 非交易时段，退出
2026-05-31 00:00:04,927 [INFO] ==== 运行开始 run_id=000004 ====
2026-05-31 00:00:04,928 [INFO] 非交易时段，退出
2026-05-31 00:10:05,077 [INFO] ==== 运行开始 run_id=001005 ====
2026-05-31 00:10:05,078 [INFO] 非交易时段，退出
2026-05-31 00:20:04,044 [INFO] ==== 运行开始 run_id=002004 ====
2026-05-31 00:20:04,045 [INFO] 非交易时段，退出
2026-05-31 00:30:04,051 [INFO] ==== 运行开始 run_id=003004 ====
2026-05-31 00:30:04,051 [INFO] 非交易时段，退出
2026-05-31 00:40:03,959 [INFO] ==== 运行开始 run_id=004003 ====
2026-05-31 00:40:03,960 [INFO] 非交易时段，退出
2026-05-31 00:50:03,967 [INFO] ==== 运行开始 run_id=005003 ====
2026-05-31 00:50:03,968 [INFO] 非交易时段，退出
2026-05-31 01:00:04,148 [INFO] ==== 运行开始 run_id=010004 ====
2026-05-31 01:00:04,148 [INFO] 非交易时段，退出
2026-05-31 01:10:03,712 [INFO] ==== 运行开始 run_id=011003 ====
2026-05-31 01:10:03,712 [INFO] 非交易时段，退出
2026-05-31 01:20:04,177 [INFO] ==== 运行开始 run_id=012004 ====
2026-05-31 01:20:04,177 [INFO] 非交易时段，退出
2026-05-31 01:30:03,913 [INFO] ==== 运行开始 run_id=013003 ====
2026-05-31 01:30:03,913 [INFO] 非交易时段，退出
2026-05-31 01:40:04,083 [INFO] ==== 运行开始 run_id=014004 ====
2026-05-31 01:40:04,083 [INFO] 非交易时段，退出
2026-05-31 01:50:04,139 [INFO] ==== 运行开始 run_id=015004 ====
2026-05-31 01:50:04,140 [INFO] 非交易时段，退出
2026-05-31 02:00:04,177 [INFO] ==== 运行开始 run_id=020004 ====
2026-05-31 02:00:04,178 [INFO] 非交易时段，退出
2026-05-31 02:10:03,977 [INFO] ==== 运行开始 run_id=021003 ====
2026-05-31 02:10:03,977 [INFO] 非交易时段，退出
2026-05-31 02:20:04,363 [INFO] ==== 运行开始 run_id=022004 ====
2026-05-31 02:20:04,363 [INFO] 非交易时段，退出
2026-05-31 02:30:04,034 [INFO] ==== 运行开始 run_id=023004 ====
2026-05-31 02:30:04,034 [INFO] 非交易时段，退出
2026-05-31 02:40:04,224 [INFO] ==== 运行开始 run_id=024004 ====
2026-05-31 02:40:04,226 [INFO] 非交易时段，退出
2026-05-31 02:50:03,966 [INFO] ==== 运行开始 run_id=025003 ====
2026-05-31 02:50:03,967 [INFO] 非交易时段，退出
2026-05-31 03:00:04,165 [INFO] ==== 运行开始 run_id=030004 ====
2026-05-31 03:00:04,167 [INFO] 非交易时段，退出
2026-05-31 03:10:03,861 [INFO] ==== 运行开始 run_id=031003 ====
2026-05-31 03:10:03,861 [INFO] 非交易时段，退出
2026-05-31 03:20:04,260 [INFO] ==== 运行开始 run_id=032004 ====
2026-05-31 03:20:04,260 [INFO] 非交易时段，退出
2026-05-31 03:30:04,068 [INFO] ==== 运行开始 run_id=033004 ====
2026-05-31 03:30:04,068 [INFO] 非交易时段，退出
2026-05-31 03:40:04,194 [INFO] ==== 运行开始 run_id=034004 ====
2026-05-31 03:40:04,195 [INFO] 非交易时段，退出
2026-05-31 03:50:04,018 [INFO] ==== 运行开始 run_id=035004 ====
2026-05-31 03:50:04,018 [INFO] 非交易时段，退出
2026-05-31 04:00:04,270 [INFO] ==== 运行开始 run_id=040004 ====
2026-05-31 04:00:04,272 [INFO] 非交易时段，退出
2026-05-31 04:10:04,101 [INFO] ==== 运行开始 run_id=041004 ====
2026-05-31 04:10:04,104 [INFO] 非交易时段，退出
2026-05-31 04:20:04,106 [INFO] ==== 运行开始 run_id=042004 ====
2026-05-31 04:20:04,106 [INFO] 非交易时段，退出
2026-05-31 04:30:04,215 [INFO] ==== 运行开始 run_id=043004 ====
2026-05-31 04:30:04,216 [INFO] 非交易时段，退出
2026-05-31 04:40:04,134 [INFO] ==== 运行开始 run_id=044004 ====
2026-05-31 04:40:04,135 [INFO] 非交易时段，退出
2026-05-31 04:50:04,138 [INFO] ==== 运行开始 run_id=045004 ====
2026-05-31 04:50:04,139 [INFO] 非交易时段，退出
2026-05-31 05:00:04,300 [INFO] ==== 运行开始 run_id=050004 ====
2026-05-31 05:00:04,303 [INFO] 非交易时段，退出
2026-05-31 05:10:04,239 [INFO] ==== 运行开始 run_id=051004 ====
2026-05-31 05:10:04,240 [INFO] 非交易时段，退出
2026-05-31 05:20:04,242 [INFO] ==== 运行开始 run_id=052004 ====
2026-05-31 05:20:04,243 [INFO] 非交易时段，退出
2026-05-31 05:30:04,199 [INFO] ==== 运行开始 run_id=053004 ====
2026-05-31 05:30:04,199 [INFO] 非交易时段，退出
2026-05-31 05:40:04,380 [INFO] ==== 运行开始 run_id=054004 ====
2026-05-31 05:40:04,380 [INFO] 非交易时段，退出
2026-05-31 05:50:04,044 [INFO] ==== 运行开始 run_id=055004 ====
2026-05-31 05:50:04,044 [INFO] 非交易时段，退出
2026-05-31 06:00:04,332 [INFO] ==== 运行开始 run_id=060004 ====
2026-05-31 06:00:04,333 [INFO] 非交易时段，退出
2026-05-31 06:10:04,216 [INFO] ==== 运行开始 run_id=061004 ====
2026-05-31 06:10:04,216 [INFO] 非交易时段，退出
2026-05-31 06:20:04,241 [INFO] ==== 运行开始 run_id=062004 ====
2026-05-31 06:20:04,243 [INFO] 非交易时段，退出
2026-05-31 06:30:04,282 [INFO] ==== 运行开始 run_id=063004 ====
2026-05-31 06:30:04,282 [INFO] 非交易时段，退出
2026-05-31 06:40:04,248 [INFO] ==== 运行开始 run_id=064004 ====
2026-05-31 06:40:04,248 [INFO] 非交易时段，退出
2026-05-31 06:50:04,284 [INFO] ==== 运行开始 run_id=065004 ====
2026-05-31 06:50:04,285 [INFO] 非交易时段，退出
2026-05-31 07:00:04,561 [INFO] ==== 运行开始 run_id=070004 ====
2026-05-31 07:00:04,561 [INFO] 非交易时段，退出
2026-05-31 07:10:04,195 [INFO] ==== 运行开始 run_id=071004 ====
2026-05-31 07:10:04,196 [INFO] 非交易时段，退出
2026-05-31 07:20:04,776 [INFO] ==== 运行开始 run_id=072004 ====
2026-05-31 07:20:04,776 [INFO] 非交易时段，退出
2026-05-31 07:30:04,262 [INFO] ==== 运行开始 run_id=073004 ====
2026-05-31 07:30:04,263 [INFO] 非交易时段，退出
2026-05-31 07:40:04,534 [INFO] ==== 运行开始 run_id=074004 ====
2026-05-31 07:40:04,534 [INFO] 非交易时段，退出
2026-05-31 07:50:04,272 [INFO] ==== 运行开始 run_id=075004 ====
2026-05-31 07:50:04,273 [INFO] 非交易时段，退出
2026-05-31 08:00:04,348 [INFO] ==== 运行开始 run_id=080004 ====
2026-05-31 08:00:04,348 [INFO] 非交易时段，退出
2026-05-31 08:10:05,165 [INFO] ==== 运行开始 run_id=081005 ====
2026-05-31 08:10:05,165 [INFO] 非交易时段，退出
2026-05-31 08:20:04,416 [INFO] ==== 运行开始 run_id=082004 ====
2026-05-31 08:20:04,416 [INFO] 非交易时段，退出
2026-05-31 08:30:04,680 [INFO] ==== 运行开始 run_id=083004 ====
2026-05-31 08:30:04,680 [INFO] 非交易时段，退出
2026-05-31 08:40:04,316 [INFO] ==== 运行开始 run_id=084004 ====
2026-05-31 08:40:04,316 [INFO] 非交易时段，退出
2026-05-31 08:50:04,422 [INFO] ==== 运行开始 run_id=085004 ====
2026-05-31 08:50:04,424 [INFO] 非交易时段，退出
2026-05-31 09:00:04,414 [INFO] ==== 运行开始 run_id=090004 ====
2026-05-31 09:00:04,415 [INFO] 非交易时段，退出
2026-05-31 09:10:04,324 [INFO] ==== 运行开始 run_id=091004 ====
2026-05-31 09:10:04,324 [INFO] 非交易时段，退出
2026-05-31 09:20:04,340 [INFO] ==== 运行开始 run_id=092004 ====
2026-05-31 09:20:04,342 [INFO] 非交易时段，退出
2026-05-31 09:30:04,418 [INFO] ==== 运行开始 run_id=093004 ====
2026-05-31 09:30:04,418 [INFO] 非交易时段，退出
2026-05-31 09:40:04,334 [INFO] ==== 运行开始 run_id=094004 ====
2026-05-31 09:40:04,334 [INFO] 非交易时段，退出
2026-05-31 09:50:04,678 [INFO] ==== 运行开始 run_id=095004 ====
2026-05-31 09:50:04,678 [INFO] 非交易时段，退出
2026-05-31 10:00:06,248 [INFO] ==== 运行开始 run_id=100006 ====
2026-05-31 10:00:06,250 [INFO] 非交易时段，退出
2026-05-31 10:10:04,494 [INFO] ==== 运行开始 run_id=101004 ====
2026-05-31 10:10:04,494 [INFO] 非交易时段，退出
2026-05-31 10:20:04,782 [INFO] ==== 运行开始 run_id=102004 ====
2026-05-31 10:20:04,783 [INFO] 非交易时段，退出
2026-05-31 10:30:04,394 [INFO] ==== 运行开始 run_id=103004 ====
2026-05-31 10:30:04,396 [INFO] 非交易时段，退出
2026-05-31 10:40:04,543 [INFO] ==== 运行开始 run_id=104004 ====
2026-05-31 10:40:04,544 [INFO] 非交易时段，退出
2026-05-31 10:50:04,361 [INFO] ==== 运行开始 run_id=105004 ====
2026-05-31 10:50:04,363 [INFO] 非交易时段，退出
2026-05-31 11:00:04,602 [INFO] ==== 运行开始 run_id=110004 ====
2026-05-31 11:00:04,603 [INFO] 非交易时段，退出
2026-05-31 11:10:04,547 [INFO] ==== 运行开始 run_id=111004 ====
2026-05-31 11:10:04,547 [INFO] 非交易时段，退出
2026-05-31 11:20:04,491 [INFO] ==== 运行开始 run_id=112004 ====
2026-05-31 11:20:04,492 [INFO] 非交易时段，退出
2026-05-31 11:30:04,410 [INFO] ==== 运行开始 run_id=113004 ====
2026-05-31 11:30:04,410 [INFO] 非交易时段，退出
2026-05-31 11:40:04,444 [INFO] ==== 运行开始 run_id=114004 ====
2026-05-31 11:40:04,445 [INFO] 非交易时段，退出
2026-05-31 11:50:04,414 [INFO] ==== 运行开始 run_id=115004 ====
2026-05-31 11:50:04,414 [INFO] 非交易时段，退出
2026-05-31 12:00:04,637 [INFO] ==== 运行开始 run_id=120004 ====
2026-05-31 12:00:04,637 [INFO] 非交易时段，退出
2026-05-31 12:10:04,569 [INFO] ==== 运行开始 run_id=121004 ====
2026-05-31 12:10:04,570 [INFO] 非交易时段，退出
2026-05-31 12:20:05,147 [INFO] ==== 运行开始 run_id=122005 ====
2026-05-31 12:20:05,147 [INFO] 非交易时段，退出
2026-05-31 12:30:04,559 [INFO] ==== 运行开始 run_id=123004 ====
2026-05-31 12:30:04,609 [INFO] 非交易时段，退出
2026-05-31 12:40:04,579 [INFO] ==== 运行开始 run_id=124004 ====
2026-05-31 12:40:04,580 [INFO] 非交易时段，退出
2026-05-31 12:50:04,322 [INFO] ==== 运行开始 run_id=125004 ====
2026-05-31 12:50:04,322 [INFO] 非交易时段，退出
2026-05-31 13:00:04,563 [INFO] ==== 运行开始 run_id=130004 ====
2026-05-31 13:00:04,563 [INFO] 非交易时段，退出
2026-05-31 13:10:04,362 [INFO] ==== 运行开始 run_id=131004 ====
2026-05-31 13:10:04,363 [INFO] 非交易时段，退出
2026-05-31 13:20:04,878 [INFO] ==== 运行开始 run_id=132004 ====
2026-05-31 13:20:04,878 [INFO] 非交易时段，退出
2026-05-31 13:30:04,775 [INFO] ==== 运行开始 run_id=133004 ====
2026-05-31 13:30:04,776 [INFO] 非交易时段，退出
2026-05-31 13:40:04,688 [INFO] ==== 运行开始 run_id=134004 ====
2026-05-31 13:40:04,688 [INFO] 非交易时段，退出
2026-05-31 13:50:04,483 [INFO] ==== 运行开始 run_id=135004 ====
2026-05-31 13:50:04,483 [INFO] 非交易时段，退出
2026-05-31 14:00:04,692 [INFO] ==== 运行开始 run_id=140004 ====
2026-05-31 14:00:04,692 [INFO] 非交易时段，退出
2026-05-31 14:10:04,486 [INFO] ==== 运行开始 run_id=141004 ====
2026-05-31 14:10:04,486 [INFO] 非交易时段，退出
2026-05-31 14:20:04,678 [INFO] ==== 运行开始 run_id=142004 ====
2026-05-31 14:20:04,678 [INFO] 非交易时段，退出
2026-05-31 14:30:20,136 [INFO] ==== 运行开始 run_id=143020 ====
2026-05-31 14:30:20,136 [INFO] 非交易时段，退出
2026-05-31 14:40:04,958 [INFO] ==== 运行开始 run_id=144004 ====
2026-05-31 14:40:04,959 [INFO] 非交易时段，退出
2026-05-31 14:50:04,770 [INFO] ==== 运行开始 run_id=145004 ====
2026-05-31 14:50:04,770 [INFO] 非交易时段，退出
2026-05-31 15:00:04,835 [INFO] ==== 运行开始 run_id=150004 ====
2026-05-31 15:00:04,836 [INFO] 非交易时段，退出
2026-05-31 15:10:05,252 [INFO] ==== 运行开始 run_id=151005 ====
2026-05-31 15:10:05,254 [INFO] 非交易时段，退出
2026-05-31 15:20:04,595 [INFO] ==== 运行开始 run_id=152004 ====
2026-05-31 15:20:04,598 [INFO] 非交易时段，退出
2026-05-31 15:30:04,929 [INFO] ==== 运行开始 run_id=153004 ====
2026-05-31 15:30:04,929 [INFO] 非交易时段，退出
2026-05-31 15:40:04,671 [INFO] ==== 运行开始 run_id=154004 ====
2026-05-31 15:40:04,672 [INFO] 非交易时段，退出
2026-05-31 15:50:04,772 [INFO] ==== 运行开始 run_id=155004 ====
2026-05-31 15:50:04,772 [INFO] 非交易时段，退出
2026-05-31 16:00:04,609 [INFO] ==== 运行开始 run_id=160004 ====
2026-05-31 16:00:04,609 [INFO] 非交易时段，退出
2026-05-31 16:10:04,717 [INFO] ==== 运行开始 run_id=161004 ====
2026-05-31 16:10:04,719 [INFO] 非交易时段，退出
2026-05-31 16:20:04,645 [INFO] ==== 运行开始 run_id=162004 ====
2026-05-31 16:20:04,645 [INFO] 非交易时段，退出
2026-05-31 16:30:04,881 [INFO] ==== 运行开始 run_id=163004 ====
2026-05-31 16:30:04,881 [INFO] 非交易时段，退出
2026-05-31 16:40:04,649 [INFO] ==== 运行开始 run_id=164004 ====
2026-05-31 16:40:04,650 [INFO] 非交易时段，退出
2026-05-31 16:50:04,654 [INFO] ==== 运行开始 run_id=165004 ====
2026-05-31 16:50:04,654 [INFO] 非交易时段，退出
2026-05-31 17:00:04,919 [INFO] ==== 运行开始 run_id=170004 ====
2026-05-31 17:00:04,920 [INFO] 非交易时段，退出
2026-05-31 17:10:04,717 [INFO] ==== 运行开始 run_id=171004 ====
2026-05-31 17:10:04,718 [INFO] 非交易时段，退出
2026-05-31 17:20:04,800 [INFO] ==== 运行开始 run_id=172004 ====
2026-05-31 17:20:04,801 [INFO] 非交易时段，退出
2026-05-31 17:30:04,690 [INFO] ==== 运行开始 run_id=173004 ====
2026-05-31 17:30:04,691 [INFO] 非交易时段，退出
2026-05-31 17:40:04,721 [INFO] ==== 运行开始 run_id=174004 ====
2026-05-31 17:40:04,722 [INFO] 非交易时段，退出
2026-05-31 17:50:04,724 [INFO] ==== 运行开始 run_id=175004 ====
2026-05-31 17:50:04,724 [INFO] 非交易时段，退出
2026-05-31 18:00:04,991 [INFO] ==== 运行开始 run_id=180004 ====
2026-05-31 18:00:04,991 [INFO] 非交易时段，退出
2026-05-31 18:10:04,757 [INFO] ==== 运行开始 run_id=181004 ====
2026-05-31 18:10:04,757 [INFO] 非交易时段，退出
2026-05-31 18:20:04,832 [INFO] ==== 运行开始 run_id=182004 ====
2026-05-31 18:20:04,833 [INFO] 非交易时段，退出
2026-05-31 18:30:04,796 [INFO] ==== 运行开始 run_id=183004 ====
2026-05-31 18:30:04,797 [INFO] 非交易时段，退出
2026-05-31 18:40:05,144 [INFO] ==== 运行开始 run_id=184005 ====
2026-05-31 18:40:05,146 [INFO] 非交易时段，退出
2026-05-31 18:50:04,755 [INFO] ==== 运行开始 run_id=185004 ====
2026-05-31 18:50:04,755 [INFO] 非交易时段，退出
2026-05-31 19:00:04,862 [INFO] ==== 运行开始 run_id=190004 ====
2026-05-31 19:00:04,863 [INFO] 非交易时段，退出
2026-05-31 19:10:04,811 [INFO] ==== 运行开始 run_id=191004 ====
2026-05-31 19:10:04,811 [INFO] 非交易时段，退出
2026-05-31 19:20:05,619 [INFO] ==== 运行开始 run_id=192005 ====
2026-05-31 19:20:05,621 [INFO] 非交易时段，退出
2026-05-31 19:30:04,645 [INFO] ==== 运行开始 run_id=193004 ====
2026-05-31 19:30:04,645 [INFO] 非交易时段，退出
2026-05-31 19:40:05,182 [INFO] ==== 运行开始 run_id=194005 ====
2026-05-31 19:40:05,184 [INFO] 非交易时段，退出
2026-05-31 19:50:04,770 [INFO] ==== 运行开始 run_id=195004 ====
2026-05-31 19:50:04,770 [INFO] 非交易时段，退出
2026-05-31 20:00:04,990 [INFO] ==== 运行开始 run_id=200004 ====
2026-05-31 20:00:04,990 [INFO] 非交易时段，退出
2026-05-31 20:10:04,726 [INFO] ==== 运行开始 run_id=201004 ====
2026-05-31 20:10:04,726 [INFO] 非交易时段，退出
2026-05-31 20:20:04,928 [INFO] ==== 运行开始 run_id=202004 ====
2026-05-31 20:20:04,928 [INFO] 非交易时段，退出
2026-05-31 20:30:04,738 [INFO] ==== 运行开始 run_id=203004 ====
2026-05-31 20:30:04,738 [INFO] 非交易时段，退出
2026-05-31 20:40:05,361 [INFO] ==== 运行开始 run_id=204005 ====
2026-05-31 20:40:05,363 [INFO] 非交易时段，退出
2026-05-31 20:50:04,855 [INFO] ==== 运行开始 run_id=205004 ====
2026-05-31 20:50:04,855 [INFO] 非交易时段，退出
2026-05-31 21:00:05,026 [INFO] ==== 运行开始 run_id=210005 ====
2026-05-31 21:00:05,028 [INFO] 非交易时段，退出
2026-05-31 21:10:04,748 [INFO] ==== 运行开始 run_id=211004 ====
2026-05-31 21:10:04,749 [INFO] 非交易时段，退出
2026-05-31 21:20:04,951 [INFO] ==== 运行开始 run_id=212004 ====
2026-05-31 21:20:04,952 [INFO] 非交易时段，退出
2026-05-31 21:30:04,914 [INFO] ==== 运行开始 run_id=213004 ====
2026-05-31 21:30:04,915 [INFO] 非交易时段，退出
2026-05-31 21:40:04,895 [INFO] ==== 运行开始 run_id=214004 ====
2026-05-31 21:40:04,895 [INFO] 非交易时段，退出
2026-05-31 21:50:04,868 [INFO] ==== 运行开始 run_id=215004 ====
2026-05-31 21:50:04,870 [INFO] 非交易时段，退出
2026-05-31 22:00:05,205 [INFO] ==== 运行开始 run_id=220005 ====
2026-05-31 22:00:05,205 [INFO] 非交易时段，退出
2026-05-31 22:10:04,825 [INFO] ==== 运行开始 run_id=221004 ====
2026-05-31 22:10:04,827 [INFO] 非交易时段，退出
2026-05-31 22:20:05,470 [INFO] ==== 运行开始 run_id=222005 ====
2026-05-31 22:20:05,471 [INFO] 非交易时段，退出
2026-05-31 22:30:05,224 [INFO] ==== 运行开始 run_id=223005 ====
2026-05-31 22:30:05,225 [INFO] 非交易时段，退出
2026-05-31 22:40:04,889 [INFO] ==== 运行开始 run_id=224004 ====
2026-05-31 22:40:04,889 [INFO] 非交易时段，退出
2026-05-31 22:50:04,890 [INFO] ==== 运行开始 run_id=225004 ====
2026-05-31 22:50:04,891 [INFO] 非交易时段，退出
2026-05-31 23:00:05,070 [INFO] ==== 运行开始 run_id=230005 ====
2026-05-31 23:00:05,071 [INFO] 非交易时段，退出
2026-05-31 23:10:03,762 [INFO] ==== 运行开始 run_id=231003 ====
2026-05-31 23:10:03,763 [INFO] 非交易时段，退出
2026-05-31 23:20:04,117 [INFO] ==== 运行开始 run_id=232004 ====
2026-05-31 23:20:04,134 [INFO] 非交易时段，退出
2026-05-31 23:30:03,930 [INFO] ==== 运行开始 run_id=233003 ====
2026-05-31 23:30:03,930 [INFO] 非交易时段，退出
2026-05-31 23:40:03,960 [INFO] ==== 运行开始 run_id=234003 ====
2026-05-31 23:40:03,960 [INFO] 非交易时段，退出
2026-05-31 23:50:03,955 [INFO] ==== 运行开始 run_id=235003 ====
2026-05-31 23:50:03,956 [INFO] 非交易时段，退出
2026-06-01 00:00:04,148 [INFO] ==== 运行开始 run_id=000004 ====
2026-06-01 00:00:04,149 [INFO] 非交易时段，退出
2026-06-01 00:10:03,870 [INFO] ==== 运行开始 run_id=001003 ====
2026-06-01 00:10:03,872 [INFO] 非交易时段，退出
2026-06-01 00:20:04,317 [INFO] ==== 运行开始 run_id=002004 ====
2026-06-01 00:20:04,317 [INFO] 非交易时段，退出
2026-06-01 00:30:03,780 [INFO] ==== 运行开始 run_id=003003 ====
2026-06-01 00:30:03,781 [INFO] 非交易时段，退出
2026-06-01 00:40:04,107 [INFO] ==== 运行开始 run_id=004004 ====
2026-06-01 00:40:04,107 [INFO] 非交易时段，退出
2026-06-01 00:50:03,998 [INFO] ==== 运行开始 run_id=005003 ====
2026-06-01 00:50:04,000 [INFO] 非交易时段，退出
2026-06-01 01:00:04,116 [INFO] ==== 运行开始 run_id=010004 ====
2026-06-01 01:00:04,116 [INFO] 非交易时段，退出
2026-06-01 01:10:03,893 [INFO] ==== 运行开始 run_id=011003 ====
2026-06-01 01:10:03,893 [INFO] 非交易时段，退出
2026-06-01 01:20:03,964 [INFO] ==== 运行开始 run_id=012003 ====
2026-06-01 01:20:03,964 [INFO] 非交易时段，退出
2026-06-01 01:30:04,619 [INFO] ==== 运行开始 run_id=013004 ====
2026-06-01 01:30:04,620 [INFO] 非交易时段，退出
