2026-05-21 14:44:30,869 [INFO] paper-strat: === vqlearn paper + strategy ===
2026-05-21 14:44:30,871 [INFO] paper-strat: 持仓: 3 只 | 观察: 19 只 | auto_trade=True
2026-05-21 14:44:30,890 [INFO] paper-strat: [MainEngine] 连接登录 -> AKSHARE
2026-05-21 14:44:30,892 [INFO] paper-strat: [AKSHARE] akshare gateway 启动（行情 only），轮询 5.0s
2026-05-21 14:44:32,892 [INFO] paper-strat: [MainEngine] 订阅行情 -> AKSHARE：SubscribeRequest(symbol='600330', exchange=<Exchange.SSE: 'SSE'>)
2026-05-21 14:44:32,894 [INFO] paper-strat: [AKSHARE] 订阅 600330.SSE (累计 1 只)
2026-05-21 14:44:32,895 [INFO] paper-strat: [MainEngine] 订阅行情 -> AKSHARE：SubscribeRequest(symbol='002453', exchange=<Exchange.SZSE: 'SZSE'>)
2026-05-21 14:44:32,898 [INFO] paper-strat: [AKSHARE] 订阅 002453.SZSE (累计 2 只)
2026-05-21 14:44:32,899 [INFO] paper-strat: [MainEngine] 订阅行情 -> AKSHARE：SubscribeRequest(symbol='603601', exchange=<Exchange.SSE: 'SSE'>)
2026-05-21 14:44:32,900 [INFO] paper-strat: [AKSHARE] 订阅 603601.SSE (累计 3 只)
2026-05-21 14:44:32,902 [INFO] paper-strat: [MainEngine] 订阅行情 -> AKSHARE：SubscribeRequest(symbol='002428', exchange=<Exchange.SZSE: 'SZSE'>)
2026-05-21 14:44:32,903 [INFO] paper-strat: [AKSHARE] 订阅 002428.SZSE (累计 4 只)
2026-05-21 14:44:32,904 [INFO] paper-strat: [MainEngine] 订阅行情 -> AKSHARE：SubscribeRequest(symbol='600130', exchange=<Exchange.SSE: 'SSE'>)
2026-05-21 14:44:32,905 [INFO] paper-strat: [AKSHARE] 订阅 600130.SSE (累计 5 只)
2026-05-21 14:44:32,905 [INFO] paper-strat: [MainEngine] 订阅行情 -> AKSHARE：SubscribeRequest(symbol='603178', exchange=<Exchange.SSE: 'SSE'>)
2026-05-21 14:44:32,907 [INFO] paper-strat: [AKSHARE] 订阅 603178.SSE (累计 6 只)
2026-05-21 14:44:32,909 [INFO] paper-strat: [MainEngine] 订阅行情 -> AKSHARE：SubscribeRequest(symbol='603986', exchange=<Exchange.SSE: 'SSE'>)
2026-05-21 14:44:32,909 [INFO] paper-strat: [AKSHARE] 订阅 603986.SSE (累计 7 只)
2026-05-21 14:44:32,911 [INFO] paper-strat: [MainEngine] 订阅行情 -> AKSHARE：SubscribeRequest(symbol='301120', exchange=<Exchange.SZSE: 'SZSE'>)
2026-05-21 14:44:32,912 [INFO] paper-strat: [AKSHARE] 订阅 301120.SZSE (累计 8 只)
2026-05-21 14:44:32,912 [INFO] paper-strat: [MainEngine] 订阅行情 -> AKSHARE：SubscribeRequest(symbol='301179', exchange=<Exchange.SZSE: 'SZSE'>)
2026-05-21 14:44:32,914 [INFO] paper-strat: [AKSHARE] 订阅 301179.SZSE (累计 9 只)
2026-05-21 14:44:32,915 [INFO] paper-strat: [MainEngine] 订阅行情 -> AKSHARE：SubscribeRequest(symbol='600021', exchange=<Exchange.SSE: 'SSE'>)
2026-05-21 14:44:32,916 [INFO] paper-strat: [AKSHARE] 订阅 600021.SSE (累计 10 只)
2026-05-21 14:44:32,918 [INFO] paper-strat: [MainEngine] 订阅行情 -> AKSHARE：SubscribeRequest(symbol='000600', exchange=<Exchange.SZSE: 'SZSE'>)
2026-05-21 14:44:32,920 [INFO] paper-strat: [AKSHARE] 订阅 000600.SZSE (累计 11 只)
2026-05-21 14:44:32,920 [INFO] paper-strat: [MainEngine] 订阅行情 -> AKSHARE：SubscribeRequest(symbol='002067', exchange=<Exchange.SZSE: 'SZSE'>)
2026-05-21 14:44:32,922 [INFO] paper-strat: [AKSHARE] 订阅 002067.SZSE (累计 12 只)
2026-05-21 14:44:32,924 [INFO] paper-strat: [MainEngine] 订阅行情 -> AKSHARE：SubscribeRequest(symbol='000899', exchange=<Exchange.SZSE: 'SZSE'>)
2026-05-21 14:44:32,925 [INFO] paper-strat: [AKSHARE] 订阅 000899.SZSE (累计 13 只)
2026-05-21 14:44:32,927 [INFO] paper-strat: [MainEngine] 订阅行情 -> AKSHARE：SubscribeRequest(symbol='001896', exchange=<Exchange.SZSE: 'SZSE'>)
2026-05-21 14:44:32,927 [INFO] paper-strat: [AKSHARE] 订阅 001896.SZSE (累计 14 只)
2026-05-21 14:44:32,929 [INFO] paper-strat: [MainEngine] 订阅行情 -> AKSHARE：SubscribeRequest(symbol='600310', exchange=<Exchange.SSE: 'SSE'>)
2026-05-21 14:44:32,930 [INFO] paper-strat: [AKSHARE] 订阅 600310.SSE (累计 15 只)
2026-05-21 14:44:32,932 [INFO] paper-strat: [MainEngine] 订阅行情 -> AKSHARE：SubscribeRequest(symbol='601222', exchange=<Exchange.SSE: 'SSE'>)
2026-05-21 14:44:32,934 [INFO] paper-strat: [AKSHARE] 订阅 601222.SSE (累计 16 只)
2026-05-21 14:44:32,934 [INFO] paper-strat: [MainEngine] 订阅行情 -> AKSHARE：SubscribeRequest(symbol='600863', exchange=<Exchange.SSE: 'SSE'>)
2026-05-21 14:44:32,934 [INFO] paper-strat: [AKSHARE] 订阅 600863.SSE (累计 17 只)
2026-05-21 14:44:32,937 [INFO] paper-strat: [MainEngine] 订阅行情 -> AKSHARE：SubscribeRequest(symbol='605006', exchange=<Exchange.SSE: 'SSE'>)
2026-05-21 14:44:32,938 [INFO] paper-strat: [AKSHARE] 订阅 605006.SSE (累计 18 只)
2026-05-21 14:44:32,940 [INFO] paper-strat: [MainEngine] 订阅行情 -> AKSHARE：SubscribeRequest(symbol='603757', exchange=<Exchange.SSE: 'SSE'>)
2026-05-21 14:44:32,941 [INFO] paper-strat: [AKSHARE] 订阅 603757.SSE (累计 19 只)
2026-05-21 14:44:32,942 [INFO] paper-strat: [MainEngine] 订阅行情 -> AKSHARE：SubscribeRequest(symbol='002156', exchange=<Exchange.SZSE: 'SZSE'>)
2026-05-21 14:44:32,943 [INFO] paper-strat: [AKSHARE] 订阅 002156.SZSE (累计 20 只)
2026-05-21 14:44:32,943 [INFO] paper-strat: [MainEngine] 订阅行情 -> AKSHARE：SubscribeRequest(symbol='002709', exchange=<Exchange.SZSE: 'SZSE'>)
2026-05-21 14:44:32,945 [INFO] paper-strat: [AKSHARE] 订阅 002709.SZSE (累计 21 只)
2026-05-21 14:44:32,947 [INFO] paper-strat: [MainEngine] 订阅行情 -> AKSHARE：SubscribeRequest(symbol='002149', exchange=<Exchange.SZSE: 'SZSE'>)
2026-05-21 14:44:32,948 [INFO] paper-strat: [AKSHARE] 订阅 002149.SZSE (累计 22 只)
2026-05-21 14:44:33,908 [INFO] paper-strat: 已加载策略类: ['AtrRsiStrategy', 'BollChannelStrategy', 'DoubleMaStrategy', 'DualThrustStrategy', 'KingKeltnerStrategy', 'MultiSignalStrategy', 'MultiTimeframeStrategy', 'TestStrategy', 'TurtleSignalStrategy', 'ThresholdAlertStrategy']
2026-05-21 14:44:33,937 [INFO] paper-strat: ✓ 已加载 22 个 ThresholdAlertStrategy 实例
2026-05-21 14:44:33,938 [INFO] paper-strat: 📊 拉取 5 日均量 22 只...
2026-05-21 14:44:34,166 [INFO] paper-strat: 📊 TICK 000899.SZSE 赣能股份 12.91 (-3.80%)
2026-05-21 14:44:34,167 [INFO] paper-strat: 📊 TICK 301120.SZSE 新特电气 23.06 (-5.57%)
2026-05-21 14:44:34,169 [INFO] paper-strat: 📊 TICK 002156.SZSE 通富微电 62.02 (-0.42%)
2026-05-21 14:44:34,169 [INFO] paper-strat: 📊 TICK 002709.SZSE 天赐材料 57.90 (-0.17%)
2026-05-21 14:44:34,170 [INFO] paper-strat: 📊 TICK 601222.SSE 林洋能源 6.34 (-4.37%)
2026-05-21 14:44:34,171 [INFO] paper-strat: 📊 TICK 002453.SZSE 华软科技 5.70 (-5.63%)
2026-05-21 14:44:34,171 [INFO] paper-strat: 📊 TICK 603757.SSE 大元泵业 59.85 (-10.00%)
2026-05-21 14:44:34,171 [INFO] paper-strat: 📊 TICK 605006.SSE 山东玻纤 14.29 (-0.56%)
2026-05-21 14:44:34,172 [INFO] paper-strat: 📊 TICK 301179.SZSE 泽宇智能 24.64 (-7.02%)
2026-05-21 14:44:34,172 [INFO] paper-strat: 📊 TICK 600130.SSE 波导股份 5.49 (-10.00%)
2026-05-21 14:44:34,173 [INFO] paper-strat: 📊 TICK 000600.SZSE 建投能源 10.15 (-0.10%)
2026-05-21 14:44:34,173 [INFO] paper-strat: 📊 TICK 002149.SZSE 西部材料 69.71 (+0.90%)
2026-05-21 14:44:34,174 [INFO] paper-strat: 📊 TICK 600310.SSE 广西能源 5.12 (+0.99%)
2026-05-21 14:44:34,174 [INFO] paper-strat: 📊 TICK 001896.SZSE 豫能控股 16.18 (+8.74%)
2026-05-21 14:44:34,174 [INFO] paper-strat: 📊 TICK 603178.SSE 圣龙股份 19.79 (-7.44%)
2026-05-21 14:44:34,176 [INFO] paper-strat: 📊 TICK 600330.SSE 天通股份 27.60 (-3.87%)
2026-05-21 14:44:34,176 [INFO] paper-strat: 📊 TICK 002067.SZSE 景兴纸业 5.23 (+2.75%)
2026-05-21 14:44:34,176 [INFO] paper-strat: 📊 TICK 002428.SZSE 云南锗业 84.76 (-6.86%)
2026-05-21 14:44:34,178 [INFO] paper-strat: 📊 TICK 600863.SSE 华能蒙电 5.54 (+2.97%)
2026-05-21 14:44:34,178 [INFO] paper-strat: 📊 TICK 600021.SSE 上海电力 18.00 (-3.64%)
2026-05-21 14:44:34,178 [INFO] paper-strat: 📊 TICK 603986.SSE 兆易创新 432.79 (-2.75%)
2026-05-21 14:44:34,179 [INFO] paper-strat: 📊 TICK 603601.SSE 再升科技 17.69 (+0.51%)
2026-05-21 14:44:39,465 [INFO] paper-strat: 📊 TICK 301120.SZSE 新特电气 23.10 (-5.41%)
2026-05-21 14:44:39,466 [INFO] paper-strat: 📊 TICK 002709.SZSE 天赐材料 57.88 (-0.21%)
2026-05-21 14:44:39,467 [INFO] paper-strat: 📊 TICK 601222.SSE 林洋能源 6.35 (-4.22%)
2026-05-21 14:44:39,468 [INFO] paper-strat: 📊 TICK 002453.SZSE 华软科技 5.71 (-5.46%)
2026-05-21 14:44:39,469 [INFO] paper-strat: 📊 TICK 605006.SSE 山东玻纤 14.28 (-0.63%)
2026-05-21 14:44:39,469 [INFO] paper-strat: 📊 TICK 301179.SZSE 泽宇智能 24.65 (-6.98%)
2026-05-21 14:44:39,470 [INFO] paper-strat: 📊 TICK 002149.SZSE 西部材料 69.74 (+0.94%)
2026-05-21 14:44:39,470 [INFO] paper-strat: 📊 TICK 603178.SSE 圣龙股份 19.81 (-7.34%)
2026-05-21 14:44:39,472 [INFO] paper-strat: 📊 TICK 600330.SSE 天通股份 27.59 (-3.90%)
2026-05-21 14:44:39,472 [INFO] paper-strat: 📊 TICK 002428.SZSE 云南锗业 84.72 (-6.90%)
2026-05-21 14:44:39,473 [INFO] paper-strat: 📊 TICK 600021.SSE 上海电力 17.99 (-3.69%)
2026-05-21 14:44:39,473 [INFO] paper-strat: 📊 TICK 603986.SSE 兆易创新 432.66 (-2.78%)
2026-05-21 14:44:44,722 [INFO] paper-strat: 📊 TICK 000899.SZSE 赣能股份 12.92 (-3.73%)
2026-05-21 14:44:44,724 [INFO] paper-strat: 📊 TICK 301120.SZSE 新特电气 23.07 (-5.53%)
2026-05-21 14:44:44,724 [INFO] paper-strat: 📊 TICK 002709.SZSE 天赐材料 57.85 (-0.26%)
2026-05-21 14:44:44,725 [INFO] paper-strat: 📊 TICK 601222.SSE 林洋能源 6.34 (-4.37%)
2026-05-21 14:44:44,726 [INFO] paper-strat: 📊 TICK 002149.SZSE 西部材料 69.76 (+0.97%)
2026-05-21 14:44:44,726 [INFO] paper-strat: 📊 TICK 603178.SSE 圣龙股份 19.82 (-7.30%)
2026-05-21 14:44:44,728 [INFO] paper-strat: 📊 TICK 002067.SZSE 景兴纸业 5.24 (+2.95%)
2026-05-21 14:44:44,728 [INFO] paper-strat: 📊 TICK 002428.SZSE 云南锗业 84.71 (-6.91%)
2026-05-21 14:44:44,728 [INFO] paper-strat: 📊 TICK 603986.SSE 兆易创新 432.50 (-2.81%)
2026-05-21 14:44:49,975 [INFO] paper-strat: 📊 TICK 301120.SZSE 新特电气 23.09 (-5.45%)
2026-05-21 14:44:49,976 [INFO] paper-strat: 📊 TICK 002156.SZSE 通富微电 62.07 (-0.34%)
2026-05-21 14:44:49,976 [INFO] paper-strat: 📊 TICK 002709.SZSE 天赐材料 57.88 (-0.21%)
2026-05-21 14:44:49,977 [INFO] paper-strat: 📊 TICK 601222.SSE 林洋能源 6.35 (-4.22%)
2026-05-21 14:44:49,978 [INFO] paper-strat: 📊 TICK 002453.SZSE 华软科技 5.70 (-5.63%)
2026-05-21 14:44:49,978 [INFO] paper-strat: 📊 TICK 605006.SSE 山东玻纤 14.29 (-0.56%)
2026-05-21 14:44:49,978 [INFO] paper-strat: 📊 TICK 000600.SZSE 建投能源 10.16 (+0.00%)
2026-05-21 14:44:49,980 [INFO] paper-strat: 📊 TICK 600330.SSE 天通股份 27.60 (-3.87%)
2026-05-21 14:44:49,980 [INFO] paper-strat: 📊 TICK 600021.SSE 上海电力 17.98 (-3.75%)
2026-05-21 14:44:55,250 [INFO] paper-strat: 📊 TICK 000899.SZSE 赣能股份 12.93 (-3.65%)
2026-05-21 14:44:55,251 [INFO] paper-strat: 📊 TICK 301120.SZSE 新特电气 23.10 (-5.41%)
2026-05-21 14:44:55,253 [INFO] paper-strat: 📊 TICK 002156.SZSE 通富微电 62.03 (-0.40%)
2026-05-21 14:44:55,253 [INFO] paper-strat: 📊 TICK 002709.SZSE 天赐材料 57.93 (-0.12%)
2026-05-21 14:44:55,254 [INFO] paper-strat: 📊 TICK 601222.SSE 林洋能源 6.34 (-4.37%)
2026-05-21 14:44:55,255 [INFO] paper-strat: 📊 TICK 600310.SSE 广西能源 5.13 (+1.18%)
2026-05-21 14:44:55,255 [INFO] paper-strat: 📊 TICK 001896.SZSE 豫能控股 16.19 (+8.80%)
2026-05-21 14:44:55,255 [INFO] paper-strat: 📊 TICK 600330.SSE 天通股份 27.61 (-3.83%)
2026-05-21 14:44:55,257 [INFO] paper-strat: 📊 TICK 002428.SZSE 云南锗业 84.76 (-6.86%)
2026-05-21 14:44:55,257 [INFO] paper-strat: 📊 TICK 600021.SSE 上海电力 17.99 (-3.69%)
2026-05-21 14:44:55,258 [INFO] paper-strat: 📊 TICK 603986.SSE 兆易创新 432.65 (-2.78%)
2026-05-21 14:44:56,499 [INFO] paper-strat:    获得 22 只均量
2026-05-21 14:44:56,500 [INFO] paper-strat:    样本: [('600330', 161505312.0), ('002453', 30430770.8), ('603601', 209585470.0)]
2026-05-21 14:44:56,505 [INFO] paper-strat: [MainEngine] 订阅行情 -> AKSHARE：SubscribeRequest(symbol='600330', exchange=<Exchange.SSE: 'SSE'>)
2026-05-21 14:44:56,506 [INFO] paper-strat: [AKSHARE] 订阅 600330.SSE (累计 22 只)
2026-05-21 14:44:56,511 [INFO] paper-strat: [MainEngine] 订阅行情 -> AKSHARE：SubscribeRequest(symbol='002453', exchange=<Exchange.SZSE: 'SZSE'>)
2026-05-21 14:44:56,511 [INFO] paper-strat: [AKSHARE] 订阅 002453.SZSE (累计 22 只)
2026-05-21 14:44:56,515 [INFO] paper-strat: [MainEngine] 订阅行情 -> AKSHARE：SubscribeRequest(symbol='603601', exchange=<Exchange.SSE: 'SSE'>)
2026-05-21 14:44:56,515 [INFO] paper-strat: [AKSHARE] 订阅 603601.SSE (累计 22 只)
2026-05-21 14:44:56,520 [INFO] paper-strat: [MainEngine] 订阅行情 -> AKSHARE：SubscribeRequest(symbol='002428', exchange=<Exchange.SZSE: 'SZSE'>)
2026-05-21 14:44:56,521 [INFO] paper-strat: [AKSHARE] 订阅 002428.SZSE (累计 22 只)
2026-05-21 14:44:56,524 [INFO] paper-strat: [MainEngine] 订阅行情 -> AKSHARE：SubscribeRequest(symbol='600130', exchange=<Exchange.SSE: 'SSE'>)
2026-05-21 14:44:56,526 [INFO] paper-strat: [AKSHARE] 订阅 600130.SSE (累计 22 只)
2026-05-21 14:44:56,528 [INFO] paper-strat: [MainEngine] 订阅行情 -> AKSHARE：SubscribeRequest(symbol='603178', exchange=<Exchange.SSE: 'SSE'>)
2026-05-21 14:44:56,530 [INFO] paper-strat: [AKSHARE] 订阅 603178.SSE (累计 22 只)
2026-05-21 14:44:56,533 [INFO] paper-strat: [MainEngine] 订阅行情 -> AKSHARE：SubscribeRequest(symbol='603986', exchange=<Exchange.SSE: 'SSE'>)
2026-05-21 14:44:56,534 [INFO] paper-strat: [AKSHARE] 订阅 603986.SSE (累计 22 只)
2026-05-21 14:44:56,538 [INFO] paper-strat: [MainEngine] 订阅行情 -> AKSHARE：SubscribeRequest(symbol='301120', exchange=<Exchange.SZSE: 'SZSE'>)
2026-05-21 14:44:56,539 [INFO] paper-strat: [AKSHARE] 订阅 301120.SZSE (累计 22 只)
2026-05-21 14:44:56,542 [INFO] paper-strat: [MainEngine] 订阅行情 -> AKSHARE：SubscribeRequest(symbol='301179', exchange=<Exchange.SZSE: 'SZSE'>)
2026-05-21 14:44:56,543 [INFO] paper-strat: [AKSHARE] 订阅 301179.SZSE (累计 22 只)
2026-05-21 14:44:56,547 [INFO] paper-strat: [MainEngine] 订阅行情 -> AKSHARE：SubscribeRequest(symbol='600021', exchange=<Exchange.SSE: 'SSE'>)
2026-05-21 14:44:56,548 [INFO] paper-strat: [AKSHARE] 订阅 600021.SSE (累计 22 只)
2026-05-21 14:44:56,552 [INFO] paper-strat: [MainEngine] 订阅行情 -> AKSHARE：SubscribeRequest(symbol='000600', exchange=<Exchange.SZSE: 'SZSE'>)
2026-05-21 14:44:56,553 [INFO] paper-strat: [AKSHARE] 订阅 000600.SZSE (累计 22 只)
2026-05-21 14:44:56,556 [INFO] paper-strat: [MainEngine] 订阅行情 -> AKSHARE：SubscribeRequest(symbol='002067', exchange=<Exchange.SZSE: 'SZSE'>)
2026-05-21 14:44:56,557 [INFO] paper-strat: [AKSHARE] 订阅 002067.SZSE (累计 22 只)
2026-05-21 14:44:56,561 [INFO] paper-strat: [MainEngine] 订阅行情 -> AKSHARE：SubscribeRequest(symbol='000899', exchange=<Exchange.SZSE: 'SZSE'>)
2026-05-21 14:44:56,563 [INFO] paper-strat: [AKSHARE] 订阅 000899.SZSE (累计 22 只)
2026-05-21 14:44:56,565 [INFO] paper-strat: [MainEngine] 订阅行情 -> AKSHARE：SubscribeRequest(symbol='001896', exchange=<Exchange.SZSE: 'SZSE'>)
2026-05-21 14:44:56,566 [INFO] paper-strat: [AKSHARE] 订阅 001896.SZSE (累计 22 只)
2026-05-21 14:44:56,569 [INFO] paper-strat: [MainEngine] 订阅行情 -> AKSHARE：SubscribeRequest(symbol='600310', exchange=<Exchange.SSE: 'SSE'>)
2026-05-21 14:44:56,571 [INFO] paper-strat: [AKSHARE] 订阅 600310.SSE (累计 22 只)
2026-05-21 14:44:56,574 [INFO] paper-strat: [MainEngine] 订阅行情 -> AKSHARE：SubscribeRequest(symbol='601222', exchange=<Exchange.SSE: 'SSE'>)
2026-05-21 14:44:56,575 [INFO] paper-strat: [AKSHARE] 订阅 601222.SSE (累计 22 只)
2026-05-21 14:44:56,578 [INFO] paper-strat: [MainEngine] 订阅行情 -> AKSHARE：SubscribeRequest(symbol='600863', exchange=<Exchange.SSE: 'SSE'>)
2026-05-21 14:44:56,580 [INFO] paper-strat: [AKSHARE] 订阅 600863.SSE (累计 22 只)
2026-05-21 14:44:56,583 [INFO] paper-strat: [MainEngine] 订阅行情 -> AKSHARE：SubscribeRequest(symbol='605006', exchange=<Exchange.SSE: 'SSE'>)
2026-05-21 14:44:56,584 [INFO] paper-strat: [AKSHARE] 订阅 605006.SSE (累计 22 只)
2026-05-21 14:44:56,588 [INFO] paper-strat: [MainEngine] 订阅行情 -> AKSHARE：SubscribeRequest(symbol='603757', exchange=<Exchange.SSE: 'SSE'>)
2026-05-21 14:44:56,588 [INFO] paper-strat: [AKSHARE] 订阅 603757.SSE (累计 22 只)
2026-05-21 14:44:56,593 [INFO] paper-strat: [MainEngine] 订阅行情 -> AKSHARE：SubscribeRequest(symbol='002156', exchange=<Exchange.SZSE: 'SZSE'>)
2026-05-21 14:44:56,594 [INFO] paper-strat: [AKSHARE] 订阅 002156.SZSE (累计 22 只)
2026-05-21 14:44:56,597 [INFO] paper-strat: [MainEngine] 订阅行情 -> AKSHARE：SubscribeRequest(symbol='002709', exchange=<Exchange.SZSE: 'SZSE'>)
2026-05-21 14:44:56,599 [INFO] paper-strat: [AKSHARE] 订阅 002709.SZSE (累计 22 只)
2026-05-21 14:44:56,603 [INFO] paper-strat: [MainEngine] 订阅行情 -> AKSHARE：SubscribeRequest(symbol='002149', exchange=<Exchange.SZSE: 'SZSE'>)
2026-05-21 14:44:56,604 [INFO] paper-strat: [AKSHARE] 订阅 002149.SZSE (累计 22 只)
2026-05-21 14:44:58,502 [INFO] paper-strat: 🚀 全部 22 个策略已启动
2026-05-21 14:44:58,502 [INFO] paper-strat: limited mode: 1231s 后退出
2026-05-21 14:45:00,517 [INFO] paper-strat: 📊 TICK 301120.SZSE 新特电气 23.09 (-5.45%)
2026-05-21 14:45:00,518 [INFO] paper-strat: 📊 TICK 002156.SZSE 通富微电 62.10 (-0.29%)
2026-05-21 14:45:00,519 [INFO] paper-strat: 📊 TICK 002709.SZSE 天赐材料 57.99 (-0.02%)
2026-05-21 14:45:00,519 [INFO] paper-strat: 📊 TICK 601222.SSE 林洋能源 6.35 (-4.22%)
2026-05-21 14:45:00,520 [INFO] paper-strat: 📊 TICK 002453.SZSE 华软科技 5.71 (-5.46%)
2026-05-21 14:45:00,524 [INFO] paper-strat: 📊 TICK 002149.SZSE 西部材料 69.80 (+1.03%)
2026-05-21 14:45:00,525 [INFO] paper-strat: 📊 TICK 600310.SSE 广西能源 5.12 (+0.99%)
2026-05-21 14:45:00,526 [INFO] paper-strat: 📊 TICK 603178.SSE 圣龙股份 19.81 (-7.34%)
2026-05-21 14:45:00,526 [INFO] paper-strat: 📊 TICK 600330.SSE 天通股份 27.60 (-3.87%)
2026-05-21 14:45:00,530 [INFO] paper-strat: 📊 TICK 002067.SZSE 景兴纸业 5.25 (+3.14%)
2026-05-21 14:45:00,531 [INFO] paper-strat: 📊 TICK 002428.SZSE 云南锗业 84.78 (-6.84%)
2026-05-21 14:45:00,531 [INFO] paper-strat: 📊 TICK 603986.SSE 兆易创新 432.57 (-2.80%)
2026-05-21 14:45:05,766 [INFO] paper-strat: 📊 TICK 000899.SZSE 赣能股份 12.94 (-3.58%)
2026-05-21 14:45:05,770 [INFO] paper-strat: 📊 TICK 002156.SZSE 通富微电 62.14 (-0.22%)
2026-05-21 14:45:05,771 [INFO] paper-strat: 📊 TICK 605006.SSE 山东玻纤 14.30 (-0.49%)
2026-05-21 14:45:05,772 [INFO] paper-strat: 📊 TICK 301179.SZSE 泽宇智能 24.64 (-7.02%)
2026-05-21 14:45:05,773 [INFO] paper-strat: 📊 TICK 000600.SZSE 建投能源 10.15 (-0.10%)
2026-05-21 14:45:05,773 [INFO] paper-strat: 📊 TICK 600330.SSE 天通股份 27.61 (-3.83%)
2026-05-21 14:45:05,778 [INFO] paper-strat: 📊 TICK 002067.SZSE 景兴纸业 5.24 (+2.95%)
2026-05-21 14:45:05,779 [INFO] paper-strat: 📊 TICK 002428.SZSE 云南锗业 84.80 (-6.81%)
2026-05-21 14:45:05,779 [INFO] paper-strat: 📊 TICK 603986.SSE 兆易创新 432.60 (-2.79%)
2026-05-21 14:45:11,024 [INFO] paper-strat: 📊 TICK 000899.SZSE 赣能股份 12.92 (-3.73%)
2026-05-21 14:45:11,029 [INFO] paper-strat: 📊 TICK 301120.SZSE 新特电气 23.12 (-5.32%)
2026-05-21 14:45:11,030 [INFO] paper-strat: 📊 TICK 002156.SZSE 通富微电 62.19 (-0.14%)
2026-05-21 14:45:11,031 [INFO] paper-strat: 📊 TICK 002709.SZSE 天赐材料 58.00 (+0.00%)
2026-05-21 14:45:11,032 [INFO] paper-strat: 📊 TICK 601222.SSE 林洋能源 6.36 (-4.07%)
2026-05-21 14:45:11,032 [INFO] paper-strat: 📊 TICK 002453.SZSE 华软科技 5.72 (-5.30%)
2026-05-21 14:45:11,033 [INFO] paper-strat: 📊 TICK 301179.SZSE 泽宇智能 24.65 (-6.98%)
2026-05-21 14:45:11,037 [INFO] paper-strat: 📊 TICK 600310.SSE 广西能源 5.13 (+1.18%)
2026-05-21 14:45:11,039 [INFO] paper-strat: 📊 TICK 001896.SZSE 豫能控股 16.18 (+8.74%)
2026-05-21 14:45:11,042 [INFO] paper-strat: 📊 TICK 002067.SZSE 景兴纸业 5.23 (+2.75%)
2026-05-21 14:45:11,044 [INFO] paper-strat: 📊 TICK 002428.SZSE 云南锗业 84.85 (-6.76%)
2026-05-21 14:45:11,044 [INFO] paper-strat: 📊 TICK 600021.SSE 上海电力 18.00 (-3.64%)
2026-05-21 14:45:11,044 [INFO] paper-strat: 📊 TICK 603986.SSE 兆易创新 432.61 (-2.79%)
2026-05-21 14:45:11,045 [INFO] paper-strat: 📊 TICK 603601.SSE 再升科技 17.71 (+0.62%)
2026-05-21 14:45:13,504 [INFO] paper-strat: ♥ 心跳 | 策略 22 个 | tick 22
2026-05-21 14:45:16,260 [INFO] paper-strat: 📊 TICK 301120.SZSE 新特电气 23.16 (-5.16%)
2026-05-21 14:45:16,262 [INFO] paper-strat: 📊 TICK 002156.SZSE 通富微电 62.48 (+0.32%)
2026-05-21 14:45:16,262 [INFO] paper-strat: 📊 TICK 002709.SZSE 天赐材料 58.07 (+0.12%)
2026-05-21 14:45:16,263 [INFO] paper-strat: 📊 TICK 601222.SSE 林洋能源 6.35 (-4.22%)
2026-05-21 14:45:16,266 [INFO] paper-strat: 📊 TICK 002149.SZSE 西部材料 69.81 (+1.04%)
2026-05-21 14:45:16,266 [INFO] paper-strat: 📊 TICK 001896.SZSE 豫能控股 16.19 (+8.80%)
2026-05-21 14:45:16,267 [INFO] paper-strat: 📊 TICK 603178.SSE 圣龙股份 19.85 (-7.16%)
2026-05-21 14:45:16,268 [INFO] paper-strat: 📊 TICK 600330.SSE 天通股份 27.72 (-3.45%)
2026-05-21 14:45:16,272 [INFO] paper-strat: 📊 TICK 002067.SZSE 景兴纸业 5.24 (+2.95%)
2026-05-21 14:45:16,273 [INFO] paper-strat: 📊 TICK 002428.SZSE 云南锗业 84.99 (-6.60%)
2026-05-21 14:45:16,273 [INFO] paper-strat: 📊 TICK 600863.SSE 华能蒙电 5.53 (+2.79%)
2026-05-21 14:45:16,274 [INFO] paper-strat: 📊 TICK 600021.SSE 上海电力 17.99 (-3.69%)
2026-05-21 14:45:16,274 [INFO] paper-strat: 📊 TICK 603986.SSE 兆易创新 433.01 (-2.70%)
2026-05-21 14:45:21,491 [INFO] paper-strat: 📊 TICK 000899.SZSE 赣能股份 12.91 (-3.80%)
2026-05-21 14:45:21,495 [INFO] paper-strat: 📊 TICK 301120.SZSE 新特电气 23.18 (-5.08%)
2026-05-21 14:45:21,495 [INFO] paper-strat: 📊 TICK 002156.SZSE 通富微电 62.27 (-0.02%)
2026-05-21 14:45:21,497 [INFO] paper-strat: 📊 TICK 002709.SZSE 天赐材料 58.06 (+0.10%)
2026-05-21 14:45:21,497 [INFO] paper-strat: 📊 TICK 605006.SSE 山东玻纤 14.32 (-0.35%)
2026-05-21 14:45:21,498 [INFO] paper-strat: 📊 TICK 301179.SZSE 泽宇智能 24.71 (-6.75%)
2026-05-21 14:45:21,501 [INFO] paper-strat: 📊 TICK 000600.SZSE 建投能源 10.16 (+0.00%)
2026-05-21 14:45:21,501 [INFO] paper-strat: 📊 TICK 002149.SZSE 西部材料 69.82 (+1.06%)
2026-05-21 14:45:21,503 [INFO] paper-strat: 📊 TICK 001896.SZSE 豫能控股 16.20 (+8.87%)
2026-05-21 14:45:21,503 [INFO] paper-strat: 📊 TICK 600330.SSE 天通股份 27.63 (-3.76%)
2026-05-21 14:45:21,507 [INFO] paper-strat: 📊 TICK 002067.SZSE 景兴纸业 5.23 (+2.75%)
2026-05-21 14:45:21,507 [INFO] paper-strat: 📊 TICK 002428.SZSE 云南锗业 84.94 (-6.66%)
2026-05-21 14:45:21,507 [INFO] paper-strat: 📊 TICK 600863.SSE 华能蒙电 5.54 (+2.97%)
2026-05-21 14:45:21,508 [INFO] paper-strat: 📊 TICK 600021.SSE 上海电力 17.98 (-3.75%)
2026-05-21 14:45:21,508 [INFO] paper-strat: 📊 TICK 603986.SSE 兆易创新 433.19 (-2.66%)
2026-05-21 14:45:21,510 [INFO] paper-strat: 📊 TICK 603601.SSE 再升科技 17.72 (+0.68%)
2026-05-21 14:45:26,716 [INFO] paper-strat: 📊 TICK 000899.SZSE 赣能股份 12.93 (-3.65%)
2026-05-21 14:45:26,720 [INFO] paper-strat: 📊 TICK 301120.SZSE 新特电气 23.19 (-5.04%)
2026-05-21 14:45:26,721 [INFO] paper-strat: 📊 TICK 002156.SZSE 通富微电 62.37 (+0.14%)
2026-05-21 14:45:26,722 [INFO] paper-strat: 📊 TICK 002709.SZSE 天赐材料 58.10 (+0.17%)
2026-05-21 14:45:26,722 [INFO] paper-strat: 📊 TICK 301179.SZSE 泽宇智能 24.67 (-6.91%)
2026-05-21 14:45:26,725 [INFO] paper-strat: 📊 TICK 002149.SZSE 西部材料 69.83 (+1.07%)
2026-05-21 14:45:26,726 [INFO] paper-strat: 📊 TICK 600330.SSE 天通股份 27.70 (-3.52%)
2026-05-21 14:45:26,729 [INFO] paper-strat: 📊 TICK 002067.SZSE 景兴纸业 5.24 (+2.95%)
2026-05-21 14:45:26,730 [INFO] paper-strat: 📊 TICK 002428.SZSE 云南锗业 84.92 (-6.68%)
2026-05-21 14:45:26,730 [INFO] paper-strat: 📊 TICK 603986.SSE 兆易创新 433.65 (-2.55%)
2026-05-21 14:45:28,506 [INFO] paper-strat: ♥ 心跳 | 策略 22 个 | tick 22
2026-05-21 14:45:31,944 [INFO] paper-strat: 📊 TICK 000899.SZSE 赣能股份 12.92 (-3.73%)
2026-05-21 14:45:31,948 [INFO] paper-strat: 📊 TICK 002156.SZSE 通富微电 62.45 (+0.27%)
2026-05-21 14:45:31,949 [INFO] paper-strat: 📊 TICK 002709.SZSE 天赐材料 58.13 (+0.22%)
2026-05-21 14:45:31,950 [INFO] paper-strat: 📊 TICK 601222.SSE 林洋能源 6.34 (-4.37%)
2026-05-21 14:45:31,951 [INFO] paper-strat: 📊 TICK 002453.SZSE 华软科技 5.71 (-5.46%)
2026-05-21 14:45:31,951 [INFO] paper-strat: 📊 TICK 605006.SSE 山东玻纤 14.33 (-0.28%)
2026-05-21 14:45:31,952 [INFO] paper-strat: 📊 TICK 301179.SZSE 泽宇智能 24.68 (-6.87%)
2026-05-21 14:45:31,955 [INFO] paper-strat: 📊 TICK 000600.SZSE 建投能源 10.15 (-0.10%)
2026-05-21 14:45:31,955 [INFO] paper-strat: 📊 TICK 002149.SZSE 西部材料 69.84 (+1.09%)
2026-05-21 14:45:31,956 [INFO] paper-strat: 📊 TICK 600330.SSE 天通股份 27.71 (-3.48%)
2026-05-21 14:45:31,959 [INFO] paper-strat: 📊 TICK 600021.SSE 上海电力 17.97 (-3.80%)
2026-05-21 14:45:31,961 [INFO] paper-strat: 📊 TICK 603986.SSE 兆易创新 433.89 (-2.50%)
2026-05-21 14:45:37,175 [INFO] paper-strat: 📊 TICK 002156.SZSE 通富微电 62.36 (+0.13%)
2026-05-21 14:45:37,176 [INFO] paper-strat: 📊 TICK 601222.SSE 林洋能源 6.35 (-4.22%)
2026-05-21 14:45:37,176 [INFO] paper-strat: 📊 TICK 301179.SZSE 泽宇智能 24.73 (-6.68%)
2026-05-21 14:45:37,179 [INFO] paper-strat: 📊 TICK 000600.SZSE 建投能源 10.16 (+0.00%)
2026-05-21 14:45:37,180 [INFO] paper-strat: 📊 TICK 002149.SZSE 西部材料 69.83 (+1.07%)
2026-05-21 14:45:37,180 [INFO] paper-strat: 📊 TICK 600310.SSE 广西能源 5.14 (+1.38%)
2026-05-21 14:45:37,182 [INFO] paper-strat: 📊 TICK 603178.SSE 圣龙股份 19.90 (-6.92%)
2026-05-21 14:45:37,184 [INFO] paper-strat: 📊 TICK 002428.SZSE 云南锗业 84.91 (-6.69%)
2026-05-21 14:45:37,185 [INFO] paper-strat: 📊 TICK 600021.SSE 上海电力 17.98 (-3.75%)
2026-05-21 14:45:37,185 [INFO] paper-strat: 📊 TICK 603986.SSE 兆易创新 434.02 (-2.47%)
2026-05-21 14:45:37,187 [INFO] paper-strat: 📊 TICK 603601.SSE 再升科技 17.73 (+0.74%)
2026-05-21 14:45:42,406 [INFO] paper-strat: 📊 TICK 002709.SZSE 天赐材料 58.16 (+0.28%)
2026-05-21 14:45:42,408 [INFO] paper-strat: 📊 TICK 601222.SSE 林洋能源 6.36 (-4.07%)
2026-05-21 14:45:42,409 [INFO] paper-strat: 📊 TICK 605006.SSE 山东玻纤 14.34 (-0.21%)
2026-05-21 14:45:42,409 [INFO] paper-strat: 📊 TICK 301179.SZSE 泽宇智能 24.68 (-6.87%)
2026-05-21 14:45:42,412 [INFO] paper-strat: 📊 TICK 603178.SSE 圣龙股份 19.92 (-6.83%)
2026-05-21 14:45:42,415 [INFO] paper-strat: 📊 TICK 002428.SZSE 云南锗业 84.93 (-6.67%)
2026-05-21 14:45:42,416 [INFO] paper-strat: 📊 TICK 600863.SSE 华能蒙电 5.53 (+2.79%)
2026-05-21 14:45:42,416 [INFO] paper-strat: 📊 TICK 600021.SSE 上海电力 17.97 (-3.80%)
2026-05-21 14:45:42,417 [INFO] paper-strat: 📊 TICK 603986.SSE 兆易创新 433.99 (-2.48%)
2026-05-21 14:45:42,418 [INFO] paper-strat: 📊 TICK 603601.SSE 再升科技 17.74 (+0.80%)
2026-05-21 14:45:43,507 [INFO] paper-strat: ♥ 心跳 | 策略 22 个 | tick 22
2026-05-21 14:45:47,687 [INFO] paper-strat: 📊 TICK 002156.SZSE 通富微电 62.27 (-0.02%)
2026-05-21 14:45:47,687 [INFO] paper-strat: 📊 TICK 002709.SZSE 天赐材料 58.14 (+0.24%)
2026-05-21 14:45:47,688 [INFO] paper-strat: 📊 TICK 601222.SSE 林洋能源 6.35 (-4.22%)
2026-05-21 14:45:47,688 [INFO] paper-strat: 📊 TICK 002453.SZSE 华软科技 5.72 (-5.30%)
2026-05-21 14:45:47,692 [INFO] paper-strat: 📊 TICK 002149.SZSE 西部材料 69.87 (+1.13%)
2026-05-21 14:45:47,693 [INFO] paper-strat: 📊 TICK 001896.SZSE 豫能控股 16.21 (+8.94%)
2026-05-21 14:45:47,693 [INFO] paper-strat: 📊 TICK 600330.SSE 天通股份 27.69 (-3.55%)
2026-05-21 14:45:47,696 [INFO] paper-strat: 📊 TICK 002428.SZSE 云南锗业 84.92 (-6.68%)
2026-05-21 14:45:47,697 [INFO] paper-strat: 📊 TICK 600863.SSE 华能蒙电 5.54 (+2.97%)
2026-05-21 14:45:47,697 [INFO] paper-strat: 📊 TICK 600021.SSE 上海电力 17.98 (-3.75%)
2026-05-21 14:45:47,699 [INFO] paper-strat: 📊 TICK 603986.SSE 兆易创新 433.26 (-2.64%)
2026-05-21 14:45:52,928 [INFO] paper-strat: 📊 TICK 301120.SZSE 新特电气 23.20 (-5.00%)
2026-05-21 14:45:52,930 [INFO] paper-strat: 📊 TICK 002709.SZSE 天赐材料 58.06 (+0.10%)
2026-05-21 14:45:52,931 [INFO] paper-strat: 📊 TICK 601222.SSE 林洋能源 6.34 (-4.37%)
2026-05-21 14:45:52,933 [INFO] paper-strat: 📊 TICK 000600.SZSE 建投能源 10.15 (-0.10%)
2026-05-21 14:45:52,935 [INFO] paper-strat: 📊 TICK 002149.SZSE 西部材料 69.88 (+1.14%)
2026-05-21 14:45:52,936 [INFO] paper-strat: 📊 TICK 600310.SSE 广西能源 5.13 (+1.18%)
2026-05-21 14:45:52,936 [INFO] paper-strat: 📊 TICK 001896.SZSE 豫能控股 16.20 (+8.87%)
2026-05-21 14:45:52,936 [INFO] paper-strat: 📊 TICK 600330.SSE 天通股份 27.67 (-3.62%)
2026-05-21 14:45:52,938 [INFO] paper-strat: 📊 TICK 002428.SZSE 云南锗业 84.84 (-6.77%)
2026-05-21 14:45:52,940 [INFO] paper-strat: 📊 TICK 600021.SSE 上海电力 17.97 (-3.80%)
2026-05-21 14:45:52,940 [INFO] paper-strat: 📊 TICK 603986.SSE 兆易创新 433.98 (-2.48%)
2026-05-21 14:45:52,941 [INFO] paper-strat: 📊 TICK 603601.SSE 再升科技 17.75 (+0.85%)
2026-05-21 14:45:58,188 [INFO] paper-strat: 📊 TICK 301120.SZSE 新特电气 23.19 (-5.04%)
2026-05-21 14:45:58,189 [INFO] paper-strat: 📊 TICK 002156.SZSE 通富微电 62.28 (+0.00%)
2026-05-21 14:45:58,189 [INFO] paper-strat: 📊 TICK 002709.SZSE 天赐材料 58.00 (+0.00%)
2026-05-21 14:45:58,189 [INFO] paper-strat: 📊 TICK 605006.SSE 山东玻纤 14.31 (-0.42%)
2026-05-21 14:45:58,193 [INFO] paper-strat: 📊 TICK 002149.SZSE 西部材料 69.89 (+1.16%)
2026-05-21 14:45:58,194 [INFO] paper-strat: 📊 TICK 001896.SZSE 豫能控股 16.21 (+8.94%)
2026-05-21 14:45:58,194 [INFO] paper-strat: 📊 TICK 603178.SSE 圣龙股份 19.93 (-6.78%)
2026-05-21 14:45:58,196 [INFO] paper-strat: 📊 TICK 600330.SSE 天通股份 27.65 (-3.69%)
2026-05-21 14:45:58,198 [INFO] paper-strat: 📊 TICK 002067.SZSE 景兴纸业 5.25 (+3.14%)
2026-05-21 14:45:58,200 [INFO] paper-strat: 📊 TICK 002428.SZSE 云南锗业 84.81 (-6.80%)
2026-05-21 14:45:58,201 [INFO] paper-strat: 📊 TICK 600021.SSE 上海电力 17.98 (-3.75%)
2026-05-21 14:45:58,201 [INFO] paper-strat: 📊 TICK 603986.SSE 兆易创新 433.88 (-2.50%)
2026-05-21 14:45:58,508 [INFO] paper-strat: ♥ 心跳 | 策略 22 个 | tick 22
2026-05-21 14:46:03,423 [INFO] paper-strat: 📊 TICK 000899.SZSE 赣能股份 12.91 (-3.80%)
2026-05-21 14:46:03,426 [INFO] paper-strat: 📊 TICK 301120.SZSE 新特电气 23.17 (-5.12%)
2026-05-21 14:46:03,428 [INFO] paper-strat: 📊 TICK 002156.SZSE 通富微电 62.32 (+0.06%)
2026-05-21 14:46:03,429 [INFO] paper-strat: 📊 TICK 002709.SZSE 天赐材料 58.01 (+0.02%)
2026-05-21 14:46:03,429 [INFO] paper-strat: 📊 TICK 002453.SZSE 华软科技 5.70 (-5.63%)
2026-05-21 14:46:03,430 [INFO] paper-strat: 📊 TICK 301179.SZSE 泽宇智能 24.66 (-6.94%)
2026-05-21 14:46:03,433 [INFO] paper-strat: 📊 TICK 603178.SSE 圣龙股份 19.95 (-6.69%)
2026-05-21 14:46:03,434 [INFO] paper-strat: 📊 TICK 600330.SSE 天通股份 27.62 (-3.80%)
2026-05-21 14:46:03,437 [INFO] paper-strat: 📊 TICK 002428.SZSE 云南锗业 84.79 (-6.82%)
2026-05-21 14:46:03,439 [INFO] paper-strat: 📊 TICK 600021.SSE 上海电力 17.97 (-3.80%)
2026-05-21 14:46:03,439 [INFO] paper-strat: 📊 TICK 603601.SSE 再升科技 17.76 (+0.91%)
2026-05-21 14:46:08,696 [INFO] paper-strat: 📊 TICK 301120.SZSE 新特电气 23.19 (-5.04%)
2026-05-21 14:46:08,696 [INFO] paper-strat: 📊 TICK 002709.SZSE 天赐材料 58.10 (+0.17%)
2026-05-21 14:46:08,697 [INFO] paper-strat: 📊 TICK 002453.SZSE 华软科技 5.71 (-5.46%)
2026-05-21 14:46:08,700 [INFO] paper-strat: 📊 TICK 002149.SZSE 西部材料 69.90 (+1.17%)
2026-05-21 14:46:08,701 [INFO] paper-strat: 📊 TICK 600310.SSE 广西能源 5.14 (+1.38%)
2026-05-21 14:46:08,702 [INFO] paper-strat: 📊 TICK 603178.SSE 圣龙股份 19.94 (-6.74%)
2026-05-21 14:46:08,705 [INFO] paper-strat: 📊 TICK 002067.SZSE 景兴纸业 5.24 (+2.95%)
2026-05-21 14:46:08,706 [INFO] paper-strat: 📊 TICK 002428.SZSE 云南锗业 84.73 (-6.89%)
2026-05-21 14:46:08,706 [INFO] paper-strat: 📊 TICK 600021.SSE 上海电力 17.98 (-3.75%)
2026-05-21 14:46:08,708 [INFO] paper-strat: 📊 TICK 603986.SSE 兆易创新 434.02 (-2.47%)
2026-05-21 14:46:13,510 [INFO] paper-strat: ♥ 心跳 | 策略 22 个 | tick 22
2026-05-21 14:46:13,932 [INFO] paper-strat: 📊 TICK 301120.SZSE 新特电气 23.18 (-5.08%)
2026-05-21 14:46:13,932 [INFO] paper-strat: 📊 TICK 002156.SZSE 通富微电 62.25 (-0.05%)
2026-05-21 14:46:13,934 [INFO] paper-strat: 📊 TICK 002453.SZSE 华软科技 5.70 (-5.63%)
2026-05-21 14:46:13,934 [INFO] paper-strat: 📊 TICK 301179.SZSE 泽宇智能 24.65 (-6.98%)
2026-05-21 14:46:13,937 [INFO] paper-strat: 📊 TICK 002149.SZSE 西部材料 69.91 (+1.19%)
2026-05-21 14:46:13,938 [INFO] paper-strat: 📊 TICK 001896.SZSE 豫能控股 16.26 (+9.27%)
2026-05-21 14:46:13,938 [INFO] paper-strat: 📊 TICK 603178.SSE 圣龙股份 19.93 (-6.78%)
2026-05-21 14:46:13,941 [INFO] paper-strat: 📊 TICK 002428.SZSE 云南锗业 84.72 (-6.90%)
2026-05-21 14:46:13,942 [INFO] paper-strat: 📊 TICK 603986.SSE 兆易创新 434.06 (-2.46%)
2026-05-21 14:46:19,172 [INFO] paper-strat: 📊 TICK 301120.SZSE 新特电气 23.17 (-5.12%)
2026-05-21 14:46:19,173 [INFO] paper-strat: 📊 TICK 002156.SZSE 通富微电 62.16 (-0.19%)
2026-05-21 14:46:19,173 [INFO] paper-strat: 📊 TICK 002709.SZSE 天赐材料 58.09 (+0.16%)
2026-05-21 14:46:19,174 [INFO] paper-strat: 📊 TICK 002453.SZSE 华软科技 5.71 (-5.46%)
2026-05-21 14:46:19,174 [INFO] paper-strat: 📊 TICK 605006.SSE 山东玻纤 14.30 (-0.49%)
2026-05-21 14:46:19,174 [INFO] paper-strat: 📊 TICK 301179.SZSE 泽宇智能 24.64 (-7.02%)
2026-05-21 14:46:19,178 [INFO] paper-strat: 📊 TICK 000600.SZSE 建投能源 10.14 (-0.20%)
2026-05-21 14:46:19,178 [INFO] paper-strat: 📊 TICK 002149.SZSE 西部材料 69.92 (+1.20%)
2026-05-21 14:46:19,180 [INFO] paper-strat: 📊 TICK 600310.SSE 广西能源 5.13 (+1.18%)
2026-05-21 14:46:19,180 [INFO] paper-strat: 📊 TICK 001896.SZSE 豫能控股 16.28 (+9.41%)
2026-05-21 14:46:19,184 [INFO] paper-strat: 📊 TICK 002067.SZSE 景兴纸业 5.25 (+3.14%)
2026-05-21 14:46:19,184 [INFO] paper-strat: 📊 TICK 600021.SSE 上海电力 17.97 (-3.80%)
2026-05-21 14:46:19,185 [INFO] paper-strat: 📊 TICK 603986.SSE 兆易创新 434.02 (-2.47%)
2026-05-21 14:46:24,402 [INFO] paper-strat: 📊 TICK 000899.SZSE 赣能股份 12.92 (-3.73%)
2026-05-21 14:46:24,407 [INFO] paper-strat: 📊 TICK 301120.SZSE 新特电气 23.18 (-5.08%)
2026-05-21 14:46:24,407 [INFO] paper-strat: 📊 TICK 002156.SZSE 通富微电 62.19 (-0.14%)
2026-05-21 14:46:24,409 [INFO] paper-strat: 📊 TICK 002709.SZSE 天赐材料 58.05 (+0.09%)
2026-05-21 14:46:24,409 [INFO] paper-strat: 📊 TICK 605006.SSE 山东玻纤 14.29 (-0.56%)
2026-05-21 14:46:24,410 [INFO] paper-strat: 📊 TICK 301179.SZSE 泽宇智能 24.65 (-6.98%)
2026-05-21 14:46:24,412 [INFO] paper-strat: 📊 TICK 000600.SZSE 建投能源 10.15 (-0.10%)
2026-05-21 14:46:24,414 [INFO] paper-strat: 📊 TICK 603178.SSE 圣龙股份 19.90 (-6.92%)
2026-05-21 14:46:24,414 [INFO] paper-strat: 📊 TICK 600330.SSE 天通股份 27.61 (-3.83%)
2026-05-21 14:46:24,417 [INFO] paper-strat: 📊 TICK 002067.SZSE 景兴纸业 5.24 (+2.95%)
2026-05-21 14:46:24,417 [INFO] paper-strat: 📊 TICK 002428.SZSE 云南锗业 84.70 (-6.92%)
2026-05-21 14:46:24,418 [INFO] paper-strat: 📊 TICK 600021.SSE 上海电力 17.96 (-3.85%)
2026-05-21 14:46:24,418 [INFO] paper-strat: 📊 TICK 603986.SSE 兆易创新 434.06 (-2.46%)
2026-05-21 14:46:28,512 [INFO] paper-strat: ♥ 心跳 | 策略 22 个 | tick 22
2026-05-21 14:46:29,646 [INFO] paper-strat: 📊 TICK 002156.SZSE 通富微电 62.08 (-0.32%)
2026-05-21 14:46:29,648 [INFO] paper-strat: 📊 TICK 002709.SZSE 天赐材料 58.06 (+0.10%)
2026-05-21 14:46:29,649 [INFO] paper-strat: 📊 TICK 601222.SSE 林洋能源 6.35 (-4.22%)
2026-05-21 14:46:29,649 [INFO] paper-strat: 📊 TICK 605006.SSE 山东玻纤 14.28 (-0.63%)
2026-05-21 14:46:29,652 [INFO] paper-strat: 📊 TICK 000600.SZSE 建投能源 10.14 (-0.20%)
2026-05-21 14:46:29,653 [INFO] paper-strat: 📊 TICK 001896.SZSE 豫能控股 16.31 (+9.61%)
2026-05-21 14:46:29,654 [INFO] paper-strat: 📊 TICK 603178.SSE 圣龙股份 19.85 (-7.16%)
2026-05-21 14:46:29,656 [INFO] paper-strat: 📊 TICK 002428.SZSE 云南锗业 84.72 (-6.90%)
2026-05-21 14:46:29,658 [INFO] paper-strat: 📊 TICK 600021.SSE 上海电力 17.97 (-3.80%)
2026-05-21 14:46:29,658 [INFO] paper-strat: 📊 TICK 603986.SSE 兆易创新 433.79 (-2.52%)
2026-05-21 14:46:34,877 [INFO] paper-strat: 📊 TICK 000899.SZSE 赣能股份 12.91 (-3.80%)
2026-05-21 14:46:34,880 [INFO] paper-strat: 📊 TICK 301120.SZSE 新特电气 23.10 (-5.41%)
2026-05-21 14:46:34,881 [INFO] paper-strat: 📊 TICK 002156.SZSE 通富微电 62.04 (-0.39%)
2026-05-21 14:46:34,881 [INFO] paper-strat: 📊 TICK 002709.SZSE 天赐材料 58.05 (+0.09%)
2026-05-21 14:46:34,882 [INFO] paper-strat: 📊 TICK 601222.SSE 林洋能源 6.34 (-4.37%)
2026-05-21 14:46:34,883 [INFO] paper-strat: 📊 TICK 605006.SSE 山东玻纤 14.29 (-0.56%)
2026-05-21 14:46:34,884 [INFO] paper-strat: 📊 TICK 301179.SZSE 泽宇智能 24.62 (-7.09%)
2026-05-21 14:46:34,886 [INFO] paper-strat: 📊 TICK 002149.SZSE 西部材料 69.94 (+1.23%)
2026-05-21 14:46:34,888 [INFO] paper-strat: 📊 TICK 001896.SZSE 豫能控股 16.32 (+9.68%)
2026-05-21 14:46:34,888 [INFO] paper-strat: 📊 TICK 603178.SSE 圣龙股份 19.89 (-6.97%)
2026-05-21 14:46:34,891 [INFO] paper-strat: 📊 TICK 002428.SZSE 云南锗业 84.75 (-6.87%)
2026-05-21 14:46:34,892 [INFO] paper-strat: 📊 TICK 603986.SSE 兆易创新 433.80 (-2.52%)
2026-05-21 14:46:34,892 [INFO] paper-strat: 📊 TICK 603601.SSE 再升科技 17.77 (+0.97%)
2026-05-21 14:46:40,158 [INFO] paper-strat: 📊 TICK 000899.SZSE 赣能股份 12.92 (-3.73%)
2026-05-21 14:46:40,161 [INFO] paper-strat: 📊 TICK 301120.SZSE 新特电气 23.09 (-5.45%)
2026-05-21 14:46:40,161 [INFO] paper-strat: 📊 TICK 002156.SZSE 通富微电 62.05 (-0.37%)
2026-05-21 14:46:40,163 [INFO] paper-strat: 📊 TICK 002709.SZSE 天赐材料 58.07 (+0.12%)
2026-05-21 14:46:40,163 [INFO] paper-strat: 📊 TICK 002453.SZSE 华软科技 5.70 (-5.63%)
2026-05-21 14:46:40,168 [INFO] paper-strat: 📊 TICK 002149.SZSE 西部材料 69.93 (+1.22%)
2026-05-21 14:46:40,169 [INFO] paper-strat: 📊 TICK 600310.SSE 广西能源 5.14 (+1.38%)
2026-05-21 14:46:40,169 [INFO] paper-strat: 📊 TICK 603178.SSE 圣龙股份 19.84 (-7.20%)
2026-05-21 14:46:40,174 [INFO] paper-strat: 📊 TICK 002428.SZSE 云南锗业 84.73 (-6.89%)
2026-05-21 14:46:40,174 [INFO] paper-strat: 📊 TICK 600863.SSE 华能蒙电 5.55 (+3.16%)
2026-05-21 14:46:40,174 [INFO] paper-strat: 📊 TICK 603986.SSE 兆易创新 433.88 (-2.50%)
2026-05-21 14:46:43,514 [INFO] paper-strat: ♥ 心跳 | 策略 22 个 | tick 22
2026-05-21 14:46:45,414 [INFO] paper-strat: 📊 TICK 301120.SZSE 新特电气 23.08 (-5.49%)
2026-05-21 14:46:45,414 [INFO] paper-strat: 📊 TICK 002156.SZSE 通富微电 62.07 (-0.34%)
2026-05-21 14:46:45,416 [INFO] paper-strat: 📊 TICK 002709.SZSE 天赐材料 58.05 (+0.09%)
2026-05-21 14:46:45,416 [INFO] paper-strat: 📊 TICK 605006.SSE 山东玻纤 14.28 (-0.63%)
2026-05-21 14:46:45,419 [INFO] paper-strat: 📊 TICK 002149.SZSE 西部材料 69.95 (+1.24%)
2026-05-21 14:46:45,420 [INFO] paper-strat: 📊 TICK 600310.SSE 广西能源 5.13 (+1.18%)
2026-05-21 14:46:45,420 [INFO] paper-strat: 📊 TICK 600330.SSE 天通股份 27.59 (-3.90%)
2026-05-21 14:46:45,423 [INFO] paper-strat: 📊 TICK 002428.SZSE 云南锗业 84.70 (-6.92%)
2026-05-21 14:46:45,423 [INFO] paper-strat: 📊 TICK 600021.SSE 上海电力 17.98 (-3.75%)
2026-05-21 14:46:45,423 [INFO] paper-strat: 📊 TICK 603986.SSE 兆易创新 433.80 (-2.52%)
2026-05-21 14:46:50,688 [INFO] paper-strat: 📊 TICK 000899.SZSE 赣能股份 12.91 (-3.80%)
2026-05-21 14:46:50,693 [INFO] paper-strat: 📊 TICK 002156.SZSE 通富微电 62.04 (-0.39%)
2026-05-21 14:46:50,693 [INFO] paper-strat: 📊 TICK 002709.SZSE 天赐材料 58.06 (+0.10%)
2026-05-21 14:46:50,693 [INFO] paper-strat: 📊 TICK 301179.SZSE 泽宇智能 24.61 (-7.13%)
2026-05-21 14:46:50,697 [INFO] paper-strat: 📊 TICK 000600.SZSE 建投能源 10.13 (-0.30%)
2026-05-21 14:46:50,698 [INFO] paper-strat: 📊 TICK 002149.SZSE 西部材料 69.93 (+1.22%)
2026-05-21 14:46:50,698 [INFO] paper-strat: 📊 TICK 600310.SSE 广西能源 5.14 (+1.38%)
2026-05-21 14:46:50,698 [INFO] paper-strat: 📊 TICK 603178.SSE 圣龙股份 19.82 (-7.30%)
2026-05-21 14:46:50,702 [INFO] paper-strat: 📊 TICK 600863.SSE 华能蒙电 5.54 (+2.97%)
2026-05-21 14:46:50,702 [INFO] paper-strat: 📊 TICK 600021.SSE 上海电力 17.96 (-3.85%)
2026-05-21 14:46:50,703 [INFO] paper-strat: 📊 TICK 603986.SSE 兆易创新 433.23 (-2.65%)
2026-05-21 14:46:50,703 [INFO] paper-strat: 📊 TICK 603601.SSE 再升科技 17.78 (+1.02%)
2026-05-21 14:46:55,916 [INFO] paper-strat: 📊 TICK 301120.SZSE 新特电气 23.09 (-5.45%)
2026-05-21 14:46:55,918 [INFO] paper-strat: 📊 TICK 002156.SZSE 通富微电 62.02 (-0.42%)
2026-05-21 14:46:55,919 [INFO] paper-strat: 📊 TICK 002709.SZSE 天赐材料 58.05 (+0.09%)
2026-05-21 14:46:55,919 [INFO] paper-strat: 📊 TICK 301179.SZSE 泽宇智能 24.62 (-7.09%)
2026-05-21 14:46:55,923 [INFO] paper-strat: 📊 TICK 001896.SZSE 豫能控股 16.34 (+9.81%)
2026-05-21 14:46:55,926 [INFO] paper-strat: 📊 TICK 002428.SZSE 云南锗业 84.73 (-6.89%)
2026-05-21 14:46:55,927 [INFO] paper-strat: 📊 TICK 600863.SSE 华能蒙电 5.55 (+3.16%)
2026-05-21 14:46:55,927 [INFO] paper-strat: 📊 TICK 600021.SSE 上海电力 17.97 (-3.80%)
2026-05-21 14:46:55,927 [INFO] paper-strat: 📊 TICK 603986.SSE 兆易创新 433.01 (-2.70%)
2026-05-21 14:46:58,516 [INFO] paper-strat: ♥ 心跳 | 策略 22 个 | tick 22
2026-05-21 14:47:01,159 [INFO] paper-strat: 📊 TICK 301120.SZSE 新特电气 23.04 (-5.65%)
2026-05-21 14:47:01,160 [INFO] paper-strat: 📊 TICK 002156.SZSE 通富微电 62.03 (-0.40%)
2026-05-21 14:47:01,160 [INFO] paper-strat: 📊 TICK 002709.SZSE 天赐材料 58.04 (+0.07%)
2026-05-21 14:47:01,162 [INFO] paper-strat: 📊 TICK 605006.SSE 山东玻纤 14.29 (-0.56%)
2026-05-21 14:47:01,162 [INFO] paper-strat: 📊 TICK 301179.SZSE 泽宇智能 24.61 (-7.13%)
2026-05-21 14:47:01,165 [INFO] paper-strat: 📊 TICK 001896.SZSE 豫能控股 16.33 (+9.74%)
2026-05-21 14:47:01,166 [INFO] paper-strat: 📊 TICK 603178.SSE 圣龙股份 19.80 (-7.39%)
2026-05-21 14:47:01,168 [INFO] paper-strat: 📊 TICK 002428.SZSE 云南锗业 84.70 (-6.92%)
2026-05-21 14:47:01,169 [INFO] paper-strat: 📊 TICK 600863.SSE 华能蒙电 5.54 (+2.97%)
2026-05-21 14:47:01,170 [INFO] paper-strat: 📊 TICK 603986.SSE 兆易创新 432.98 (-2.71%)
2026-05-21 14:47:01,170 [INFO] paper-strat: 📊 TICK 603601.SSE 再升科技 17.79 (+1.08%)
2026-05-21 14:47:06,397 [INFO] paper-strat: 📊 TICK 002709.SZSE 天赐材料 58.02 (+0.03%)
2026-05-21 14:47:06,398 [INFO] paper-strat: 📊 TICK 601222.SSE 林洋能源 6.33 (-4.52%)
2026-05-21 14:47:06,398 [INFO] paper-strat: 📊 TICK 002453.SZSE 华软科技 5.71 (-5.46%)
2026-05-21 14:47:06,398 [INFO] paper-strat: 📊 TICK 605006.SSE 山东玻纤 14.27 (-0.70%)
2026-05-21 14:47:06,400 [INFO] paper-strat: 📊 TICK 301179.SZSE 泽宇智能 24.60 (-7.17%)
2026-05-21 14:47:06,402 [INFO] paper-strat: 📊 TICK 000600.SZSE 建投能源 10.12 (-0.39%)
2026-05-21 14:47:06,403 [INFO] paper-strat: 📊 TICK 603178.SSE 圣龙股份 19.85 (-7.16%)
2026-05-21 14:47:06,404 [INFO] paper-strat: 📊 TICK 600330.SSE 天通股份 27.60 (-3.87%)
2026-05-21 14:47:06,407 [INFO] paper-strat: 📊 TICK 002428.SZSE 云南锗业 84.72 (-6.90%)
2026-05-21 14:47:06,407 [INFO] paper-strat: 📊 TICK 600863.SSE 华能蒙电 5.55 (+3.16%)
2026-05-21 14:47:06,407 [INFO] paper-strat: 📊 TICK 600021.SSE 上海电力 17.96 (-3.85%)
2026-05-21 14:47:06,409 [INFO] paper-strat: 📊 TICK 603986.SSE 兆易创新 433.00 (-2.70%)
2026-05-21 14:47:06,409 [INFO] paper-strat: 📊 TICK 603601.SSE 再升科技 17.78 (+1.02%)
2026-05-21 14:47:11,627 [INFO] paper-strat: 📊 TICK 000899.SZSE 赣能股份 12.92 (-3.73%)
2026-05-21 14:47:11,630 [INFO] paper-strat: 📊 TICK 301120.SZSE 新特电气 23.05 (-5.61%)
2026-05-21 14:47:11,632 [INFO] paper-strat: 📊 TICK 002709.SZSE 天赐材料 58.00 (+0.00%)
2026-05-21 14:47:11,632 [INFO] paper-strat: 📊 TICK 002453.SZSE 华软科技 5.70 (-5.63%)
2026-05-21 14:47:11,635 [INFO] paper-strat: 📊 TICK 301179.SZSE 泽宇智能 24.59 (-7.21%)
2026-05-21 14:47:11,637 [INFO] paper-strat: 📊 TICK 002149.SZSE 西部材料 69.94 (+1.23%)
2026-05-21 14:47:11,638 [INFO] paper-strat: 📊 TICK 001896.SZSE 豫能控股 16.31 (+9.61%)
2026-05-21 14:47:11,638 [INFO] paper-strat: 📊 TICK 603178.SSE 圣龙股份 19.87 (-7.06%)
2026-05-21 14:47:11,638 [INFO] paper-strat: 📊 TICK 600330.SSE 天通股份 27.62 (-3.80%)
2026-05-21 14:47:11,643 [INFO] paper-strat: 📊 TICK 002428.SZSE 云南锗业 84.70 (-6.92%)
2026-05-21 14:47:11,644 [INFO] paper-strat: 📊 TICK 600021.SSE 上海电力 17.97 (-3.80%)
2026-05-21 14:47:11,644 [INFO] paper-strat: 📊 TICK 603986.SSE 兆易创新 432.50 (-2.81%)
2026-05-21 14:47:11,645 [INFO] paper-strat: 📊 TICK 603601.SSE 再升科技 17.77 (+0.97%)
2026-05-21 14:47:13,517 [INFO] paper-strat: ♥ 心跳 | 策略 22 个 | tick 22
2026-05-21 14:47:16,873 [INFO] paper-strat: 📊 TICK 002156.SZSE 通富微电 62.05 (-0.37%)
2026-05-21 14:47:16,874 [INFO] paper-strat: 📊 TICK 002709.SZSE 天赐材料 57.97 (-0.05%)
2026-05-21 14:47:16,874 [INFO] paper-strat: 📊 TICK 601222.SSE 林洋能源 6.34 (-4.37%)
2026-05-21 14:47:16,874 [INFO] paper-strat: 📊 TICK 605006.SSE 山东玻纤 14.26 (-0.77%)
2026-05-21 14:47:16,875 [INFO] paper-strat: 📊 TICK 301179.SZSE 泽宇智能 24.58 (-7.25%)
2026-05-21 14:47:16,879 [INFO] paper-strat: 📊 TICK 000600.SZSE 建投能源 10.14 (-0.20%)
2026-05-21 14:47:16,880 [INFO] paper-strat: 📊 TICK 002149.SZSE 西部材料 69.95 (+1.24%)
2026-05-21 14:47:16,880 [INFO] paper-strat: 📊 TICK 001896.SZSE 豫能控股 16.29 (+9.48%)
2026-05-21 14:47:16,881 [INFO] paper-strat: 📊 TICK 600330.SSE 天通股份 27.61 (-3.83%)
2026-05-21 14:47:16,883 [INFO] paper-strat: 📊 TICK 002428.SZSE 云南锗业 84.65 (-6.98%)
2026-05-21 14:47:16,884 [INFO] paper-strat: 📊 TICK 603986.SSE 兆易创新 432.31 (-2.86%)
2026-05-21 14:47:22,145 [INFO] paper-strat: 📊 TICK 000899.SZSE 赣能股份 12.91 (-3.80%)
2026-05-21 14:47:22,149 [INFO] paper-strat: 📊 TICK 301120.SZSE 新特电气 23.07 (-5.53%)
2026-05-21 14:47:22,149 [INFO] paper-strat: 📊 TICK 002156.SZSE 通富微电 62.04 (-0.39%)
2026-05-21 14:47:22,151 [INFO] paper-strat: 📊 TICK 002709.SZSE 天赐材料 57.99 (-0.02%)
2026-05-21 14:47:22,151 [INFO] paper-strat: 📊 TICK 601222.SSE 林洋能源 6.33 (-4.52%)
2026-05-21 14:47:22,152 [INFO] paper-strat: 📊 TICK 605006.SSE 山东玻纤 14.27 (-0.70%)
2026-05-21 14:47:22,155 [INFO] paper-strat: 📊 TICK 000600.SZSE 建投能源 10.13 (-0.30%)
2026-05-21 14:47:22,156 [INFO] paper-strat: 📊 TICK 001896.SZSE 豫能控股 16.30 (+9.54%)
2026-05-21 14:47:22,156 [INFO] paper-strat: 📊 TICK 600330.SSE 天通股份 27.59 (-3.90%)
2026-05-21 14:47:22,160 [INFO] paper-strat: 📊 TICK 002067.SZSE 景兴纸业 5.23 (+2.75%)
2026-05-21 14:47:22,160 [INFO] paper-strat: 📊 TICK 002428.SZSE 云南锗业 84.62 (-7.01%)
2026-05-21 14:47:22,160 [INFO] paper-strat: 📊 TICK 603986.SSE 兆易创新 432.49 (-2.82%)
2026-05-21 14:47:27,371 [INFO] paper-strat: 📊 TICK 002709.SZSE 天赐材料 57.94 (-0.10%)
2026-05-21 14:47:27,372 [INFO] paper-strat: 📊 TICK 601222.SSE 林洋能源 6.35 (-4.22%)
2026-05-21 14:47:27,374 [INFO] paper-strat: 📊 TICK 605006.SSE 山东玻纤 14.25 (-0.84%)
2026-05-21 14:47:27,376 [INFO] paper-strat: 📊 TICK 001896.SZSE 豫能控股 16.29 (+9.48%)
2026-05-21 14:47:27,376 [INFO] paper-strat: 📊 TICK 603178.SSE 圣龙股份 19.83 (-7.25%)
2026-05-21 14:47:27,378 [INFO] paper-strat: 📊 TICK 600330.SSE 天通股份 27.60 (-3.87%)
2026-05-21 14:47:27,381 [INFO] paper-strat: 📊 TICK 002067.SZSE 景兴纸业 5.24 (+2.95%)
2026-05-21 14:47:27,381 [INFO] paper-strat: 📊 TICK 002428.SZSE 云南锗业 84.61 (-7.02%)
2026-05-21 14:47:27,381 [INFO] paper-strat: 📊 TICK 600863.SSE 华能蒙电 5.54 (+2.97%)
2026-05-21 14:47:27,383 [INFO] paper-strat: 📊 TICK 600021.SSE 上海电力 17.98 (-3.75%)
2026-05-21 14:47:27,383 [INFO] paper-strat: 📊 TICK 603986.SSE 兆易创新 432.00 (-2.93%)
2026-05-21 14:47:28,519 [INFO] paper-strat: ♥ 心跳 | 策略 22 个 | tick 22
2026-05-21 14:47:32,604 [INFO] paper-strat: 📊 TICK 301120.SZSE 新特电气 23.06 (-5.57%)
2026-05-21 14:47:32,605 [INFO] paper-strat: 📊 TICK 601222.SSE 林洋能源 6.34 (-4.37%)
2026-05-21 14:47:32,608 [INFO] paper-strat: 📊 TICK 002149.SZSE 西部材料 69.94 (+1.23%)
2026-05-21 14:47:32,609 [INFO] paper-strat: 📊 TICK 001896.SZSE 豫能控股 16.31 (+9.61%)
2026-05-21 14:47:32,611 [INFO] paper-strat: 📊 TICK 002428.SZSE 云南锗业 84.58 (-7.05%)
2026-05-21 14:47:32,613 [INFO] paper-strat: 📊 TICK 600863.SSE 华能蒙电 5.55 (+3.16%)
2026-05-21 14:47:32,613 [INFO] paper-strat: 📊 TICK 600021.SSE 上海电力 17.97 (-3.80%)
2026-05-21 14:47:32,614 [INFO] paper-strat: 📊 TICK 603986.SSE 兆易创新 432.01 (-2.92%)
2026-05-21 14:47:32,616 [INFO] paper-strat: 📊 TICK 603601.SSE 再升科技 17.76 (+0.91%)
2026-05-21 14:47:37,853 [INFO] paper-strat: 📊 TICK 002156.SZSE 通富微电 62.05 (-0.37%)
2026-05-21 14:47:37,854 [INFO] paper-strat: 📊 TICK 002709.SZSE 天赐材料 57.93 (-0.12%)
2026-05-21 14:47:37,857 [INFO] paper-strat: 📊 TICK 000600.SZSE 建投能源 10.14 (-0.20%)
2026-05-21 14:47:37,857 [INFO] paper-strat: 📊 TICK 002149.SZSE 西部材料 69.93 (+1.22%)
2026-05-21 14:47:37,858 [INFO] paper-strat: 📊 TICK 600310.SSE 广西能源 5.15 (+1.58%)
2026-05-21 14:47:37,858 [INFO] paper-strat: 📊 TICK 603178.SSE 圣龙股份 19.86 (-7.11%)
2026-05-21 14:47:37,860 [INFO] paper-strat: 📊 TICK 600330.SSE 天通股份 27.65 (-3.69%)
2026-05-21 14:47:37,862 [INFO] paper-strat: 📊 TICK 002067.SZSE 景兴纸业 5.23 (+2.75%)
2026-05-21 14:47:37,863 [INFO] paper-strat: 📊 TICK 002428.SZSE 云南锗业 84.64 (-6.99%)
2026-05-21 14:47:37,863 [INFO] paper-strat: 📊 TICK 600021.SSE 上海电力 17.98 (-3.75%)
2026-05-21 14:47:37,865 [INFO] paper-strat: 📊 TICK 603986.SSE 兆易创新 432.15 (-2.89%)
2026-05-21 14:47:43,092 [INFO] paper-strat: 📊 TICK 000899.SZSE 赣能股份 12.92 (-3.73%)
2026-05-21 14:47:43,096 [INFO] paper-strat: 📊 TICK 002156.SZSE 通富微电 62.04 (-0.39%)
2026-05-21 14:47:43,097 [INFO] paper-strat: 📊 TICK 002709.SZSE 天赐材料 57.94 (-0.10%)
2026-05-21 14:47:43,097 [INFO] paper-strat: 📊 TICK 002453.SZSE 华软科技 5.71 (-5.46%)
2026-05-21 14:47:43,099 [INFO] paper-strat: 📊 TICK 605006.SSE 山东玻纤 14.26 (-0.77%)
2026-05-21 14:47:43,101 [INFO] paper-strat: 📊 TICK 600310.SSE 广西能源 5.14 (+1.38%)
2026-05-21 14:47:43,102 [INFO] paper-strat: 📊 TICK 001896.SZSE 豫能控股 16.32 (+9.68%)
2026-05-21 14:47:43,102 [INFO] paper-strat: 📊 TICK 603178.SSE 圣龙股份 19.84 (-7.20%)
2026-05-21 14:47:43,102 [INFO] paper-strat: 📊 TICK 600330.SSE 天通股份 27.66 (-3.66%)
2026-05-21 14:47:43,106 [INFO] paper-strat: 📊 TICK 002428.SZSE 云南锗业 84.62 (-7.01%)
2026-05-21 14:47:43,107 [INFO] paper-strat: 📊 TICK 600863.SSE 华能蒙电 5.54 (+2.97%)
2026-05-21 14:47:43,107 [INFO] paper-strat: 📊 TICK 600021.SSE 上海电力 17.97 (-3.80%)
2026-05-21 14:47:43,108 [INFO] paper-strat: 📊 TICK 603986.SSE 兆易创新 432.14 (-2.89%)
2026-05-21 14:47:43,521 [INFO] paper-strat: ♥ 心跳 | 策略 22 个 | tick 22
2026-05-21 14:47:48,323 [INFO] paper-strat: 📊 TICK 000899.SZSE 赣能股份 12.91 (-3.80%)
2026-05-21 14:47:48,327 [INFO] paper-strat: 📊 TICK 301120.SZSE 新特电气 23.08 (-5.49%)
2026-05-21 14:47:48,328 [INFO] paper-strat: 📊 TICK 002156.SZSE 通富微电 62.06 (-0.35%)
2026-05-21 14:47:48,328 [INFO] paper-strat: 📊 TICK 002709.SZSE 天赐材料 57.96 (-0.07%)
2026-05-21 14:47:48,328 [INFO] paper-strat: 📊 TICK 601222.SSE 林洋能源 6.35 (-4.22%)
2026-05-21 14:47:48,330 [INFO] paper-strat: 📊 TICK 605006.SSE 山东玻纤 14.25 (-0.84%)
2026-05-21 14:47:48,330 [INFO] paper-strat: 📊 TICK 301179.SZSE 泽宇智能 24.59 (-7.21%)
2026-05-21 14:47:48,333 [INFO] paper-strat: 📊 TICK 000600.SZSE 建投能源 10.13 (-0.30%)
2026-05-21 14:47:48,334 [INFO] paper-strat: 📊 TICK 600310.SSE 广西能源 5.15 (+1.58%)
2026-05-21 14:47:48,334 [INFO] paper-strat: 📊 TICK 001896.SZSE 豫能控股 16.30 (+9.54%)
2026-05-21 14:47:48,337 [INFO] paper-strat: 📊 TICK 002067.SZSE 景兴纸业 5.24 (+2.95%)
2026-05-21 14:47:48,338 [INFO] paper-strat: 📊 TICK 002428.SZSE 云南锗业 84.64 (-6.99%)
2026-05-21 14:47:48,340 [INFO] paper-strat: 📊 TICK 600863.SSE 华能蒙电 5.55 (+3.16%)
2026-05-21 14:47:48,340 [INFO] paper-strat: 📊 TICK 600021.SSE 上海电力 17.98 (-3.75%)
2026-05-21 14:47:48,340 [INFO] paper-strat: 📊 TICK 603986.SSE 兆易创新 432.12 (-2.90%)
2026-05-21 14:47:48,340 [INFO] paper-strat: 📊 TICK 603601.SSE 再升科技 17.77 (+0.97%)
2026-05-21 14:47:53,569 [INFO] paper-strat: 📊 TICK 301120.SZSE 新特电气 23.09 (-5.45%)
2026-05-21 14:47:53,570 [INFO] paper-strat: 📊 TICK 601222.SSE 林洋能源 6.34 (-4.37%)
2026-05-21 14:47:53,570 [INFO] paper-strat: 📊 TICK 605006.SSE 山东玻纤 14.24 (-0.90%)
2026-05-21 14:47:53,572 [INFO] paper-strat: 📊 TICK 301179.SZSE 泽宇智能 24.58 (-7.25%)
2026-05-21 14:47:53,575 [INFO] paper-strat: 📊 TICK 000600.SZSE 建投能源 10.14 (-0.20%)
2026-05-21 14:47:53,576 [INFO] paper-strat: 📊 TICK 002149.SZSE 西部材料 69.90 (+1.17%)
2026-05-21 14:47:53,576 [INFO] paper-strat: 📊 TICK 600310.SSE 广西能源 5.16 (+1.78%)
2026-05-21 14:47:53,577 [INFO] paper-strat: 📊 TICK 001896.SZSE 豫能控股 16.31 (+9.61%)
2026-05-21 14:47:53,577 [INFO] paper-strat: 📊 TICK 600330.SSE 天通股份 27.67 (-3.62%)
2026-05-21 14:47:53,581 [INFO] paper-strat: 📊 TICK 002067.SZSE 景兴纸业 5.23 (+2.75%)
2026-05-21 14:47:53,581 [INFO] paper-strat: 📊 TICK 002428.SZSE 云南锗业 84.61 (-7.02%)
2026-05-21 14:47:53,582 [INFO] paper-strat: 📊 TICK 603986.SSE 兆易创新 432.01 (-2.92%)
2026-05-21 14:47:53,582 [INFO] paper-strat: 📊 TICK 603601.SSE 再升科技 17.76 (+0.91%)
2026-05-21 14:47:58,522 [INFO] paper-strat: ♥ 心跳 | 策略 22 个 | tick 22
2026-05-21 14:47:58,836 [INFO] paper-strat: 📊 TICK 000899.SZSE 赣能股份 12.94 (-3.58%)
2026-05-21 14:47:58,840 [INFO] paper-strat: 📊 TICK 301120.SZSE 新特电气 23.10 (-5.41%)
2026-05-21 14:47:58,841 [INFO] paper-strat: 📊 TICK 002156.SZSE 通富微电 62.12 (-0.26%)
2026-05-21 14:47:58,841 [INFO] paper-strat: 📊 TICK 002709.SZSE 天赐材料 57.99 (-0.02%)
2026-05-21 14:47:58,842 [INFO] paper-strat: 📊 TICK 601222.SSE 林洋能源 6.35 (-4.22%)
2026-05-21 14:47:58,843 [INFO] paper-strat: 📊 TICK 605006.SSE 山东玻纤 14.23 (-0.97%)
2026-05-21 14:47:58,843 [INFO] paper-strat: 📊 TICK 301179.SZSE 泽宇智能 24.63 (-7.06%)
2026-05-21 14:47:58,846 [INFO] paper-strat: 📊 TICK 000600.SZSE 建投能源 10.15 (-0.10%)
2026-05-21 14:47:58,847 [INFO] paper-strat: 📊 TICK 002149.SZSE 西部材料 69.89 (+1.16%)
2026-05-21 14:47:58,848 [INFO] paper-strat: 📊 TICK 600310.SSE 广西能源 5.15 (+1.58%)
2026-05-21 14:47:58,849 [INFO] paper-strat: 📊 TICK 001896.SZSE 豫能控股 16.32 (+9.68%)
2026-05-21 14:47:58,849 [INFO] paper-strat: 📊 TICK 603178.SSE 圣龙股份 19.85 (-7.16%)
2026-05-21 14:47:58,850 [INFO] paper-strat: 📊 TICK 600330.SSE 天通股份 27.65 (-3.69%)
2026-05-21 14:47:58,852 [INFO] paper-strat: 📊 TICK 002067.SZSE 景兴纸业 5.24 (+2.95%)
2026-05-21 14:47:58,853 [INFO] paper-strat: 📊 TICK 600021.SSE 上海电力 17.99 (-3.69%)
2026-05-21 14:47:58,853 [INFO] paper-strat: 📊 TICK 603986.SSE 兆易创新 432.09 (-2.91%)
2026-05-21 14:47:58,853 [INFO] paper-strat: 📊 TICK 603601.SSE 再升科技 17.77 (+0.97%)
2026-05-21 14:48:04,079 [INFO] paper-strat: 📊 TICK 000899.SZSE 赣能股份 12.95 (-3.50%)
2026-05-21 14:48:04,083 [INFO] paper-strat: 📊 TICK 002156.SZSE 通富微电 62.13 (-0.24%)
2026-05-21 14:48:04,083 [INFO] paper-strat: 📊 TICK 002709.SZSE 天赐材料 58.01 (+0.02%)
2026-05-21 14:48:04,084 [INFO] paper-strat: 📊 TICK 605006.SSE 山东玻纤 14.27 (-0.70%)
2026-05-21 14:48:04,084 [INFO] paper-strat: 📊 TICK 301179.SZSE 泽宇智能 24.61 (-7.13%)
2026-05-21 14:48:04,088 [INFO] paper-strat: 📊 TICK 002149.SZSE 西部材料 69.88 (+1.14%)
2026-05-21 14:48:04,088 [INFO] paper-strat: 📊 TICK 001896.SZSE 豫能控股 16.31 (+9.61%)
2026-05-21 14:48:04,089 [INFO] paper-strat: 📊 TICK 600330.SSE 天通股份 27.67 (-3.62%)
2026-05-21 14:48:04,093 [INFO] paper-strat: 📊 TICK 002428.SZSE 云南锗业 84.62 (-7.01%)
2026-05-21 14:48:04,094 [INFO] paper-strat: 📊 TICK 600863.SSE 华能蒙电 5.56 (+3.35%)
2026-05-21 14:48:04,094 [INFO] paper-strat: 📊 TICK 600021.SSE 上海电力 17.98 (-3.75%)
2026-05-21 14:48:04,095 [INFO] paper-strat: 📊 TICK 603986.SSE 兆易创新 432.31 (-2.86%)
2026-05-21 14:48:04,095 [INFO] paper-strat: 📊 TICK 603601.SSE 再升科技 17.76 (+0.91%)
2026-05-21 14:48:09,341 [INFO] paper-strat: 📊 TICK 002156.SZSE 通富微电 62.19 (-0.14%)
2026-05-21 14:48:09,342 [INFO] paper-strat: 📊 TICK 002709.SZSE 天赐材料 58.00 (+0.00%)
2026-05-21 14:48:09,342 [INFO] paper-strat: 📊 TICK 605006.SSE 山东玻纤 14.32 (-0.35%)
2026-05-21 14:48:09,343 [INFO] paper-strat: 📊 TICK 301179.SZSE 泽宇智能 24.66 (-6.94%)
2026-05-21 14:48:09,346 [INFO] paper-strat: 📊 TICK 002149.SZSE 西部材料 69.87 (+1.13%)
2026-05-21 14:48:09,347 [INFO] paper-strat: 📊 TICK 600310.SSE 广西能源 5.16 (+1.78%)
2026-05-21 14:48:09,347 [INFO] paper-strat: 📊 TICK 001896.SZSE 豫能控股 16.32 (+9.68%)
2026-05-21 14:48:09,349 [INFO] paper-strat: 📊 TICK 600330.SSE 天通股份 27.72 (-3.45%)
2026-05-21 14:48:09,352 [INFO] paper-strat: 📊 TICK 600021.SSE 上海电力 18.00 (-3.64%)
2026-05-21 14:48:09,352 [INFO] paper-strat: 📊 TICK 603986.SSE 兆易创新 432.99 (-2.70%)
2026-05-21 14:48:13,524 [INFO] paper-strat: ♥ 心跳 | 策略 22 个 | tick 22
2026-05-21 14:48:14,562 [INFO] paper-strat: 📊 TICK 000899.SZSE 赣能股份 12.94 (-3.58%)
2026-05-21 14:48:14,565 [INFO] paper-strat: 📊 TICK 002156.SZSE 通富微电 62.15 (-0.21%)
2026-05-21 14:48:14,566 [INFO] paper-strat: 📊 TICK 002709.SZSE 天赐材料 58.03 (+0.05%)
2026-05-21 14:48:14,566 [INFO] paper-strat: 📊 TICK 605006.SSE 山东玻纤 14.30 (-0.49%)
2026-05-21 14:48:14,569 [INFO] paper-strat: 📊 TICK 002149.SZSE 西部材料 69.85 (+1.10%)
2026-05-21 14:48:14,570 [INFO] paper-strat: 📊 TICK 600310.SSE 广西能源 5.15 (+1.58%)
2026-05-21 14:48:14,570 [INFO] paper-strat: 📊 TICK 603178.SSE 圣龙股份 19.84 (-7.20%)
2026-05-21 14:48:14,570 [INFO] paper-strat: 📊 TICK 600330.SSE 天通股份 27.67 (-3.62%)
2026-05-21 14:48:14,574 [INFO] paper-strat: 📊 TICK 002067.SZSE 景兴纸业 5.23 (+2.75%)
2026-05-21 14:48:14,576 [INFO] paper-strat: 📊 TICK 600863.SSE 华能蒙电 5.55 (+3.16%)
2026-05-21 14:48:14,576 [INFO] paper-strat: 📊 TICK 603986.SSE 兆易创新 432.98 (-2.71%)
2026-05-21 14:48:19,803 [INFO] paper-strat: 📊 TICK 301120.SZSE 新特电气 23.11 (-5.36%)
2026-05-21 14:48:19,804 [INFO] paper-strat: 📊 TICK 002156.SZSE 通富微电 62.11 (-0.27%)
2026-05-21 14:48:19,804 [INFO] paper-strat: 📊 TICK 002709.SZSE 天赐材料 58.11 (+0.19%)
2026-05-21 14:48:19,805 [INFO] paper-strat: 📊 TICK 601222.SSE 林洋能源 6.34 (-4.37%)
2026-05-21 14:48:19,805 [INFO] paper-strat: 📊 TICK 605006.SSE 山东玻纤 14.31 (-0.42%)
2026-05-21 14:48:19,807 [INFO] paper-strat: 📊 TICK 301179.SZSE 泽宇智能 24.61 (-7.13%)
2026-05-21 14:48:19,809 [INFO] paper-strat: 📊 TICK 000600.SZSE 建投能源 10.14 (-0.20%)
2026-05-21 14:48:19,810 [INFO] paper-strat: 📊 TICK 002149.SZSE 西部材料 69.79 (+1.01%)
2026-05-21 14:48:19,810 [INFO] paper-strat: 📊 TICK 600310.SSE 广西能源 5.16 (+1.78%)
2026-05-21 14:48:19,811 [INFO] paper-strat: 📊 TICK 603178.SSE 圣龙股份 19.90 (-6.92%)
2026-05-21 14:48:19,811 [INFO] paper-strat: 📊 TICK 600330.SSE 天通股份 27.66 (-3.66%)
2026-05-21 14:48:19,815 [INFO] paper-strat: 📊 TICK 002428.SZSE 云南锗业 84.63 (-7.00%)
2026-05-21 14:48:19,816 [INFO] paper-strat: 📊 TICK 600863.SSE 华能蒙电 5.56 (+3.35%)
2026-05-21 14:48:19,816 [INFO] paper-strat: 📊 TICK 600021.SSE 上海电力 17.99 (-3.69%)
2026-05-21 14:48:19,817 [INFO] paper-strat: 📊 TICK 603986.SSE 兆易创新 432.50 (-2.81%)
2026-05-21 14:48:25,041 [INFO] paper-strat: 📊 TICK 000899.SZSE 赣能股份 12.95 (-3.50%)
2026-05-21 14:48:25,045 [INFO] paper-strat: 📊 TICK 301120.SZSE 新特电气 23.12 (-5.32%)
2026-05-21 14:48:25,047 [INFO] paper-strat: 📊 TICK 002156.SZSE 通富微电 62.10 (-0.29%)
2026-05-21 14:48:25,047 [INFO] paper-strat: 📊 TICK 002709.SZSE 天赐材料 58.03 (+0.05%)
2026-05-21 14:48:25,047 [INFO] paper-strat: 📊 TICK 601222.SSE 林洋能源 6.35 (-4.22%)
2026-05-21 14:48:25,049 [INFO] paper-strat: 📊 TICK 002453.SZSE 华软科技 5.70 (-5.63%)
2026-05-21 14:48:25,049 [INFO] paper-strat: 📊 TICK 301179.SZSE 泽宇智能 24.65 (-6.98%)
2026-05-21 14:48:25,052 [INFO] paper-strat: 📊 TICK 002149.SZSE 西部材料 69.78 (+1.00%)
2026-05-21 14:48:25,053 [INFO] paper-strat: 📊 TICK 600310.SSE 广西能源 5.15 (+1.58%)
2026-05-21 14:48:25,053 [INFO] paper-strat: 📊 TICK 603178.SSE 圣龙股份 19.91 (-6.88%)
2026-05-21 14:48:25,054 [INFO] paper-strat: 📊 TICK 600330.SSE 天通股份 27.65 (-3.69%)
2026-05-21 14:48:25,057 [INFO] paper-strat: 📊 TICK 002067.SZSE 景兴纸业 5.24 (+2.95%)
2026-05-21 14:48:25,057 [INFO] paper-strat: 📊 TICK 002428.SZSE 云南锗业 84.60 (-7.03%)
2026-05-21 14:48:25,058 [INFO] paper-strat: 📊 TICK 600021.SSE 上海电力 18.00 (-3.64%)
2026-05-21 14:48:25,058 [INFO] paper-strat: 📊 TICK 603601.SSE 再升科技 17.77 (+0.97%)
2026-05-21 14:48:28,526 [INFO] paper-strat: ♥ 心跳 | 策略 22 个 | tick 22
2026-05-21 14:48:30,300 [INFO] paper-strat: 📊 TICK 000899.SZSE 赣能股份 12.96 (-3.43%)
2026-05-21 14:48:30,300 [INFO] paper-strat: 📊 TICK 002156.SZSE 通富微电 62.08 (-0.32%)
2026-05-21 14:48:30,303 [INFO] paper-strat: 📊 TICK 002709.SZSE 天赐材料 58.10 (+0.17%)
2026-05-21 14:48:30,303 [INFO] paper-strat: 📊 TICK 002453.SZSE 华软科技 5.71 (-5.46%)
2026-05-21 14:48:30,304 [INFO] paper-strat: 📊 TICK 301179.SZSE 泽宇智能 24.62 (-7.09%)
2026-05-21 14:48:30,308 [INFO] paper-strat: 📊 TICK 600330.SSE 天通股份 27.64 (-3.73%)
2026-05-21 14:48:30,311 [INFO] paper-strat: 📊 TICK 600021.SSE 上海电力 17.99 (-3.69%)
2026-05-21 14:48:30,311 [INFO] paper-strat: 📊 TICK 603601.SSE 再升科技 17.76 (+0.91%)
2026-05-21 14:48:35,526 [INFO] paper-strat: 📊 TICK 000899.SZSE 赣能股份 12.95 (-3.50%)
2026-05-21 14:48:35,529 [INFO] paper-strat: 📊 TICK 301120.SZSE 新特电气 23.11 (-5.36%)
2026-05-21 14:48:35,531 [INFO] paper-strat: 📊 TICK 002156.SZSE 通富微电 62.05 (-0.37%)
2026-05-21 14:48:35,531 [INFO] paper-strat: 📊 TICK 002709.SZSE 天赐材料 58.09 (+0.16%)
2026-05-21 14:48:35,531 [INFO] paper-strat: 📊 TICK 605006.SSE 山东玻纤 14.32 (-0.35%)
2026-05-21 14:48:35,533 [INFO] paper-strat: 📊 TICK 301179.SZSE 泽宇智能 24.61 (-7.13%)
2026-05-21 14:48:35,535 [INFO] paper-strat: 📊 TICK 000600.SZSE 建投能源 10.13 (-0.30%)
2026-05-21 14:48:35,536 [INFO] paper-strat: 📊 TICK 603178.SSE 圣龙股份 19.90 (-6.92%)
2026-05-21 14:48:35,537 [INFO] paper-strat: 📊 TICK 600330.SSE 天通股份 27.63 (-3.76%)
2026-05-21 14:48:35,539 [INFO] paper-strat: 📊 TICK 002067.SZSE 景兴纸业 5.23 (+2.75%)
2026-05-21 14:48:35,541 [INFO] paper-strat: 📊 TICK 002428.SZSE 云南锗业 84.63 (-7.00%)
2026-05-21 14:48:35,542 [INFO] paper-strat: 📊 TICK 600021.SSE 上海电力 18.00 (-3.64%)
2026-05-21 14:48:35,542 [INFO] paper-strat: 📊 TICK 603601.SSE 再升科技 17.77 (+0.97%)
2026-05-21 14:48:40,766 [INFO] paper-strat: 📊 TICK 000899.SZSE 赣能股份 12.94 (-3.58%)
2026-05-21 14:48:40,771 [INFO] paper-strat: 📊 TICK 301120.SZSE 新特电气 23.14 (-5.24%)
2026-05-21 14:48:40,771 [INFO] paper-strat: 📊 TICK 002709.SZSE 天赐材料 58.05 (+0.09%)
2026-05-21 14:48:40,773 [INFO] paper-strat: 📊 TICK 002453.SZSE 华软科技 5.70 (-5.63%)
2026-05-21 14:48:40,776 [INFO] paper-strat: 📊 TICK 000600.SZSE 建投能源 10.14 (-0.20%)
2026-05-21 14:48:40,776 [INFO] paper-strat: 📊 TICK 001896.SZSE 豫能控股 16.33 (+9.74%)
2026-05-21 14:48:40,777 [INFO] paper-strat: 📊 TICK 600330.SSE 天通股份 27.61 (-3.83%)
2026-05-21 14:48:40,780 [INFO] paper-strat: 📊 TICK 002428.SZSE 云南锗业 84.58 (-7.05%)
2026-05-21 14:48:40,781 [INFO] paper-strat: 📊 TICK 600863.SSE 华能蒙电 5.55 (+3.16%)
2026-05-21 14:48:40,781 [INFO] paper-strat: 📊 TICK 600021.SSE 上海电力 17.99 (-3.69%)
2026-05-21 14:48:43,527 [INFO] paper-strat: ♥ 心跳 | 策略 22 个 | tick 22
2026-05-21 14:48:46,010 [INFO] paper-strat: 📊 TICK 000899.SZSE 赣能股份 12.95 (-3.50%)
2026-05-21 14:48:46,014 [INFO] paper-strat: 📊 TICK 301120.SZSE 新特电气 23.12 (-5.32%)
2026-05-21 14:48:46,014 [INFO] paper-strat: 📊 TICK 002709.SZSE 天赐材料 58.08 (+0.14%)
2026-05-21 14:48:46,014 [INFO] paper-strat: 📊 TICK 605006.SSE 山东玻纤 14.31 (-0.42%)
2026-05-21 14:48:46,019 [INFO] paper-strat: 📊 TICK 002149.SZSE 西部材料 69.79 (+1.01%)
2026-05-21 14:48:46,019 [INFO] paper-strat: 📊 TICK 001896.SZSE 豫能控股 16.31 (+9.61%)
2026-05-21 14:48:46,020 [INFO] paper-strat: 📊 TICK 603178.SSE 圣龙股份 19.85 (-7.16%)
2026-05-21 14:48:46,020 [INFO] paper-strat: 📊 TICK 600330.SSE 天通股份 27.62 (-3.80%)
2026-05-21 14:48:46,024 [INFO] paper-strat: 📊 TICK 002067.SZSE 景兴纸业 5.24 (+2.95%)
2026-05-21 14:48:46,025 [INFO] paper-strat: 📊 TICK 600863.SSE 华能蒙电 5.56 (+3.35%)
2026-05-21 14:48:46,026 [INFO] paper-strat: 📊 TICK 603986.SSE 兆易创新 432.48 (-2.82%)
2026-05-21 14:48:46,026 [INFO] paper-strat: 📊 TICK 603601.SSE 再升科技 17.76 (+0.91%)
2026-05-21 14:48:51,253 [INFO] paper-strat: 📊 TICK 002156.SZSE 通富微电 62.03 (-0.40%)
2026-05-21 14:48:51,254 [INFO] paper-strat: 📊 TICK 002709.SZSE 天赐材料 58.06 (+0.10%)
2026-05-21 14:48:51,254 [INFO] paper-strat: 📊 TICK 601222.SSE 林洋能源 6.34 (-4.37%)
2026-05-21 14:48:51,255 [INFO] paper-strat: 📊 TICK 002453.SZSE 华软科技 5.71 (-5.46%)
2026-05-21 14:48:51,255 [INFO] paper-strat: 📊 TICK 301179.SZSE 泽宇智能 24.59 (-7.21%)
2026-05-21 14:48:51,259 [INFO] paper-strat: 📊 TICK 002149.SZSE 西部材料 69.80 (+1.03%)
2026-05-21 14:48:51,259 [INFO] paper-strat: 📊 TICK 603178.SSE 圣龙股份 19.90 (-6.92%)
2026-05-21 14:48:51,261 [INFO] paper-strat: 📊 TICK 600330.SSE 天通股份 27.60 (-3.87%)
2026-05-21 14:48:51,263 [INFO] paper-strat: 📊 TICK 002067.SZSE 景兴纸业 5.23 (+2.75%)
2026-05-21 14:48:51,264 [INFO] paper-strat: 📊 TICK 002428.SZSE 云南锗业 84.59 (-7.04%)
2026-05-21 14:48:51,264 [INFO] paper-strat: 📊 TICK 600863.SSE 华能蒙电 5.57 (+3.53%)
2026-05-21 14:48:51,264 [INFO] paper-strat: 📊 TICK 603986.SSE 兆易创新 432.03 (-2.92%)
2026-05-21 14:48:51,266 [INFO] paper-strat: 📊 TICK 603601.SSE 再升科技 17.77 (+0.97%)
2026-05-21 14:48:56,476 [INFO] paper-strat: 📊 TICK 002156.SZSE 通富微电 62.01 (-0.43%)
2026-05-21 14:48:56,478 [INFO] paper-strat: 📊 TICK 002709.SZSE 天赐材料 58.05 (+0.09%)
2026-05-21 14:48:56,478 [INFO] paper-strat: 📊 TICK 601222.SSE 林洋能源 6.35 (-4.22%)
2026-05-21 14:48:56,479 [INFO] paper-strat: 📊 TICK 605006.SSE 山东玻纤 14.30 (-0.49%)
2026-05-21 14:48:56,479 [INFO] paper-strat: 📊 TICK 301179.SZSE 泽宇智能 24.60 (-7.17%)
2026-05-21 14:48:56,482 [INFO] paper-strat: 📊 TICK 000600.SZSE 建投能源 10.13 (-0.30%)
2026-05-21 14:48:56,483 [INFO] paper-strat: 📊 TICK 002149.SZSE 西部材料 69.84 (+1.09%)
2026-05-21 14:48:56,483 [INFO] paper-strat: 📊 TICK 600310.SSE 广西能源 5.14 (+1.38%)
2026-05-21 14:48:56,484 [INFO] paper-strat: 📊 TICK 001896.SZSE 豫能控股 16.32 (+9.68%)
2026-05-21 14:48:56,484 [INFO] paper-strat: 📊 TICK 603178.SSE 圣龙股份 19.89 (-6.97%)
2026-05-21 14:48:56,487 [INFO] paper-strat: 📊 TICK 002067.SZSE 景兴纸业 5.24 (+2.95%)
2026-05-21 14:48:56,488 [INFO] paper-strat: 📊 TICK 002428.SZSE 云南锗业 84.54 (-7.10%)
2026-05-21 14:48:56,488 [INFO] paper-strat: 📊 TICK 600863.SSE 华能蒙电 5.56 (+3.35%)
2026-05-21 14:48:56,488 [INFO] paper-strat: 📊 TICK 603986.SSE 兆易创新 432.06 (-2.91%)
2026-05-21 14:48:58,529 [INFO] paper-strat: ♥ 心跳 | 策略 22 个 | tick 22
2026-05-21 14:49:01,705 [INFO] paper-strat: 📊 TICK 000899.SZSE 赣能股份 12.96 (-3.43%)
2026-05-21 14:49:01,706 [INFO] paper-strat: 📊 TICK 002709.SZSE 天赐材料 58.06 (+0.10%)
2026-05-21 14:49:01,706 [INFO] paper-strat: 📊 TICK 605006.SSE 山东玻纤 14.31 (-0.42%)
2026-05-21 14:49:01,709 [INFO] paper-strat: 📊 TICK 301179.SZSE 泽宇智能 24.61 (-7.13%)
2026-05-21 14:49:01,711 [INFO] paper-strat: 📊 TICK 000600.SZSE 建投能源 10.14 (-0.20%)
2026-05-21 14:49:01,713 [INFO] paper-strat: 📊 TICK 002149.SZSE 西部材料 69.83 (+1.07%)
2026-05-21 14:49:01,714 [INFO] paper-strat: 📊 TICK 600310.SSE 广西能源 5.15 (+1.58%)
2026-05-21 14:49:01,714 [INFO] paper-strat: 📊 TICK 001896.SZSE 豫能控股 16.34 (+9.81%)
2026-05-21 14:49:01,716 [INFO] paper-strat: 📊 TICK 600330.SSE 天通股份 27.59 (-3.90%)
2026-05-21 14:49:01,719 [INFO] paper-strat: 📊 TICK 002067.SZSE 景兴纸业 5.23 (+2.75%)
2026-05-21 14:49:01,719 [INFO] paper-strat: 📊 TICK 002428.SZSE 云南锗业 84.48 (-7.16%)
2026-05-21 14:49:01,720 [INFO] paper-strat: 📊 TICK 600863.SSE 华能蒙电 5.57 (+3.53%)
2026-05-21 14:49:01,720 [INFO] paper-strat: 📊 TICK 600021.SSE 上海电力 18.00 (-3.64%)
2026-05-21 14:49:01,721 [INFO] paper-strat: 📊 TICK 603986.SSE 兆易创新 432.34 (-2.85%)
2026-05-21 14:49:06,941 [INFO] paper-strat: 📊 TICK 000899.SZSE 赣能股份 12.95 (-3.50%)
2026-05-21 14:49:06,944 [INFO] paper-strat: 📊 TICK 301120.SZSE 新特电气 23.11 (-5.36%)
2026-05-21 14:49:06,945 [INFO] paper-strat: 📊 TICK 002709.SZSE 天赐材料 58.02 (+0.03%)
2026-05-21 14:49:06,945 [INFO] paper-strat: 📊 TICK 601222.SSE 林洋能源 6.34 (-4.37%)
2026-05-21 14:49:06,945 [INFO] paper-strat: 📊 TICK 605006.SSE 山东玻纤 14.30 (-0.49%)
2026-05-21 14:49:06,947 [INFO] paper-strat: 📊 TICK 301179.SZSE 泽宇智能 24.59 (-7.21%)
2026-05-21 14:49:06,950 [INFO] paper-strat: 📊 TICK 000600.SZSE 建投能源 10.13 (-0.30%)
2026-05-21 14:49:06,952 [INFO] paper-strat: 📊 TICK 002149.SZSE 西部材料 69.80 (+1.03%)
2026-05-21 14:49:06,952 [INFO] paper-strat: 📊 TICK 603178.SSE 圣龙股份 19.88 (-7.02%)
2026-05-21 14:49:06,955 [INFO] paper-strat: 📊 TICK 002428.SZSE 云南锗业 84.52 (-7.12%)
2026-05-21 14:49:06,955 [INFO] paper-strat: 📊 TICK 600021.SSE 上海电力 17.99 (-3.69%)
2026-05-21 14:49:06,957 [INFO] paper-strat: 📊 TICK 603986.SSE 兆易创新 432.07 (-2.91%)
2026-05-21 14:49:06,958 [INFO] paper-strat: 📊 TICK 603601.SSE 再升科技 17.78 (+1.02%)
2026-05-21 14:49:12,187 [INFO] paper-strat: 📊 TICK 301120.SZSE 新特电气 23.10 (-5.41%)
2026-05-21 14:49:12,187 [INFO] paper-strat: 📊 TICK 002156.SZSE 通富微电 62.00 (-0.45%)
2026-05-21 14:49:12,187 [INFO] paper-strat: 📊 TICK 605006.SSE 山东玻纤 14.31 (-0.42%)
2026-05-21 14:49:12,189 [INFO] paper-strat: 📊 TICK 301179.SZSE 泽宇智能 24.60 (-7.17%)
2026-05-21 14:49:12,191 [INFO] paper-strat: 📊 TICK 600310.SSE 广西能源 5.14 (+1.38%)
2026-05-21 14:49:12,193 [INFO] paper-strat: 📊 TICK 001896.SZSE 豫能控股 16.36 (+9.95%)
2026-05-21 14:49:12,193 [INFO] paper-strat: 📊 TICK 603178.SSE 圣龙股份 19.89 (-6.97%)
2026-05-21 14:49:12,197 [INFO] paper-strat: 📊 TICK 002428.SZSE 云南锗业 84.50 (-7.14%)
2026-05-21 14:49:12,198 [INFO] paper-strat: 📊 TICK 600021.SSE 上海电力 17.98 (-3.75%)
2026-05-21 14:49:12,198 [INFO] paper-strat: 📊 TICK 603986.SSE 兆易创新 432.32 (-2.85%)
2026-05-21 14:49:13,530 [INFO] paper-strat: ♥ 心跳 | 策略 22 个 | tick 22
2026-05-21 14:49:17,424 [INFO] paper-strat: 📊 TICK 000899.SZSE 赣能股份 12.94 (-3.58%)
2026-05-21 14:49:17,428 [INFO] paper-strat: 📊 TICK 002156.SZSE 通富微电 62.01 (-0.43%)
2026-05-21 14:49:17,428 [INFO] paper-strat: 📊 TICK 002709.SZSE 天赐材料 58.00 (+0.00%)
2026-05-21 14:49:17,429 [INFO] paper-strat: 📊 TICK 605006.SSE 山东玻纤 14.29 (-0.56%)
2026-05-21 14:49:17,432 [INFO] paper-strat: 📊 TICK 002149.SZSE 西部材料 69.78 (+1.00%)
2026-05-21 14:49:17,433 [INFO] paper-strat: 📊 TICK 603178.SSE 圣龙股份 19.86 (-7.11%)
2026-05-21 14:49:17,437 [INFO] paper-strat: 📊 TICK 002067.SZSE 景兴纸业 5.24 (+2.95%)
2026-05-21 14:49:17,437 [INFO] paper-strat: 📊 TICK 002428.SZSE 云南锗业 84.44 (-7.21%)
2026-05-21 14:49:17,438 [INFO] paper-strat: 📊 TICK 603986.SSE 兆易创新 432.15 (-2.89%)
2026-05-21 14:49:17,438 [INFO] paper-strat: 📊 TICK 603601.SSE 再升科技 17.77 (+0.97%)
2026-05-21 14:49:22,656 [INFO] paper-strat: 📊 TICK 002156.SZSE 通富微电 61.99 (-0.47%)
2026-05-21 14:49:22,657 [INFO] paper-strat: 📊 TICK 002709.SZSE 天赐材料 58.01 (+0.02%)
2026-05-21 14:49:22,657 [INFO] paper-strat: 📊 TICK 601222.SSE 林洋能源 6.33 (-4.52%)
2026-05-21 14:49:22,658 [INFO] paper-strat: 📊 TICK 605006.SSE 山东玻纤 14.31 (-0.42%)
2026-05-21 14:49:22,659 [INFO] paper-strat: 📊 TICK 301179.SZSE 泽宇智能 24.59 (-7.21%)
2026-05-21 14:49:22,661 [INFO] paper-strat: 📊 TICK 000600.SZSE 建投能源 10.14 (-0.20%)
2026-05-21 14:49:22,661 [INFO] paper-strat: 📊 TICK 002149.SZSE 西部材料 69.77 (+0.98%)
2026-05-21 14:49:22,663 [INFO] paper-strat: 📊 TICK 600310.SSE 广西能源 5.15 (+1.58%)
2026-05-21 14:49:22,666 [INFO] paper-strat: 📊 TICK 002428.SZSE 云南锗业 84.40 (-7.25%)
2026-05-21 14:49:22,667 [INFO] paper-strat: 📊 TICK 600863.SSE 华能蒙电 5.56 (+3.35%)
2026-05-21 14:49:22,667 [INFO] paper-strat: 📊 TICK 603986.SSE 兆易创新 432.20 (-2.88%)
2026-05-21 14:49:22,668 [INFO] paper-strat: 📊 TICK 603601.SSE 再升科技 17.78 (+1.02%)
2026-05-21 14:49:27,877 [INFO] paper-strat: 📊 TICK 000899.SZSE 赣能股份 12.92 (-3.73%)
2026-05-21 14:49:27,881 [INFO] paper-strat: 📊 TICK 002156.SZSE 通富微电 61.97 (-0.50%)
2026-05-21 14:49:27,884 [INFO] paper-strat: 📊 TICK 000600.SZSE 建投能源 10.13 (-0.30%)
2026-05-21 14:49:27,885 [INFO] paper-strat: 📊 TICK 002149.SZSE 西部材料 69.78 (+1.00%)
2026-05-21 14:49:27,885 [INFO] paper-strat: 📊 TICK 600310.SSE 广西能源 5.14 (+1.38%)
2026-05-21 14:49:27,885 [INFO] paper-strat: 📊 TICK 603178.SSE 圣龙股份 19.85 (-7.16%)
2026-05-21 14:49:27,887 [INFO] paper-strat: 📊 TICK 600330.SSE 天通股份 27.57 (-3.97%)
2026-05-21 14:49:27,889 [INFO] paper-strat: 📊 TICK 600863.SSE 华能蒙电 5.57 (+3.53%)
2026-05-21 14:49:27,891 [INFO] paper-strat: 📊 TICK 600021.SSE 上海电力 17.97 (-3.80%)
2026-05-21 14:49:27,891 [INFO] paper-strat: 📊 TICK 603986.SSE 兆易创新 432.00 (-2.93%)
2026-05-21 14:49:27,892 [INFO] paper-strat: 📊 TICK 603601.SSE 再升科技 17.77 (+0.97%)
2026-05-21 14:49:28,532 [INFO] paper-strat: ♥ 心跳 | 策略 22 个 | tick 22
2026-05-21 14:49:33,114 [INFO] paper-strat: 📊 TICK 000899.SZSE 赣能股份 12.93 (-3.65%)
2026-05-21 14:49:33,119 [INFO] paper-strat: 📊 TICK 301120.SZSE 新特电气 23.08 (-5.49%)
2026-05-21 14:49:33,119 [INFO] paper-strat: 📊 TICK 002156.SZSE 通富微电 61.92 (-0.58%)
2026-05-21 14:49:33,121 [INFO] paper-strat: 📊 TICK 605006.SSE 山东玻纤 14.30 (-0.49%)
2026-05-21 14:49:33,123 [INFO] paper-strat: 📊 TICK 000600.SZSE 建投能源 10.14 (-0.20%)
2026-05-21 14:49:33,125 [INFO] paper-strat: 📊 TICK 002149.SZSE 西部材料 69.75 (+0.96%)
2026-05-21 14:49:33,125 [INFO] paper-strat: 📊 TICK 001896.SZSE 豫能控股 16.37 (+10.01%)
2026-05-21 14:49:33,126 [INFO] paper-strat: 📊 TICK 600330.SSE 天通股份 27.54 (-4.08%)
2026-05-21 14:49:33,129 [INFO] paper-strat: 📊 TICK 002067.SZSE 景兴纸业 5.23 (+2.75%)
2026-05-21 14:49:33,129 [INFO] paper-strat: 📊 TICK 002428.SZSE 云南锗业 84.38 (-7.27%)
2026-05-21 14:49:33,130 [INFO] paper-strat: 📊 TICK 600021.SSE 上海电力 17.98 (-3.75%)
2026-05-21 14:49:33,131 [INFO] paper-strat: 📊 TICK 603986.SSE 兆易创新 432.10 (-2.90%)
2026-05-21 14:49:38,348 [INFO] paper-strat: 📊 TICK 000899.SZSE 赣能股份 12.94 (-3.58%)
2026-05-21 14:49:38,352 [INFO] paper-strat: 📊 TICK 301120.SZSE 新特电气 23.06 (-5.57%)
2026-05-21 14:49:38,352 [INFO] paper-strat: 📊 TICK 002156.SZSE 通富微电 61.90 (-0.61%)
2026-05-21 14:49:38,353 [INFO] paper-strat: 📊 TICK 605006.SSE 山东玻纤 14.29 (-0.56%)
2026-05-21 14:49:38,354 [INFO] paper-strat: 📊 TICK 301179.SZSE 泽宇智能 24.58 (-7.25%)
2026-05-21 14:49:38,357 [INFO] paper-strat: 📊 TICK 000600.SZSE 建投能源 10.13 (-0.30%)
2026-05-21 14:49:38,358 [INFO] paper-strat: 📊 TICK 002149.SZSE 西部材料 69.72 (+0.91%)
2026-05-21 14:49:38,359 [INFO] paper-strat: 📊 TICK 001896.SZSE 豫能控股 16.36 (+9.95%)
2026-05-21 14:49:38,361 [INFO] paper-strat: 📊 TICK 002428.SZSE 云南锗业 84.35 (-7.31%)
2026-05-21 14:49:38,361 [INFO] paper-strat: 📊 TICK 600021.SSE 上海电力 17.97 (-3.80%)
2026-05-21 14:49:38,363 [INFO] paper-strat: 📊 TICK 603986.SSE 兆易创新 432.09 (-2.91%)
2026-05-21 14:49:38,363 [INFO] paper-strat: 📊 TICK 603601.SSE 再升科技 17.78 (+1.02%)
2026-05-21 14:49:43,533 [INFO] paper-strat: ♥ 心跳 | 策略 22 个 | tick 22
2026-05-21 14:49:43,579 [INFO] paper-strat: 📊 TICK 000899.SZSE 赣能股份 12.93 (-3.65%)
2026-05-21 14:49:43,583 [INFO] paper-strat: 📊 TICK 301120.SZSE 新特电气 23.07 (-5.53%)
2026-05-21 14:49:43,583 [INFO] paper-strat: 📊 TICK 002156.SZSE 通富微电 61.81 (-0.75%)
2026-05-21 14:49:43,585 [INFO] paper-strat: 📊 TICK 301179.SZSE 泽宇智能 24.57 (-7.28%)
2026-05-21 14:49:43,588 [INFO] paper-strat: 📊 TICK 000600.SZSE 建投能源 10.12 (-0.39%)
2026-05-21 14:49:43,588 [INFO] paper-strat: 📊 TICK 001896.SZSE 豫能控股 16.37 (+10.01%)
2026-05-21 14:49:43,591 [INFO] paper-strat: 📊 TICK 002067.SZSE 景兴纸业 5.24 (+2.95%)
2026-05-21 14:49:43,592 [INFO] paper-strat: 📊 TICK 002428.SZSE 云南锗业 84.29 (-7.37%)
2026-05-21 14:49:43,593 [INFO] paper-strat: 📊 TICK 600021.SSE 上海电力 17.98 (-3.75%)
2026-05-21 14:49:43,593 [INFO] paper-strat: 📊 TICK 603986.SSE 兆易创新 431.97 (-2.93%)
2026-05-21 14:49:43,593 [INFO] paper-strat: 📊 TICK 603601.SSE 再升科技 17.79 (+1.08%)
2026-05-21 14:49:48,822 [INFO] paper-strat: 📊 TICK 000899.SZSE 赣能股份 12.94 (-3.58%)
2026-05-21 14:49:48,826 [INFO] paper-strat: 📊 TICK 002709.SZSE 天赐材料 58.00 (+0.00%)
2026-05-21 14:49:48,828 [INFO] paper-strat: 📊 TICK 605006.SSE 山东玻纤 14.30 (-0.49%)
2026-05-21 14:49:48,828 [INFO] paper-strat: 📊 TICK 301179.SZSE 泽宇智能 24.55 (-7.36%)
2026-05-21 14:49:48,831 [INFO] paper-strat: 📊 TICK 002149.SZSE 西部材料 69.71 (+0.90%)
2026-05-21 14:49:48,834 [INFO] paper-strat: 📊 TICK 002067.SZSE 景兴纸业 5.23 (+2.75%)
2026-05-21 14:49:48,835 [INFO] paper-strat: 📊 TICK 002428.SZSE 云南锗业 84.00 (-7.69%)
2026-05-21 14:49:48,835 [INFO] paper-strat: 📊 TICK 600863.SSE 华能蒙电 5.58 (+3.72%)
2026-05-21 14:49:48,836 [INFO] paper-strat: 📊 TICK 600021.SSE 上海电力 17.97 (-3.80%)
2026-05-21 14:49:48,836 [INFO] paper-strat: 📊 TICK 603986.SSE 兆易创新 431.99 (-2.93%)
2026-05-21 14:49:54,057 [INFO] paper-strat: 📊 TICK 000899.SZSE 赣能股份 12.92 (-3.73%)
2026-05-21 14:49:54,060 [INFO] paper-strat: 📊 TICK 301120.SZSE 新特电气 23.06 (-5.57%)
2026-05-21 14:49:54,061 [INFO] paper-strat: 📊 TICK 002156.SZSE 通富微电 61.80 (-0.77%)
2026-05-21 14:49:54,061 [INFO] paper-strat: 📊 TICK 002709.SZSE 天赐材料 57.99 (-0.02%)
2026-05-21 14:49:54,063 [INFO] paper-strat: 📊 TICK 605006.SSE 山东玻纤 14.29 (-0.56%)
2026-05-21 14:49:54,066 [INFO] paper-strat: 📊 TICK 000600.SZSE 建投能源 10.11 (-0.49%)
2026-05-21 14:49:54,066 [INFO] paper-strat: 📊 TICK 600330.SSE 天通股份 27.49 (-4.25%)
2026-05-21 14:49:54,069 [INFO] paper-strat: 📊 TICK 002428.SZSE 云南锗业 83.96 (-7.74%)
2026-05-21 14:49:54,070 [INFO] paper-strat: 📊 TICK 603986.SSE 兆易创新 431.58 (-3.02%)
2026-05-21 14:49:58,535 [INFO] paper-strat: ♥ 心跳 | 策略 22 个 | tick 22
2026-05-21 14:49:59,298 [INFO] paper-strat: 📊 TICK 000899.SZSE 赣能股份 12.93 (-3.65%)
2026-05-21 14:49:59,303 [INFO] paper-strat: 📊 TICK 301120.SZSE 新特电气 23.04 (-5.65%)
2026-05-21 14:49:59,303 [INFO] paper-strat: 📊 TICK 002156.SZSE 通富微电 61.77 (-0.82%)
2026-05-21 14:49:59,304 [INFO] paper-strat: 📊 TICK 002709.SZSE 天赐材料 58.03 (+0.05%)
2026-05-21 14:49:59,304 [INFO] paper-strat: 📊 TICK 002453.SZSE 华软科技 5.70 (-5.63%)
2026-05-21 14:49:59,306 [INFO] paper-strat: 📊 TICK 301179.SZSE 泽宇智能 24.50 (-7.55%)
2026-05-21 14:49:59,308 [INFO] paper-strat: 📊 TICK 002149.SZSE 西部材料 69.70 (+0.88%)
2026-05-21 14:49:59,308 [INFO] paper-strat: 📊 TICK 603178.SSE 圣龙股份 19.84 (-7.20%)
2026-05-21 14:49:59,310 [INFO] paper-strat: 📊 TICK 600330.SSE 天通股份 27.50 (-4.21%)
2026-05-21 14:49:59,313 [INFO] paper-strat: 📊 TICK 002428.SZSE 云南锗业 84.02 (-7.67%)
2026-05-21 14:49:59,314 [INFO] paper-strat: 📊 TICK 600021.SSE 上海电力 17.96 (-3.85%)
2026-05-21 14:49:59,314 [INFO] paper-strat: 📊 TICK 603986.SSE 兆易创新 431.12 (-3.12%)
2026-05-21 14:50:04,529 [INFO] paper-strat: 📊 TICK 000899.SZSE 赣能股份 12.92 (-3.73%)
2026-05-21 14:50:04,532 [INFO] paper-strat: 📊 TICK 301120.SZSE 新特电气 23.03 (-5.69%)
2026-05-21 14:50:04,533 [INFO] paper-strat: 📊 TICK 002156.SZSE 通富微电 61.75 (-0.85%)
2026-05-21 14:50:04,534 [INFO] paper-strat: 📊 TICK 002709.SZSE 天赐材料 58.00 (+0.00%)
2026-05-21 14:50:04,534 [INFO] paper-strat: 📊 TICK 601222.SSE 林洋能源 6.34 (-4.37%)
2026-05-21 14:50:04,534 [INFO] paper-strat: 📊 TICK 301179.SZSE 泽宇智能 24.53 (-7.43%)
2026-05-21 14:50:04,538 [INFO] paper-strat: 📊 TICK 002149.SZSE 西部材料 69.69 (+0.87%)
2026-05-21 14:50:04,539 [INFO] paper-strat: 📊 TICK 600330.SSE 天通股份 27.49 (-4.25%)
2026-05-21 14:50:04,542 [INFO] paper-strat: 📊 TICK 002067.SZSE 景兴纸业 5.24 (+2.95%)
2026-05-21 14:50:04,543 [INFO] paper-strat: 📊 TICK 600021.SSE 上海电力 17.97 (-3.80%)
2026-05-21 14:50:04,543 [INFO] paper-strat: 📊 TICK 603986.SSE 兆易创新 431.00 (-3.15%)
2026-05-21 14:50:09,786 [INFO] paper-strat: 📊 TICK 000899.SZSE 赣能股份 12.93 (-3.65%)
2026-05-21 14:50:09,790 [INFO] paper-strat: 📊 TICK 301120.SZSE 新特电气 23.04 (-5.65%)
2026-05-21 14:50:09,792 [INFO] paper-strat: 📊 TICK 002156.SZSE 通富微电 61.71 (-0.92%)
2026-05-21 14:50:09,793 [INFO] paper-strat: 📊 TICK 601222.SSE 林洋能源 6.33 (-4.52%)
2026-05-21 14:50:09,793 [INFO] paper-strat: 📊 TICK 605006.SSE 山东玻纤 14.28 (-0.63%)
2026-05-21 14:50:09,795 [INFO] paper-strat: 📊 TICK 301179.SZSE 泽宇智能 24.50 (-7.55%)
2026-05-21 14:50:09,797 [INFO] paper-strat: 📊 TICK 603178.SSE 圣龙股份 19.83 (-7.25%)
2026-05-21 14:50:09,802 [INFO] paper-strat: 📊 TICK 002067.SZSE 景兴纸业 5.23 (+2.75%)
2026-05-21 14:50:09,802 [INFO] paper-strat: 📊 TICK 002428.SZSE 云南锗业 84.18 (-7.49%)
2026-05-21 14:50:09,804 [INFO] paper-strat: 📊 TICK 603986.SSE 兆易创新 430.83 (-3.19%)
2026-05-21 14:50:09,804 [INFO] paper-strat: 📊 TICK 603601.SSE 再升科技 17.80 (+1.14%)
2026-05-21 14:50:13,537 [INFO] paper-strat: ♥ 心跳 | 策略 22 个 | tick 22
2026-05-21 14:50:15,042 [INFO] paper-strat: 📊 TICK 301120.SZSE 新特电气 23.03 (-5.69%)
2026-05-21 14:50:15,043 [INFO] paper-strat: 📊 TICK 002156.SZSE 通富微电 61.69 (-0.95%)
2026-05-21 14:50:15,043 [INFO] paper-strat: 📊 TICK 002709.SZSE 天赐材料 57.97 (-0.05%)
2026-05-21 14:50:15,044 [INFO] paper-strat: 📊 TICK 301179.SZSE 泽宇智能 24.51 (-7.51%)
2026-05-21 14:50:15,047 [INFO] paper-strat: 📊 TICK 000600.SZSE 建投能源 10.10 (-0.59%)
2026-05-21 14:50:15,047 [INFO] paper-strat: 📊 TICK 002149.SZSE 西部材料 69.68 (+0.85%)
2026-05-21 14:50:15,049 [INFO] paper-strat: 📊 TICK 600330.SSE 天通股份 27.48 (-4.28%)
2026-05-21 14:50:15,052 [INFO] paper-strat: 📊 TICK 002428.SZSE 云南锗业 84.00 (-7.69%)
2026-05-21 14:50:15,053 [INFO] paper-strat: 📊 TICK 600021.SSE 上海电力 17.96 (-3.85%)
2026-05-21 14:50:15,053 [INFO] paper-strat: 📊 TICK 603986.SSE 兆易创新 430.50 (-3.26%)
2026-05-21 14:50:20,273 [INFO] paper-strat: 📊 TICK 000899.SZSE 赣能股份 12.92 (-3.73%)
2026-05-21 14:50:20,278 [INFO] paper-strat: 📊 TICK 301120.SZSE 新特电气 23.04 (-5.65%)
2026-05-21 14:50:20,278 [INFO] paper-strat: 📊 TICK 002156.SZSE 通富微电 61.84 (-0.71%)
2026-05-21 14:50:20,278 [INFO] paper-strat: 📊 TICK 002709.SZSE 天赐材料 57.81 (-0.33%)
2026-05-21 14:50:20,278 [INFO] paper-strat: 📊 TICK 002453.SZSE 华软科技 5.69 (-5.79%)
2026-05-21 14:50:20,278 [INFO] paper-strat: 📊 TICK 605006.SSE 山东玻纤 14.27 (-0.70%)
2026-05-21 14:50:20,283 [INFO] paper-strat: 📊 TICK 603178.SSE 圣龙股份 19.81 (-7.34%)
2026-05-21 14:50:20,284 [INFO] paper-strat: 📊 TICK 600330.SSE 天通股份 27.47 (-4.32%)
2026-05-21 14:50:20,287 [INFO] paper-strat: 📊 TICK 600863.SSE 华能蒙电 5.59 (+3.90%)
2026-05-21 14:50:20,287 [INFO] paper-strat: 📊 TICK 600021.SSE 上海电力 17.95 (-3.91%)
2026-05-21 14:50:20,288 [INFO] paper-strat: 📊 TICK 603986.SSE 兆易创新 430.37 (-3.29%)
2026-05-21 14:50:20,288 [INFO] paper-strat: 📊 TICK 603601.SSE 再升科技 17.79 (+1.08%)
2026-05-21 14:50:25,530 [INFO] paper-strat: 📊 TICK 000899.SZSE 赣能股份 12.93 (-3.65%)
2026-05-21 14:50:25,532 [INFO] paper-strat: 📊 TICK 301120.SZSE 新特电气 23.03 (-5.69%)
2026-05-21 14:50:25,534 [INFO] paper-strat: 📊 TICK 002156.SZSE 通富微电 61.83 (-0.72%)
2026-05-21 14:50:25,534 [INFO] paper-strat: 📊 TICK 002709.SZSE 天赐材料 57.80 (-0.34%)
2026-05-21 14:50:25,538 [INFO] paper-strat: 📊 TICK 000600.SZSE 建投能源 10.09 (-0.69%)
2026-05-21 14:50:25,538 [INFO] paper-strat: 📊 TICK 002149.SZSE 西部材料 69.60 (+0.74%)
2026-05-21 14:50:25,542 [INFO] paper-strat: 📊 TICK 002428.SZSE 云南锗业 83.99 (-7.70%)
2026-05-21 14:50:25,542 [INFO] paper-strat: 📊 TICK 600863.SSE 华能蒙电 5.58 (+3.72%)
2026-05-21 14:50:25,543 [INFO] paper-strat: 📊 TICK 600021.SSE 上海电力 17.93 (-4.01%)
2026-05-21 14:50:25,543 [INFO] paper-strat: 📊 TICK 603986.SSE 兆易创新 430.30 (-3.31%)
2026-05-21 14:50:25,543 [INFO] paper-strat: 📊 TICK 603601.SSE 再升科技 17.80 (+1.14%)
2026-05-21 14:50:28,539 [INFO] paper-strat: ♥ 心跳 | 策略 22 个 | tick 22
2026-05-21 14:50:30,761 [INFO] paper-strat: 📊 TICK 000899.SZSE 赣能股份 12.92 (-3.73%)
2026-05-21 14:50:30,766 [INFO] paper-strat: 📊 TICK 002156.SZSE 通富微电 61.80 (-0.77%)
2026-05-21 14:50:30,766 [INFO] paper-strat: 📊 TICK 301179.SZSE 泽宇智能 24.54 (-7.40%)
2026-05-21 14:50:30,770 [INFO] paper-strat: 📊 TICK 603178.SSE 圣龙股份 19.80 (-7.39%)
2026-05-21 14:50:30,771 [INFO] paper-strat: 📊 TICK 600330.SSE 天通股份 27.46 (-4.35%)
2026-05-21 14:50:30,774 [INFO] paper-strat: 📊 TICK 002067.SZSE 景兴纸业 5.24 (+2.95%)
2026-05-21 14:50:30,774 [INFO] paper-strat: 📊 TICK 002428.SZSE 云南锗业 84.00 (-7.69%)
2026-05-21 14:50:30,774 [INFO] paper-strat: 📊 TICK 603986.SSE 兆易创新 429.61 (-3.46%)
2026-05-21 14:50:36,003 [INFO] paper-strat: 📊 TICK 000899.SZSE 赣能股份 12.93 (-3.65%)
2026-05-21 14:50:36,007 [INFO] paper-strat: 📊 TICK 301120.SZSE 新特电气 23.01 (-5.77%)
2026-05-21 14:50:36,008 [INFO] paper-strat: 📊 TICK 002156.SZSE 通富微电 61.77 (-0.82%)
2026-05-21 14:50:36,008 [INFO] paper-strat: 📊 TICK 002709.SZSE 天赐材料 57.75 (-0.43%)
2026-05-21 14:50:36,009 [INFO] paper-strat: 📊 TICK 605006.SSE 山东玻纤 14.26 (-0.77%)
2026-05-21 14:50:36,011 [INFO] paper-strat: 📊 TICK 000600.SZSE 建投能源 10.08 (-0.79%)
2026-05-21 14:50:36,015 [INFO] paper-strat: 📊 TICK 002428.SZSE 云南锗业 83.99 (-7.70%)
2026-05-21 14:50:36,015 [INFO] paper-strat: 📊 TICK 600863.SSE 华能蒙电 5.59 (+3.90%)
2026-05-21 14:50:36,016 [INFO] paper-strat: 📊 TICK 603986.SSE 兆易创新 429.07 (-3.58%)
2026-05-21 14:50:41,258 [INFO] paper-strat: 📊 TICK 000899.SZSE 赣能股份 12.92 (-3.73%)
2026-05-21 14:50:41,263 [INFO] paper-strat: 📊 TICK 301120.SZSE 新特电气 23.00 (-5.81%)
2026-05-21 14:50:41,263 [INFO] paper-strat: 📊 TICK 002709.SZSE 天赐材料 57.69 (-0.53%)
2026-05-21 14:50:41,264 [INFO] paper-strat: 📊 TICK 301179.SZSE 泽宇智能 24.51 (-7.51%)
2026-05-21 14:50:41,267 [INFO] paper-strat: 📊 TICK 002149.SZSE 西部材料 69.63 (+0.78%)
2026-05-21 14:50:41,268 [INFO] paper-strat: 📊 TICK 603178.SSE 圣龙股份 19.81 (-7.34%)
2026-05-21 14:50:41,269 [INFO] paper-strat: 📊 TICK 600330.SSE 天通股份 27.47 (-4.32%)
2026-05-21 14:50:41,271 [INFO] paper-strat: 📊 TICK 002067.SZSE 景兴纸业 5.23 (+2.75%)
2026-05-21 14:50:41,273 [INFO] paper-strat: 📊 TICK 002428.SZSE 云南锗业 83.96 (-7.74%)
2026-05-21 14:50:41,273 [INFO] paper-strat: 📊 TICK 603986.SSE 兆易创新 428.66 (-3.68%)
2026-05-21 14:50:43,540 [INFO] paper-strat: ♥ 心跳 | 策略 22 个 | tick 22
2026-05-21 14:50:46,494 [INFO] paper-strat: 📊 TICK 002156.SZSE 通富微电 61.73 (-0.88%)
2026-05-21 14:50:46,495 [INFO] paper-strat: 📊 TICK 002709.SZSE 天赐材料 57.68 (-0.55%)
2026-05-21 14:50:46,496 [INFO] paper-strat: 📊 TICK 605006.SSE 山东玻纤 14.23 (-0.97%)
2026-05-21 14:50:46,496 [INFO] paper-strat: 📊 TICK 301179.SZSE 泽宇智能 24.54 (-7.40%)
2026-05-21 14:50:46,499 [INFO] paper-strat: 📊 TICK 002149.SZSE 西部材料 69.61 (+0.75%)
2026-05-21 14:50:46,499 [INFO] paper-strat: 📊 TICK 603178.SSE 圣龙股份 19.80 (-7.39%)
2026-05-21 14:50:46,501 [INFO] paper-strat: 📊 TICK 600330.SSE 天通股份 27.45 (-4.39%)
2026-05-21 14:50:46,503 [INFO] paper-strat: 📊 TICK 002428.SZSE 云南锗业 83.94 (-7.76%)
2026-05-21 14:50:46,504 [INFO] paper-strat: 📊 TICK 600021.SSE 上海电力 17.94 (-3.96%)
2026-05-21 14:50:51,729 [INFO] paper-strat: 📊 TICK 301120.SZSE 新特电气 23.01 (-5.77%)
2026-05-21 14:50:51,729 [INFO] paper-strat: 📊 TICK 002156.SZSE 通富微电 61.71 (-0.92%)
2026-05-21 14:50:51,729 [INFO] paper-strat: 📊 TICK 002709.SZSE 天赐材料 57.67 (-0.57%)
2026-05-21 14:50:51,732 [INFO] paper-strat: 📊 TICK 601222.SSE 林洋能源 6.34 (-4.37%)
2026-05-21 14:50:51,732 [INFO] paper-strat: 📊 TICK 002453.SZSE 华软科技 5.68 (-5.96%)
2026-05-21 14:50:51,733 [INFO] paper-strat: 📊 TICK 301179.SZSE 泽宇智能 24.51 (-7.51%)
2026-05-21 14:50:51,736 [INFO] paper-strat: 📊 TICK 002149.SZSE 西部材料 69.63 (+0.78%)
2026-05-21 14:50:51,736 [INFO] paper-strat: 📊 TICK 603178.SSE 圣龙股份 19.79 (-7.44%)
2026-05-21 14:50:51,738 [INFO] paper-strat: 📊 TICK 600330.SSE 天通股份 27.43 (-4.46%)
2026-05-21 14:50:51,740 [INFO] paper-strat: 📊 TICK 002067.SZSE 景兴纸业 5.24 (+2.95%)
2026-05-21 14:50:51,741 [INFO] paper-strat: 📊 TICK 002428.SZSE 云南锗业 83.95 (-7.75%)
2026-05-21 14:50:51,741 [INFO] paper-strat: 📊 TICK 600021.SSE 上海电力 17.93 (-4.01%)
2026-05-21 14:50:51,743 [INFO] paper-strat: 📊 TICK 603986.SSE 兆易创新 428.29 (-3.76%)
2026-05-21 14:50:56,956 [INFO] paper-strat: 📊 TICK 301120.SZSE 新特电气 23.00 (-5.81%)
2026-05-21 14:50:56,956 [INFO] paper-strat: 📊 TICK 002156.SZSE 通富微电 61.70 (-0.93%)
2026-05-21 14:50:56,958 [INFO] paper-strat: 📊 TICK 002709.SZSE 天赐材料 57.65 (-0.60%)
2026-05-21 14:50:56,958 [INFO] paper-strat: 📊 TICK 601222.SSE 林洋能源 6.33 (-4.52%)
2026-05-21 14:50:56,958 [INFO] paper-strat: 📊 TICK 002453.SZSE 华软科技 5.69 (-5.79%)
2026-05-21 14:50:56,959 [INFO] paper-strat: 📊 TICK 605006.SSE 山东玻纤 14.22 (-1.04%)
2026-05-21 14:50:56,959 [INFO] paper-strat: 📊 TICK 301179.SZSE 泽宇智能 24.52 (-7.47%)
2026-05-21 14:50:56,963 [INFO] paper-strat: 📊 TICK 002149.SZSE 西部材料 69.64 (+0.80%)
2026-05-21 14:50:56,964 [INFO] paper-strat: 📊 TICK 600310.SSE 广西能源 5.15 (+1.58%)
2026-05-21 14:50:56,964 [INFO] paper-strat: 📊 TICK 600330.SSE 天通股份 27.44 (-4.42%)
2026-05-21 14:50:56,968 [INFO] paper-strat: 📊 TICK 002428.SZSE 云南锗业 83.91 (-7.79%)
2026-05-21 14:50:56,969 [INFO] paper-strat: 📊 TICK 603986.SSE 兆易创新 428.18 (-3.78%)
2026-05-21 14:50:56,969 [INFO] paper-strat: 📊 TICK 603601.SSE 再升科技 17.81 (+1.19%)
2026-05-21 14:50:58,542 [INFO] paper-strat: ♥ 心跳 | 策略 22 个 | tick 22
2026-05-21 14:51:02,206 [INFO] paper-strat: 📊 TICK 000899.SZSE 赣能股份 12.93 (-3.65%)
2026-05-21 14:51:02,210 [INFO] paper-strat: 📊 TICK 002709.SZSE 天赐材料 57.61 (-0.67%)
2026-05-21 14:51:02,212 [INFO] paper-strat: 📊 TICK 002453.SZSE 华软科技 5.68 (-5.96%)
2026-05-21 14:51:02,212 [INFO] paper-strat: 📊 TICK 301179.SZSE 泽宇智能 24.53 (-7.43%)
2026-05-21 14:51:02,215 [INFO] paper-strat: 📊 TICK 000600.SZSE 建投能源 10.09 (-0.69%)
2026-05-21 14:51:02,215 [INFO] paper-strat: 📊 TICK 002149.SZSE 西部材料 69.65 (+0.81%)
2026-05-21 14:51:02,217 [INFO] paper-strat: 📊 TICK 603178.SSE 圣龙股份 19.78 (-7.48%)
2026-05-21 14:51:02,217 [INFO] paper-strat: 📊 TICK 600330.SSE 天通股份 27.46 (-4.35%)
2026-05-21 14:51:02,220 [INFO] paper-strat: 📊 TICK 002067.SZSE 景兴纸业 5.23 (+2.75%)
2026-05-21 14:51:02,222 [INFO] paper-strat: 📊 TICK 002428.SZSE 云南锗业 84.10 (-7.58%)
2026-05-21 14:51:02,222 [INFO] paper-strat: 📊 TICK 600021.SSE 上海电力 17.94 (-3.96%)
2026-05-21 14:51:02,222 [INFO] paper-strat: 📊 TICK 603986.SSE 兆易创新 428.22 (-3.78%)
2026-05-21 14:51:07,461 [INFO] paper-strat: 📊 TICK 301120.SZSE 新特电气 23.03 (-5.69%)
2026-05-21 14:51:07,462 [INFO] paper-strat: 📊 TICK 002156.SZSE 通富微电 61.68 (-0.96%)
2026-05-21 14:51:07,463 [INFO] paper-strat: 📊 TICK 601222.SSE 林洋能源 6.34 (-4.37%)
2026-05-21 14:51:07,463 [INFO] paper-strat: 📊 TICK 002453.SZSE 华软科技 5.69 (-5.79%)
2026-05-21 14:51:07,464 [INFO] paper-strat: 📊 TICK 301179.SZSE 泽宇智能 24.52 (-7.47%)
2026-05-21 14:51:07,467 [INFO] paper-strat: 📊 TICK 000600.SZSE 建投能源 10.11 (-0.49%)
2026-05-21 14:51:07,467 [INFO] paper-strat: 📊 TICK 603178.SSE 圣龙股份 19.76 (-7.58%)
2026-05-21 14:51:07,469 [INFO] paper-strat: 📊 TICK 600330.SSE 天通股份 27.49 (-4.25%)
2026-05-21 14:51:07,471 [INFO] paper-strat: 📊 TICK 002428.SZSE 云南锗业 84.20 (-7.47%)
2026-05-21 14:51:07,471 [INFO] paper-strat: 📊 TICK 600021.SSE 上海电力 17.95 (-3.91%)
2026-05-21 14:51:07,473 [INFO] paper-strat: 📊 TICK 603986.SSE 兆易创新 428.00 (-3.82%)
2026-05-21 14:51:12,698 [INFO] paper-strat: 📊 TICK 000899.SZSE 赣能股份 12.92 (-3.73%)
2026-05-21 14:51:12,703 [INFO] paper-strat: 📊 TICK 301120.SZSE 新特电气 23.02 (-5.73%)
2026-05-21 14:51:12,703 [INFO] paper-strat: 📊 TICK 002156.SZSE 通富微电 61.70 (-0.93%)
2026-05-21 14:51:12,704 [INFO] paper-strat: 📊 TICK 002709.SZSE 天赐材料 57.69 (-0.53%)
2026-05-21 14:51:12,704 [INFO] paper-strat: 📊 TICK 301179.SZSE 泽宇智能 24.54 (-7.40%)
2026-05-21 14:51:12,707 [INFO] paper-strat: 📊 TICK 002149.SZSE 西部材料 69.66 (+0.83%)
2026-05-21 14:51:12,707 [INFO] paper-strat: 📊 TICK 600310.SSE 广西能源 5.14 (+1.38%)
2026-05-21 14:51:12,709 [INFO] paper-strat: 📊 TICK 603178.SSE 圣龙股份 19.79 (-7.44%)
2026-05-21 14:51:12,709 [INFO] paper-strat: 📊 TICK 600330.SSE 天通股份 27.45 (-4.39%)
2026-05-21 14:51:12,711 [INFO] paper-strat: 📊 TICK 002428.SZSE 云南锗业 84.09 (-7.59%)
2026-05-21 14:51:12,713 [INFO] paper-strat: 📊 TICK 603986.SSE 兆易创新 428.17 (-3.79%)
2026-05-21 14:51:13,543 [INFO] paper-strat: ♥ 心跳 | 策略 22 个 | tick 22
2026-05-21 14:51:17,925 [INFO] paper-strat: 📊 TICK 000899.SZSE 赣能股份 12.93 (-3.65%)
2026-05-21 14:51:17,929 [INFO] paper-strat: 📊 TICK 002156.SZSE 通富微电 61.69 (-0.95%)
2026-05-21 14:51:17,929 [INFO] paper-strat: 📊 TICK 002709.SZSE 天赐材料 57.70 (-0.52%)
2026-05-21 14:51:17,933 [INFO] paper-strat: 📊 TICK 000600.SZSE 建投能源 10.10 (-0.59%)
2026-05-21 14:51:17,934 [INFO] paper-strat: 📊 TICK 002149.SZSE 西部材料 69.65 (+0.81%)
2026-05-21 14:51:17,934 [INFO] paper-strat: 📊 TICK 600310.SSE 广西能源 5.15 (+1.58%)
2026-05-21 14:51:17,935 [INFO] paper-strat: 📊 TICK 603178.SSE 圣龙股份 19.80 (-7.39%)
2026-05-21 14:51:17,935 [INFO] paper-strat: 📊 TICK 600330.SSE 天通股份 27.44 (-4.42%)
2026-05-21 14:51:17,938 [INFO] paper-strat: 📊 TICK 002428.SZSE 云南锗业 83.99 (-7.70%)
2026-05-21 14:51:17,939 [INFO] paper-strat: 📊 TICK 603986.SSE 兆易创新 427.99 (-3.83%)
2026-05-21 14:51:17,939 [INFO] paper-strat: 📊 TICK 603601.SSE 再升科技 17.80 (+1.14%)
2026-05-21 14:51:23,158 [INFO] paper-strat: 📊 TICK 000899.SZSE 赣能股份 12.92 (-3.73%)
2026-05-21 14:51:23,161 [INFO] paper-strat: 📊 TICK 301120.SZSE 新特电气 23.06 (-5.57%)
2026-05-21 14:51:23,163 [INFO] paper-strat: 📊 TICK 002156.SZSE 通富微电 61.68 (-0.96%)
2026-05-21 14:51:23,164 [INFO] paper-strat: 📊 TICK 002709.SZSE 天赐材料 57.74 (-0.45%)
2026-05-21 14:51:23,164 [INFO] paper-strat: 📊 TICK 601222.SSE 林洋能源 6.33 (-4.52%)
2026-05-21 14:51:23,165 [INFO] paper-strat: 📊 TICK 605006.SSE 山东玻纤 14.20 (-1.18%)
2026-05-21 14:51:23,165 [INFO] paper-strat: 📊 TICK 301179.SZSE 泽宇智能 24.51 (-7.51%)
2026-05-21 14:51:23,168 [INFO] paper-strat: 📊 TICK 000600.SZSE 建投能源 10.09 (-0.69%)
2026-05-21 14:51:23,169 [INFO] paper-strat: 📊 TICK 002149.SZSE 西部材料 69.67 (+0.84%)
2026-05-21 14:51:23,169 [INFO] paper-strat: 📊 TICK 600310.SSE 广西能源 5.14 (+1.38%)
2026-05-21 14:51:23,170 [INFO] paper-strat: 📊 TICK 600330.SSE 天通股份 27.42 (-4.49%)
2026-05-21 14:51:23,173 [INFO] paper-strat: 📊 TICK 002428.SZSE 云南锗业 83.95 (-7.75%)
2026-05-21 14:51:23,173 [INFO] paper-strat: 📊 TICK 603986.SSE 兆易创新 428.10 (-3.80%)
2026-05-21 14:51:23,175 [INFO] paper-strat: 📊 TICK 603601.SSE 再升科技 17.81 (+1.19%)
2026-05-21 14:51:28,396 [INFO] paper-strat: 📊 TICK 002156.SZSE 通富微电 61.66 (-1.00%)
2026-05-21 14:51:28,396 [INFO] paper-strat: 📊 TICK 605006.SSE 山东玻纤 14.21 (-1.11%)
2026-05-21 14:51:28,398 [INFO] paper-strat: 📊 TICK 600310.SSE 广西能源 5.15 (+1.58%)
2026-05-21 14:51:28,400 [INFO] paper-strat: 📊 TICK 603178.SSE 圣龙股份 19.79 (-7.44%)
2026-05-21 14:51:28,400 [INFO] paper-strat: 📊 TICK 600330.SSE 天通股份 27.43 (-4.46%)
2026-05-21 14:51:28,404 [INFO] paper-strat: 📊 TICK 002067.SZSE 景兴纸业 5.22 (+2.55%)
2026-05-21 14:51:28,404 [INFO] paper-strat: 📊 TICK 603986.SSE 兆易创新 427.99 (-3.83%)
2026-05-21 14:51:28,404 [INFO] paper-strat: 📊 TICK 603601.SSE 再升科技 17.80 (+1.14%)
2026-05-21 14:51:28,546 [INFO] paper-strat: ♥ 心跳 | 策略 22 个 | tick 22
2026-05-21 14:51:33,617 [INFO] paper-strat: 📊 TICK 002156.SZSE 通富微电 61.68 (-0.96%)
2026-05-21 14:51:33,622 [INFO] paper-strat: 📊 TICK 002453.SZSE 华软科技 5.68 (-5.96%)
2026-05-21 14:51:33,622 [INFO] paper-strat: 📊 TICK 301179.SZSE 泽宇智能 24.52 (-7.47%)
2026-05-21 14:51:33,626 [INFO] paper-strat: 📊 TICK 603178.SSE 圣龙股份 19.80 (-7.39%)
2026-05-21 14:51:33,627 [INFO] paper-strat: 📊 TICK 600330.SSE 天通股份 27.40 (-4.56%)
2026-05-21 14:51:33,630 [INFO] paper-strat: 📊 TICK 002428.SZSE 云南锗业 83.94 (-7.76%)
2026-05-21 14:51:33,631 [INFO] paper-strat: 📊 TICK 600021.SSE 上海电力 17.96 (-3.85%)
2026-05-21 14:51:33,631 [INFO] paper-strat: 📊 TICK 603986.SSE 兆易创新 428.00 (-3.82%)
2026-05-21 14:51:33,631 [INFO] paper-strat: 📊 TICK 603601.SSE 再升科技 17.81 (+1.19%)
2026-05-21 14:51:38,853 [INFO] paper-strat: 📊 TICK 000899.SZSE 赣能股份 12.91 (-3.80%)
2026-05-21 14:51:38,857 [INFO] paper-strat: 📊 TICK 002156.SZSE 通富微电 61.64 (-1.03%)
2026-05-21 14:51:38,858 [INFO] paper-strat: 📊 TICK 002709.SZSE 天赐材料 57.72 (-0.48%)
2026-05-21 14:51:38,858 [INFO] paper-strat: 📊 TICK 605006.SSE 山东玻纤 14.20 (-1.18%)
2026-05-21 14:51:38,862 [INFO] paper-strat: 📊 TICK 600310.SSE 广西能源 5.14 (+1.38%)
2026-05-21 14:51:38,862 [INFO] paper-strat: 📊 TICK 603178.SSE 圣龙股份 19.79 (-7.44%)
2026-05-21 14:51:38,865 [INFO] paper-strat: 📊 TICK 002067.SZSE 景兴纸业 5.23 (+2.75%)
2026-05-21 14:51:38,866 [INFO] paper-strat: 📊 TICK 002428.SZSE 云南锗业 83.90 (-7.80%)
2026-05-21 14:51:43,548 [INFO] paper-strat: ♥ 心跳 | 策略 22 个 | tick 22
2026-05-21 14:51:44,113 [INFO] paper-strat: 📊 TICK 301120.SZSE 新特电气 23.02 (-5.73%)
2026-05-21 14:51:44,114 [INFO] paper-strat: 📊 TICK 002156.SZSE 通富微电 61.61 (-1.08%)
2026-05-21 14:51:44,114 [INFO] paper-strat: 📊 TICK 002709.SZSE 天赐材料 57.69 (-0.53%)
2026-05-21 14:51:44,116 [INFO] paper-strat: 📊 TICK 301179.SZSE 泽宇智能 24.50 (-7.55%)
2026-05-21 14:51:44,118 [INFO] paper-strat: 📊 TICK 002149.SZSE 西部材料 69.66 (+0.83%)
2026-05-21 14:51:44,122 [INFO] paper-strat: 📊 TICK 002067.SZSE 景兴纸业 5.22 (+2.55%)
2026-05-21 14:51:44,122 [INFO] paper-strat: 📊 TICK 002428.SZSE 云南锗业 83.93 (-7.77%)
2026-05-21 14:51:44,123 [INFO] paper-strat: 📊 TICK 600021.SSE 上海电力 17.95 (-3.91%)
2026-05-21 14:51:44,124 [INFO] paper-strat: 📊 TICK 603986.SSE 兆易创新 427.97 (-3.83%)
2026-05-21 14:51:49,357 [INFO] paper-strat: 📊 TICK 000899.SZSE 赣能股份 12.90 (-3.87%)
2026-05-21 14:51:49,360 [INFO] paper-strat: 📊 TICK 301120.SZSE 新特电气 23.01 (-5.77%)
2026-05-21 14:51:49,360 [INFO] paper-strat: 📊 TICK 002156.SZSE 通富微电 61.60 (-1.09%)
2026-05-21 14:51:49,362 [INFO] paper-strat: 📊 TICK 605006.SSE 山东玻纤 14.21 (-1.11%)
2026-05-21 14:51:49,362 [INFO] paper-strat: 📊 TICK 301179.SZSE 泽宇智能 24.51 (-7.51%)
2026-05-21 14:51:49,365 [INFO] paper-strat: 📊 TICK 000600.SZSE 建投能源 10.08 (-0.79%)
2026-05-21 14:51:49,366 [INFO] paper-strat: 📊 TICK 603178.SSE 圣龙股份 19.77 (-7.53%)
2026-05-21 14:51:49,369 [INFO] paper-strat: 📊 TICK 002428.SZSE 云南锗业 83.75 (-7.97%)
2026-05-21 14:51:49,370 [INFO] paper-strat: 📊 TICK 603986.SSE 兆易创新 427.90 (-3.85%)
2026-05-21 14:51:54,598 [INFO] paper-strat: 📊 TICK 301120.SZSE 新特电气 23.00 (-5.81%)
2026-05-21 14:51:54,598 [INFO] paper-strat: 📊 TICK 002156.SZSE 通富微电 61.58 (-1.12%)
2026-05-21 14:51:54,599 [INFO] paper-strat: 📊 TICK 002709.SZSE 天赐材料 57.68 (-0.55%)
2026-05-21 14:51:54,599 [INFO] paper-strat: 📊 TICK 605006.SSE 山东玻纤 14.20 (-1.18%)
2026-05-21 14:51:54,600 [INFO] paper-strat: 📊 TICK 301179.SZSE 泽宇智能 24.48 (-7.62%)
2026-05-21 14:51:54,603 [INFO] paper-strat: 📊 TICK 000600.SZSE 建投能源 10.09 (-0.69%)
2026-05-21 14:51:54,604 [INFO] paper-strat: 📊 TICK 600330.SSE 天通股份 27.37 (-4.67%)
2026-05-21 14:51:54,608 [INFO] paper-strat: 📊 TICK 600863.SSE 华能蒙电 5.58 (+3.72%)
2026-05-21 14:51:54,608 [INFO] paper-strat: 📊 TICK 603986.SSE 兆易创新 428.02 (-3.82%)
2026-05-21 14:51:58,550 [INFO] paper-strat: ♥ 心跳 | 策略 22 个 | tick 22
2026-05-21 14:51:59,827 [INFO] paper-strat: 📊 TICK 000899.SZSE 赣能股份 12.91 (-3.80%)
2026-05-21 14:51:59,830 [INFO] paper-strat: 📊 TICK 002156.SZSE 通富微电 61.56 (-1.16%)
2026-05-21 14:51:59,831 [INFO] paper-strat: 📊 TICK 002709.SZSE 天赐材料 57.69 (-0.53%)
2026-05-21 14:51:59,834 [INFO] paper-strat: 📊 TICK 600330.SSE 天通股份 27.35 (-4.74%)
2026-05-21 14:51:59,837 [INFO] paper-strat: 📊 TICK 002428.SZSE 云南锗业 83.69 (-8.03%)
2026-05-21 14:51:59,838 [INFO] paper-strat: 📊 TICK 603986.SSE 兆易创新 428.18 (-3.78%)
2026-05-21 14:52:05,054 [INFO] paper-strat: 📊 TICK 000899.SZSE 赣能股份 12.90 (-3.87%)
2026-05-21 14:52:05,058 [INFO] paper-strat: 📊 TICK 301120.SZSE 新特电气 22.99 (-5.86%)
2026-05-21 14:52:05,059 [INFO] paper-strat: 📊 TICK 002156.SZSE 通富微电 61.55 (-1.17%)
2026-05-21 14:52:05,059 [INFO] paper-strat: 📊 TICK 002709.SZSE 天赐材料 57.68 (-0.55%)
2026-05-21 14:52:05,061 [INFO] paper-strat: 📊 TICK 002453.SZSE 华软科技 5.69 (-5.79%)
2026-05-21 14:52:05,064 [INFO] paper-strat: 📊 TICK 000600.SZSE 建投能源 10.08 (-0.79%)
2026-05-21 14:52:05,064 [INFO] paper-strat: 📊 TICK 600330.SSE 天通股份 27.36 (-4.70%)
2026-05-21 14:52:05,066 [INFO] paper-strat: 📊 TICK 002067.SZSE 景兴纸业 5.21 (+2.36%)
2026-05-21 14:52:05,068 [INFO] paper-strat: 📊 TICK 002428.SZSE 云南锗业 83.67 (-8.05%)
2026-05-21 14:52:05,068 [INFO] paper-strat: 📊 TICK 603986.SSE 兆易创新 428.21 (-3.78%)
2026-05-21 14:52:10,368 [INFO] paper-strat: 📊 TICK 002156.SZSE 通富微电 61.51 (-1.24%)
2026-05-21 14:52:10,369 [INFO] paper-strat: 📊 TICK 002453.SZSE 华软科技 5.68 (-5.96%)
2026-05-21 14:52:10,370 [INFO] paper-strat: 📊 TICK 605006.SSE 山东玻纤 14.19 (-1.25%)
2026-05-21 14:52:10,373 [INFO] paper-strat: 📊 TICK 600330.SSE 天通股份 27.33 (-4.81%)
2026-05-21 14:52:10,376 [INFO] paper-strat: 📊 TICK 002067.SZSE 景兴纸业 5.22 (+2.55%)
2026-05-21 14:52:10,377 [INFO] paper-strat: 📊 TICK 002428.SZSE 云南锗业 83.50 (-8.24%)
2026-05-21 14:52:10,378 [INFO] paper-strat: 📊 TICK 603986.SSE 兆易创新 428.49 (-3.71%)
2026-05-21 14:52:10,378 [INFO] paper-strat: 📊 TICK 603601.SSE 再升科技 17.82 (+1.25%)
2026-05-21 14:52:13,552 [INFO] paper-strat: ♥ 心跳 | 策略 22 个 | tick 22
2026-05-21 14:52:15,592 [INFO] paper-strat: 📊 TICK 301120.SZSE 新特电气 22.98 (-5.90%)
2026-05-21 14:52:15,593 [INFO] paper-strat: 📊 TICK 002709.SZSE 天赐材料 57.62 (-0.66%)
2026-05-21 14:52:15,594 [INFO] paper-strat: 📊 TICK 605006.SSE 山东玻纤 14.17 (-1.39%)
2026-05-21 14:52:15,594 [INFO] paper-strat: 📊 TICK 301179.SZSE 泽宇智能 24.50 (-7.55%)
2026-05-21 14:52:15,597 [INFO] paper-strat: 📊 TICK 600330.SSE 天通股份 27.32 (-4.84%)
2026-05-21 14:52:15,601 [INFO] paper-strat: 📊 TICK 002067.SZSE 景兴纸业 5.21 (+2.36%)
2026-05-21 14:52:15,601 [INFO] paper-strat: 📊 TICK 600021.SSE 上海电力 17.93 (-4.01%)
2026-05-21 14:52:15,601 [INFO] paper-strat: 📊 TICK 603986.SSE 兆易创新 428.80 (-3.64%)
2026-05-21 14:52:20,827 [INFO] paper-strat: 📊 TICK 301120.SZSE 新特电气 22.97 (-5.94%)
2026-05-21 14:52:20,827 [INFO] paper-strat: 📊 TICK 601222.SSE 林洋能源 6.34 (-4.37%)
2026-05-21 14:52:20,827 [INFO] paper-strat: 📊 TICK 002453.SZSE 华软科技 5.67 (-6.13%)
2026-05-21 14:52:20,829 [INFO] paper-strat: 📊 TICK 301179.SZSE 泽宇智能 24.48 (-7.62%)
2026-05-21 14:52:20,834 [INFO] paper-strat: 📊 TICK 000600.SZSE 建投能源 10.07 (-0.89%)
2026-05-21 14:52:20,835 [INFO] paper-strat: 📊 TICK 002149.SZSE 西部材料 69.65 (+0.81%)
2026-05-21 14:52:20,835 [INFO] paper-strat: 📊 TICK 600310.SSE 广西能源 5.15 (+1.58%)
2026-05-21 14:52:20,836 [INFO] paper-strat: 📊 TICK 603178.SSE 圣龙股份 19.75 (-7.62%)
2026-05-21 14:52:20,837 [INFO] paper-strat: 📊 TICK 600330.SSE 天通股份 27.31 (-4.88%)
2026-05-21 14:52:20,841 [INFO] paper-strat: 📊 TICK 002428.SZSE 云南锗业 83.45 (-8.30%)
2026-05-21 14:52:20,841 [INFO] paper-strat: 📊 TICK 600021.SSE 上海电力 17.94 (-3.96%)
2026-05-21 14:52:20,842 [INFO] paper-strat: 📊 TICK 603986.SSE 兆易创新 428.58 (-3.69%)
2026-05-21 14:52:26,057 [INFO] paper-strat: 📊 TICK 002156.SZSE 通富微电 61.52 (-1.22%)
2026-05-21 14:52:26,057 [INFO] paper-strat: 📊 TICK 002709.SZSE 天赐材料 57.65 (-0.60%)
2026-05-21 14:52:26,057 [INFO] paper-strat: 📊 TICK 601222.SSE 林洋能源 6.33 (-4.52%)
2026-05-21 14:52:26,058 [INFO] paper-strat: 📊 TICK 002453.SZSE 华软科技 5.68 (-5.96%)
2026-05-21 14:52:26,061 [INFO] paper-strat: 📊 TICK 000600.SZSE 建投能源 10.08 (-0.79%)
2026-05-21 14:52:26,063 [INFO] paper-strat: 📊 TICK 002149.SZSE 西部材料 69.64 (+0.80%)
2026-05-21 14:52:26,063 [INFO] paper-strat: 📊 TICK 600330.SSE 天通股份 27.32 (-4.84%)
2026-05-21 14:52:26,066 [INFO] paper-strat: 📊 TICK 002428.SZSE 云南锗业 83.49 (-8.25%)
2026-05-21 14:52:26,067 [INFO] paper-strat: 📊 TICK 603986.SSE 兆易创新 428.49 (-3.71%)
2026-05-21 14:52:28,554 [INFO] paper-strat: ♥ 心跳 | 策略 22 个 | tick 22
2026-05-21 14:52:31,291 [INFO] paper-strat: 📊 TICK 000899.SZSE 赣能股份 12.89 (-3.95%)
2026-05-21 14:52:31,295 [INFO] paper-strat: 📊 TICK 002156.SZSE 通富微电 61.55 (-1.17%)
2026-05-21 14:52:31,296 [INFO] paper-strat: 📊 TICK 002709.SZSE 天赐材料 57.61 (-0.67%)
2026-05-21 14:52:31,297 [INFO] paper-strat: 📊 TICK 601222.SSE 林洋能源 6.34 (-4.37%)
2026-05-21 14:52:31,297 [INFO] paper-strat: 📊 TICK 002453.SZSE 华软科技 5.67 (-6.13%)
2026-05-21 14:52:31,298 [INFO] paper-strat: 📊 TICK 605006.SSE 山东玻纤 14.16 (-1.46%)
2026-05-21 14:52:31,298 [INFO] paper-strat: 📊 TICK 301179.SZSE 泽宇智能 24.42 (-7.85%)
2026-05-21 14:52:31,301 [INFO] paper-strat: 📊 TICK 002149.SZSE 西部材料 69.65 (+0.81%)
2026-05-21 14:52:31,302 [INFO] paper-strat: 📊 TICK 600310.SSE 广西能源 5.14 (+1.38%)
2026-05-21 14:52:31,302 [INFO] paper-strat: 📊 TICK 600330.SSE 天通股份 27.29 (-4.95%)
2026-05-21 14:52:31,306 [INFO] paper-strat: 📊 TICK 002428.SZSE 云南锗业 83.51 (-8.23%)
2026-05-21 14:52:31,307 [INFO] paper-strat: 📊 TICK 600863.SSE 华能蒙电 5.59 (+3.90%)
2026-05-21 14:52:31,307 [INFO] paper-strat: 📊 TICK 600021.SSE 上海电力 17.93 (-4.01%)
2026-05-21 14:52:31,307 [INFO] paper-strat: 📊 TICK 603986.SSE 兆易创新 428.64 (-3.68%)
2026-05-21 14:52:31,309 [INFO] paper-strat: 📊 TICK 603601.SSE 再升科技 17.83 (+1.31%)
2026-05-21 14:52:36,541 [INFO] paper-strat: 📊 TICK 002156.SZSE 通富微电 61.53 (-1.20%)
2026-05-21 14:52:36,546 [INFO] paper-strat: 📊 TICK 603178.SSE 圣龙股份 19.74 (-7.67%)
2026-05-21 14:52:36,547 [INFO] paper-strat: 📊 TICK 600330.SSE 天通股份 27.28 (-4.98%)
2026-05-21 14:52:36,550 [INFO] paper-strat: 📊 TICK 002428.SZSE 云南锗业 83.64 (-8.09%)
2026-05-21 14:52:36,550 [INFO] paper-strat: 📊 TICK 600863.SSE 华能蒙电 5.58 (+3.72%)
2026-05-21 14:52:36,550 [INFO] paper-strat: 📊 TICK 600021.SSE 上海电力 17.94 (-3.96%)
2026-05-21 14:52:36,551 [INFO] paper-strat: 📊 TICK 603986.SSE 兆易创新 428.72 (-3.66%)
2026-05-21 14:52:41,781 [INFO] paper-strat: 📊 TICK 301120.SZSE 新特电气 22.96 (-5.98%)
2026-05-21 14:52:41,782 [INFO] paper-strat: 📊 TICK 002156.SZSE 通富微电 61.51 (-1.24%)
2026-05-21 14:52:41,782 [INFO] paper-strat: 📊 TICK 002709.SZSE 天赐材料 57.58 (-0.72%)
2026-05-21 14:52:41,784 [INFO] paper-strat: 📊 TICK 601222.SSE 林洋能源 6.33 (-4.52%)
2026-05-21 14:52:41,784 [INFO] paper-strat: 📊 TICK 002453.SZSE 华软科技 5.68 (-5.96%)
2026-05-21 14:52:41,784 [INFO] paper-strat: 📊 TICK 605006.SSE 山东玻纤 14.13 (-1.67%)
2026-05-21 14:52:41,785 [INFO] paper-strat: 📊 TICK 301179.SZSE 泽宇智能 24.41 (-7.89%)
2026-05-21 14:52:41,788 [INFO] paper-strat: 📊 TICK 000600.SZSE 建投能源 10.07 (-0.89%)
2026-05-21 14:52:41,789 [INFO] paper-strat: 📊 TICK 600310.SSE 广西能源 5.15 (+1.58%)
2026-05-21 14:52:41,791 [INFO] paper-strat: 📊 TICK 002067.SZSE 景兴纸业 5.22 (+2.55%)
2026-05-21 14:52:41,792 [INFO] paper-strat: 📊 TICK 002428.SZSE 云南锗业 83.65 (-8.08%)
2026-05-21 14:52:41,792 [INFO] paper-strat: 📊 TICK 600021.SSE 上海电力 17.93 (-4.01%)
2026-05-21 14:52:41,793 [INFO] paper-strat: 📊 TICK 603986.SSE 兆易创新 428.64 (-3.68%)
2026-05-21 14:52:43,556 [INFO] paper-strat: ♥ 心跳 | 策略 22 个 | tick 22
2026-05-21 14:52:47,004 [INFO] paper-strat: 📊 TICK 301120.SZSE 新特电气 22.95 (-6.02%)
2026-05-21 14:52:47,006 [INFO] paper-strat: 📊 TICK 002156.SZSE 通富微电 61.50 (-1.25%)
2026-05-21 14:52:47,006 [INFO] paper-strat: 📊 TICK 002709.SZSE 天赐材料 57.55 (-0.78%)
2026-05-21 14:52:47,007 [INFO] paper-strat: 📊 TICK 605006.SSE 山东玻纤 14.15 (-1.53%)
2026-05-21 14:52:47,007 [INFO] paper-strat: 📊 TICK 301179.SZSE 泽宇智能 24.40 (-7.92%)
2026-05-21 14:52:47,010 [INFO] paper-strat: 📊 TICK 000600.SZSE 建投能源 10.08 (-0.79%)
2026-05-21 14:52:47,011 [INFO] paper-strat: 📊 TICK 002149.SZSE 西部材料 69.64 (+0.80%)
2026-05-21 14:52:47,011 [INFO] paper-strat: 📊 TICK 603178.SSE 圣龙股份 19.75 (-7.62%)
2026-05-21 14:52:47,013 [INFO] paper-strat: 📊 TICK 600330.SSE 天通股份 27.27 (-5.02%)
2026-05-21 14:52:47,015 [INFO] paper-strat: 📊 TICK 002067.SZSE 景兴纸业 5.21 (+2.36%)
2026-05-21 14:52:47,015 [INFO] paper-strat: 📊 TICK 002428.SZSE 云南锗业 83.40 (-8.35%)
2026-05-21 14:52:47,016 [INFO] paper-strat: 📊 TICK 600863.SSE 华能蒙电 5.59 (+3.90%)
2026-05-21 14:52:47,016 [INFO] paper-strat: 📊 TICK 600021.SSE 上海电力 17.94 (-3.96%)
2026-05-21 14:52:47,017 [INFO] paper-strat: 📊 TICK 603986.SSE 兆易创新 428.65 (-3.68%)
2026-05-21 14:52:52,239 [INFO] paper-strat: 📊 TICK 002709.SZSE 天赐材料 57.52 (-0.83%)
2026-05-21 14:52:52,240 [INFO] paper-strat: 📊 TICK 002453.SZSE 华软科技 5.67 (-6.13%)
2026-05-21 14:52:52,240 [INFO] paper-strat: 📊 TICK 605006.SSE 山东玻纤 14.13 (-1.67%)
2026-05-21 14:52:52,240 [INFO] paper-strat: 📊 TICK 301179.SZSE 泽宇智能 24.41 (-7.89%)
2026-05-21 14:52:52,244 [INFO] paper-strat: 📊 TICK 000600.SZSE 建投能源 10.09 (-0.69%)
2026-05-21 14:52:52,245 [INFO] paper-strat: 📊 TICK 002149.SZSE 西部材料 69.63 (+0.78%)
2026-05-21 14:52:52,245 [INFO] paper-strat: 📊 TICK 600310.SSE 广西能源 5.16 (+1.78%)
2026-05-21 14:52:52,246 [INFO] paper-strat: 📊 TICK 600330.SSE 天通股份 27.32 (-4.84%)
2026-05-21 14:52:52,249 [INFO] paper-strat: 📊 TICK 600863.SSE 华能蒙电 5.58 (+3.72%)
2026-05-21 14:52:52,249 [INFO] paper-strat: 📊 TICK 603986.SSE 兆易创新 428.64 (-3.68%)
2026-05-21 14:52:57,478 [INFO] paper-strat: 📊 TICK 301120.SZSE 新特电气 22.96 (-5.98%)
2026-05-21 14:52:57,479 [INFO] paper-strat: 📊 TICK 002709.SZSE 天赐材料 57.44 (-0.97%)
2026-05-21 14:52:57,480 [INFO] paper-strat: 📊 TICK 601222.SSE 林洋能源 6.32 (-4.68%)
2026-05-21 14:52:57,480 [INFO] paper-strat: 📊 TICK 002453.SZSE 华软科技 5.68 (-5.96%)
2026-05-21 14:52:57,481 [INFO] paper-strat: 📊 TICK 605006.SSE 山东玻纤 14.16 (-1.46%)
2026-05-21 14:52:57,481 [INFO] paper-strat: 📊 TICK 301179.SZSE 泽宇智能 24.42 (-7.85%)
2026-05-21 14:52:57,484 [INFO] paper-strat: 📊 TICK 000600.SZSE 建投能源 10.08 (-0.79%)
2026-05-21 14:52:57,485 [INFO] paper-strat: 📊 TICK 603178.SSE 圣龙股份 19.76 (-7.58%)
2026-05-21 14:52:57,487 [INFO] paper-strat: 📊 TICK 600863.SSE 华能蒙电 5.59 (+3.90%)
2026-05-21 14:52:57,489 [INFO] paper-strat: 📊 TICK 603986.SSE 兆易创新 428.80 (-3.64%)
2026-05-21 14:52:58,558 [INFO] paper-strat: ♥ 心跳 | 策略 22 个 | tick 22
2026-05-21 14:53:02,718 [INFO] paper-strat: 📊 TICK 000899.SZSE 赣能股份 12.88 (-4.02%)
2026-05-21 14:53:02,722 [INFO] paper-strat: 📊 TICK 301120.SZSE 新特电气 22.94 (-6.06%)
2026-05-21 14:53:02,723 [INFO] paper-strat: 📊 TICK 002156.SZSE 通富微电 61.52 (-1.22%)
2026-05-21 14:53:02,723 [INFO] paper-strat: 📊 TICK 002709.SZSE 天赐材料 57.40 (-1.03%)
2026-05-21 14:53:02,724 [INFO] paper-strat: 📊 TICK 002453.SZSE 华软科技 5.67 (-6.13%)
2026-05-21 14:53:02,724 [INFO] paper-strat: 📊 TICK 301179.SZSE 泽宇智能 24.44 (-7.77%)
2026-05-21 14:53:02,728 [INFO] paper-strat: 📊 TICK 603178.SSE 圣龙股份 19.77 (-7.53%)
2026-05-21 14:53:02,729 [INFO] paper-strat: 📊 TICK 600330.SSE 天通股份 27.30 (-4.91%)
2026-05-21 14:53:02,732 [INFO] paper-strat: 📊 TICK 002428.SZSE 云南锗业 83.57 (-8.16%)
2026-05-21 14:53:02,733 [INFO] paper-strat: 📊 TICK 603986.SSE 兆易创新 428.49 (-3.71%)
2026-05-21 14:53:08,018 [INFO] paper-strat: 📊 TICK 301120.SZSE 新特电气 22.93 (-6.10%)
2026-05-21 14:53:08,018 [INFO] paper-strat: 📊 TICK 002156.SZSE 通富微电 61.51 (-1.24%)
2026-05-21 14:53:08,019 [INFO] paper-strat: 📊 TICK 002709.SZSE 天赐材料 57.37 (-1.09%)
2026-05-21 14:53:08,019 [INFO] paper-strat: 📊 TICK 002453.SZSE 华软科技 5.68 (-5.96%)
2026-05-21 14:53:08,019 [INFO] paper-strat: 📊 TICK 605006.SSE 山东玻纤 14.15 (-1.53%)
2026-05-21 14:53:08,023 [INFO] paper-strat: 📊 TICK 000600.SZSE 建投能源 10.09 (-0.69%)
2026-05-21 14:53:08,023 [INFO] paper-strat: 📊 TICK 002149.SZSE 西部材料 69.62 (+0.77%)
2026-05-21 14:53:08,025 [INFO] paper-strat: 📊 TICK 600310.SSE 广西能源 5.15 (+1.58%)
2026-05-21 14:53:08,025 [INFO] paper-strat: 📊 TICK 603178.SSE 圣龙股份 19.76 (-7.58%)
2026-05-21 14:53:08,028 [INFO] paper-strat: 📊 TICK 002067.SZSE 景兴纸业 5.22 (+2.55%)
2026-05-21 14:53:08,030 [INFO] paper-strat: 📊 TICK 002428.SZSE 云南锗业 83.61 (-8.12%)
2026-05-21 14:53:08,030 [INFO] paper-strat: 📊 TICK 600863.SSE 华能蒙电 5.58 (+3.72%)
2026-05-21 14:53:08,031 [INFO] paper-strat: 📊 TICK 600021.SSE 上海电力 17.93 (-4.01%)
2026-05-21 14:53:08,031 [INFO] paper-strat: 📊 TICK 603986.SSE 兆易创新 428.64 (-3.68%)
2026-05-21 14:53:08,032 [INFO] paper-strat: 📊 TICK 603601.SSE 再升科技 17.84 (+1.36%)
2026-05-21 14:53:13,242 [INFO] paper-strat: 📊 TICK 301120.SZSE 新特电气 22.94 (-6.06%)
2026-05-21 14:53:13,244 [INFO] paper-strat: 📊 TICK 002156.SZSE 通富微电 61.49 (-1.27%)
2026-05-21 14:53:13,245 [INFO] paper-strat: 📊 TICK 002709.SZSE 天赐材料 57.31 (-1.19%)
2026-05-21 14:53:13,246 [INFO] paper-strat: 📊 TICK 601222.SSE 林洋能源 6.33 (-4.52%)
2026-05-21 14:53:13,246 [INFO] paper-strat: 📊 TICK 002453.SZSE 华软科技 5.67 (-6.13%)
2026-05-21 14:53:13,246 [INFO] paper-strat: 📊 TICK 301179.SZSE 泽宇智能 24.43 (-7.81%)
2026-05-21 14:53:13,249 [INFO] paper-strat: 📊 TICK 002149.SZSE 西部材料 69.60 (+0.74%)
2026-05-21 14:53:13,250 [INFO] paper-strat: 📊 TICK 600310.SSE 广西能源 5.16 (+1.78%)
2026-05-21 14:53:13,250 [INFO] paper-strat: 📊 TICK 603178.SSE 圣龙股份 19.77 (-7.53%)
2026-05-21 14:53:13,251 [INFO] paper-strat: 📊 TICK 600330.SSE 天通股份 27.32 (-4.84%)
2026-05-21 14:53:13,254 [INFO] paper-strat: 📊 TICK 002428.SZSE 云南锗业 83.65 (-8.08%)
2026-05-21 14:53:13,257 [INFO] paper-strat: 📊 TICK 600021.SSE 上海电力 17.92 (-4.07%)
2026-05-21 14:53:13,257 [INFO] paper-strat: 📊 TICK 603986.SSE 兆易创新 428.02 (-3.82%)
2026-05-21 14:53:13,257 [INFO] paper-strat: 📊 TICK 603601.SSE 再升科技 17.85 (+1.42%)
2026-05-21 14:53:13,559 [INFO] paper-strat: ♥ 心跳 | 策略 22 个 | tick 22
2026-05-21 14:53:18,467 [INFO] paper-strat: 📊 TICK 301120.SZSE 新特电气 22.93 (-6.10%)
2026-05-21 14:53:18,469 [INFO] paper-strat: 📊 TICK 002709.SZSE 天赐材料 57.30 (-1.21%)
2026-05-21 14:53:18,470 [INFO] paper-strat: 📊 TICK 002453.SZSE 华软科技 5.68 (-5.96%)
2026-05-21 14:53:18,470 [INFO] paper-strat: 📊 TICK 605006.SSE 山东玻纤 14.14 (-1.60%)
2026-05-21 14:53:18,471 [INFO] paper-strat: 📊 TICK 301179.SZSE 泽宇智能 24.42 (-7.85%)
2026-05-21 14:53:18,473 [INFO] paper-strat: 📊 TICK 000600.SZSE 建投能源 10.08 (-0.79%)
2026-05-21 14:53:18,475 [INFO] paper-strat: 📊 TICK 002149.SZSE 西部材料 69.62 (+0.77%)
2026-05-21 14:53:18,475 [INFO] paper-strat: 📊 TICK 600330.SSE 天通股份 27.30 (-4.91%)
2026-05-21 14:53:18,477 [INFO] paper-strat: 📊 TICK 603601.SSE 再升科技 17.84 (+1.36%)
2026-05-21 14:53:23,738 [INFO] paper-strat: 📊 TICK 000899.SZSE 赣能股份 12.87 (-4.10%)
2026-05-21 14:53:23,742 [INFO] paper-strat: 📊 TICK 002156.SZSE 通富微电 61.45 (-1.33%)
2026-05-21 14:53:23,743 [INFO] paper-strat: 📊 TICK 002709.SZSE 天赐材料 57.31 (-1.19%)
2026-05-21 14:53:23,743 [INFO] paper-strat: 📊 TICK 002453.SZSE 华软科技 5.69 (-5.79%)
2026-05-21 14:53:23,745 [INFO] paper-strat: 📊 TICK 605006.SSE 山东玻纤 14.13 (-1.67%)
2026-05-21 14:53:23,747 [INFO] paper-strat: 📊 TICK 000600.SZSE 建投能源 10.09 (-0.69%)
2026-05-21 14:53:23,748 [INFO] paper-strat: 📊 TICK 002149.SZSE 西部材料 69.60 (+0.74%)
2026-05-21 14:53:23,748 [INFO] paper-strat: 📊 TICK 600330.SSE 天通股份 27.35 (-4.74%)
2026-05-21 14:53:23,752 [INFO] paper-strat: 📊 TICK 603986.SSE 兆易创新 428.01 (-3.82%)
2026-05-21 14:53:23,752 [INFO] paper-strat: 📊 TICK 603601.SSE 再升科技 17.86 (+1.48%)
2026-05-21 14:53:28,561 [INFO] paper-strat: ♥ 心跳 | 策略 22 个 | tick 22
2026-05-21 14:53:28,969 [INFO] paper-strat: 📊 TICK 000899.SZSE 赣能股份 12.88 (-4.02%)
2026-05-21 14:53:28,974 [INFO] paper-strat: 📊 TICK 002156.SZSE 通富微电 61.52 (-1.22%)
2026-05-21 14:53:28,975 [INFO] paper-strat: 📊 TICK 002709.SZSE 天赐材料 57.37 (-1.09%)
2026-05-21 14:53:28,975 [INFO] paper-strat: 📊 TICK 301179.SZSE 泽宇智能 24.41 (-7.89%)
2026-05-21 14:53:28,978 [INFO] paper-strat: 📊 TICK 002149.SZSE 西部材料 69.59 (+0.72%)
2026-05-21 14:53:28,979 [INFO] paper-strat: 📊 TICK 600310.SSE 广西能源 5.15 (+1.58%)
2026-05-21 14:53:28,979 [INFO] paper-strat: 📊 TICK 603178.SSE 圣龙股份 19.76 (-7.58%)
2026-05-21 14:53:28,979 [INFO] paper-strat: 📊 TICK 600330.SSE 天通股份 27.32 (-4.84%)
2026-05-21 14:53:28,983 [INFO] paper-strat: 📊 TICK 002067.SZSE 景兴纸业 5.21 (+2.36%)
2026-05-21 14:53:28,984 [INFO] paper-strat: 📊 TICK 002428.SZSE 云南锗业 83.60 (-8.13%)
2026-05-21 14:53:28,984 [INFO] paper-strat: 📊 TICK 603986.SSE 兆易创新 428.05 (-3.81%)
2026-05-21 14:53:28,985 [INFO] paper-strat: 📊 TICK 603601.SSE 再升科技 17.90 (+1.70%)
2026-05-21 14:53:34,227 [INFO] paper-strat: 📊 TICK 301120.SZSE 新特电气 22.95 (-6.02%)
2026-05-21 14:53:34,228 [INFO] paper-strat: 📊 TICK 002156.SZSE 通富微电 61.48 (-1.28%)
2026-05-21 14:53:34,228 [INFO] paper-strat: 📊 TICK 002709.SZSE 天赐材料 57.36 (-1.10%)
2026-05-21 14:53:34,229 [INFO] paper-strat: 📊 TICK 002453.SZSE 华软科技 5.68 (-5.96%)
2026-05-21 14:53:34,229 [INFO] paper-strat: 📊 TICK 605006.SSE 山东玻纤 14.14 (-1.60%)
2026-05-21 14:53:34,230 [INFO] paper-strat: 📊 TICK 301179.SZSE 泽宇智能 24.42 (-7.85%)
2026-05-21 14:53:34,233 [INFO] paper-strat: 📊 TICK 002149.SZSE 西部材料 69.58 (+0.71%)
2026-05-21 14:53:34,234 [INFO] paper-strat: 📊 TICK 603178.SSE 圣龙股份 19.77 (-7.53%)
2026-05-21 14:53:34,234 [INFO] paper-strat: 📊 TICK 600330.SSE 天通股份 27.37 (-4.67%)
2026-05-21 14:53:34,237 [INFO] paper-strat: 📊 TICK 002428.SZSE 云南锗业 83.54 (-8.20%)
2026-05-21 14:53:34,237 [INFO] paper-strat: 📊 TICK 603986.SSE 兆易创新 428.01 (-3.82%)
2026-05-21 14:53:34,239 [INFO] paper-strat: 📊 TICK 603601.SSE 再升科技 17.91 (+1.76%)
2026-05-21 14:53:39,466 [INFO] paper-strat: 📊 TICK 301120.SZSE 新特电气 22.96 (-5.98%)
2026-05-21 14:53:39,467 [INFO] paper-strat: 📊 TICK 002156.SZSE 通富微电 61.47 (-1.30%)
2026-05-21 14:53:39,468 [INFO] paper-strat: 📊 TICK 002709.SZSE 天赐材料 57.45 (-0.95%)
2026-05-21 14:53:39,468 [INFO] paper-strat: 📊 TICK 601222.SSE 林洋能源 6.34 (-4.37%)
2026-05-21 14:53:39,469 [INFO] paper-strat: 📊 TICK 605006.SSE 山东玻纤 14.13 (-1.67%)
2026-05-21 14:53:39,469 [INFO] paper-strat: 📊 TICK 301179.SZSE 泽宇智能 24.43 (-7.81%)
2026-05-21 14:53:39,472 [INFO] paper-strat: 📊 TICK 000600.SZSE 建投能源 10.08 (-0.79%)
2026-05-21 14:53:39,473 [INFO] paper-strat: 📊 TICK 002149.SZSE 西部材料 69.55 (+0.67%)
2026-05-21 14:53:39,473 [INFO] paper-strat: 📊 TICK 600310.SSE 广西能源 5.16 (+1.78%)
2026-05-21 14:53:39,474 [INFO] paper-strat: 📊 TICK 603178.SSE 圣龙股份 19.75 (-7.62%)
2026-05-21 14:53:39,474 [INFO] paper-strat: 📊 TICK 600330.SSE 天通股份 27.36 (-4.70%)
2026-05-21 14:53:39,478 [INFO] paper-strat: 📊 TICK 002067.SZSE 景兴纸业 5.22 (+2.55%)
2026-05-21 14:53:39,478 [INFO] paper-strat: 📊 TICK 002428.SZSE 云南锗业 83.59 (-8.14%)
2026-05-21 14:53:39,478 [INFO] paper-strat: 📊 TICK 600863.SSE 华能蒙电 5.59 (+3.90%)
2026-05-21 14:53:39,480 [INFO] paper-strat: 📊 TICK 603986.SSE 兆易创新 427.99 (-3.83%)
2026-05-21 14:53:39,480 [INFO] paper-strat: 📊 TICK 603601.SSE 再升科技 17.93 (+1.87%)
2026-05-21 14:53:43,563 [INFO] paper-strat: ♥ 心跳 | 策略 22 个 | tick 22
2026-05-21 14:53:44,704 [INFO] paper-strat: 📊 TICK 000899.SZSE 赣能股份 12.87 (-4.10%)
2026-05-21 14:53:44,709 [INFO] paper-strat: 📊 TICK 301120.SZSE 新特电气 22.95 (-6.02%)
2026-05-21 14:53:44,709 [INFO] paper-strat: 📊 TICK 002156.SZSE 通富微电 61.48 (-1.28%)
2026-05-21 14:53:44,709 [INFO] paper-strat: 📊 TICK 002709.SZSE 天赐材料 57.47 (-0.91%)
2026-05-21 14:53:44,710 [INFO] paper-strat: 📊 TICK 601222.SSE 林洋能源 6.33 (-4.52%)
2026-05-21 14:53:44,710 [INFO] paper-strat: 📊 TICK 002453.SZSE 华软科技 5.69 (-5.79%)
2026-05-21 14:53:44,712 [INFO] paper-strat: 📊 TICK 605006.SSE 山东玻纤 14.15 (-1.53%)
2026-05-21 14:53:44,712 [INFO] paper-strat: 📊 TICK 301179.SZSE 泽宇智能 24.42 (-7.85%)
2026-05-21 14:53:44,715 [INFO] paper-strat: 📊 TICK 002149.SZSE 西部材料 69.53 (+0.64%)
2026-05-21 14:53:44,716 [INFO] paper-strat: 📊 TICK 600310.SSE 广西能源 5.17 (+1.97%)
2026-05-21 14:53:44,716 [INFO] paper-strat: 📊 TICK 603178.SSE 圣龙股份 19.76 (-7.58%)
2026-05-21 14:53:44,719 [INFO] paper-strat: 📊 TICK 002428.SZSE 云南锗业 83.57 (-8.16%)
2026-05-21 14:53:44,721 [INFO] paper-strat: 📊 TICK 600863.SSE 华能蒙电 5.58 (+3.72%)
2026-05-21 14:53:44,721 [INFO] paper-strat: 📊 TICK 603986.SSE 兆易创新 427.94 (-3.84%)
2026-05-21 14:53:44,722 [INFO] paper-strat: 📊 TICK 603601.SSE 再升科技 17.94 (+1.93%)
2026-05-21 14:53:49,950 [INFO] paper-strat: 📊 TICK 002156.SZSE 通富微电 61.46 (-1.32%)
2026-05-21 14:53:49,950 [INFO] paper-strat: 📊 TICK 002709.SZSE 天赐材料 57.50 (-0.86%)
2026-05-21 14:53:49,951 [INFO] paper-strat: 📊 TICK 002453.SZSE 华软科技 5.68 (-5.96%)
2026-05-21 14:53:49,954 [INFO] paper-strat: 📊 TICK 000600.SZSE 建投能源 10.09 (-0.69%)
2026-05-21 14:53:49,955 [INFO] paper-strat: 📊 TICK 002149.SZSE 西部材料 69.52 (+0.62%)
2026-05-21 14:53:49,956 [INFO] paper-strat: 📊 TICK 600310.SSE 广西能源 5.16 (+1.78%)
2026-05-21 14:53:49,958 [INFO] paper-strat: 📊 TICK 002428.SZSE 云南锗业 83.54 (-8.20%)
2026-05-21 14:53:49,960 [INFO] paper-strat: 📊 TICK 600021.SSE 上海电力 17.93 (-4.01%)
2026-05-21 14:53:49,960 [INFO] paper-strat: 📊 TICK 603986.SSE 兆易创新 427.90 (-3.85%)
2026-05-21 14:53:49,961 [INFO] paper-strat: 📊 TICK 603601.SSE 再升科技 17.99 (+2.22%)
2026-05-21 14:53:55,184 [INFO] paper-strat: 📊 TICK 000899.SZSE 赣能股份 12.86 (-4.17%)
2026-05-21 14:53:55,190 [INFO] paper-strat: 📊 TICK 002156.SZSE 通富微电 61.45 (-1.33%)
2026-05-21 14:53:55,191 [INFO] paper-strat: 📊 TICK 601222.SSE 林洋能源 6.34 (-4.37%)
2026-05-21 14:53:55,192 [INFO] paper-strat: 📊 TICK 605006.SSE 山东玻纤 14.20 (-1.18%)
2026-05-21 14:53:55,192 [INFO] paper-strat: 📊 TICK 301179.SZSE 泽宇智能 24.40 (-7.92%)
2026-05-21 14:53:55,196 [INFO] paper-strat: 📊 TICK 600310.SSE 广西能源 5.17 (+1.97%)
2026-05-21 14:53:55,199 [INFO] paper-strat: 📊 TICK 002428.SZSE 云南锗业 83.40 (-8.35%)
2026-05-21 14:53:55,201 [INFO] paper-strat: 📊 TICK 600863.SSE 华能蒙电 5.57 (+3.53%)
2026-05-21 14:53:55,201 [INFO] paper-strat: 📊 TICK 600021.SSE 上海电力 17.92 (-4.07%)
2026-05-21 14:53:55,202 [INFO] paper-strat: 📊 TICK 603986.SSE 兆易创新 427.78 (-3.87%)
2026-05-21 14:53:55,202 [INFO] paper-strat: 📊 TICK 603601.SSE 再升科技 18.00 (+2.27%)
2026-05-21 14:53:58,564 [INFO] paper-strat: ♥ 心跳 | 策略 22 个 | tick 22
2026-05-21 14:54:00,409 [INFO] paper-strat: 📊 TICK 301120.SZSE 新特电气 22.96 (-5.98%)
2026-05-21 14:54:00,410 [INFO] paper-strat: 📊 TICK 002709.SZSE 天赐材料 57.47 (-0.91%)
2026-05-21 14:54:00,410 [INFO] paper-strat: 📊 TICK 301179.SZSE 泽宇智能 24.41 (-7.89%)
2026-05-21 14:54:00,414 [INFO] paper-strat: 📊 TICK 603178.SSE 圣龙股份 19.78 (-7.48%)
2026-05-21 14:54:00,415 [INFO] paper-strat: 📊 TICK 600330.SSE 天通股份 27.34 (-4.77%)
2026-05-21 14:54:00,417 [INFO] paper-strat: 📊 TICK 600863.SSE 华能蒙电 5.58 (+3.72%)
2026-05-21 14:54:00,418 [INFO] paper-strat: 📊 TICK 600021.SSE 上海电力 17.93 (-4.01%)
2026-05-21 14:54:00,418 [INFO] paper-strat: 📊 TICK 603986.SSE 兆易创新 427.70 (-3.89%)
2026-05-21 14:54:05,633 [INFO] paper-strat: 📊 TICK 000899.SZSE 赣能股份 12.87 (-4.10%)
2026-05-21 14:54:05,637 [INFO] paper-strat: 📊 TICK 301120.SZSE 新特电气 22.98 (-5.90%)
2026-05-21 14:54:05,639 [INFO] paper-strat: 📊 TICK 002709.SZSE 天赐材料 57.45 (-0.95%)
2026-05-21 14:54:05,639 [INFO] paper-strat: 📊 TICK 301179.SZSE 泽宇智能 24.42 (-7.85%)
2026-05-21 14:54:05,642 [INFO] paper-strat: 📊 TICK 002149.SZSE 西部材料 69.53 (+0.64%)
2026-05-21 14:54:05,643 [INFO] paper-strat: 📊 TICK 600330.SSE 天通股份 27.33 (-4.81%)
2026-05-21 14:54:05,647 [INFO] paper-strat: 📊 TICK 002428.SZSE 云南锗业 83.39 (-8.36%)
2026-05-21 14:54:05,647 [INFO] paper-strat: 📊 TICK 600863.SSE 华能蒙电 5.57 (+3.53%)
2026-05-21 14:54:05,648 [INFO] paper-strat: 📊 TICK 603986.SSE 兆易创新 427.71 (-3.89%)
2026-05-21 14:54:05,648 [INFO] paper-strat: 📊 TICK 603601.SSE 再升科技 18.01 (+2.33%)
2026-05-21 14:54:10,907 [INFO] paper-strat: 📊 TICK 301120.SZSE 新特电气 22.97 (-5.94%)
2026-05-21 14:54:10,908 [INFO] paper-strat: 📊 TICK 002156.SZSE 通富微电 61.52 (-1.22%)
2026-05-21 14:54:10,908 [INFO] paper-strat: 📊 TICK 002709.SZSE 天赐材料 57.42 (-1.00%)
2026-05-21 14:54:10,909 [INFO] paper-strat: 📊 TICK 601222.SSE 林洋能源 6.35 (-4.22%)
2026-05-21 14:54:10,909 [INFO] paper-strat: 📊 TICK 605006.SSE 山东玻纤 14.22 (-1.04%)
2026-05-21 14:54:10,911 [INFO] paper-strat: 📊 TICK 301179.SZSE 泽宇智能 24.43 (-7.81%)
2026-05-21 14:54:10,914 [INFO] paper-strat: 📊 TICK 600310.SSE 广西能源 5.18 (+2.17%)
2026-05-21 14:54:10,916 [INFO] paper-strat: 📊 TICK 603178.SSE 圣龙股份 19.74 (-7.67%)
2026-05-21 14:54:10,916 [INFO] paper-strat: 📊 TICK 600330.SSE 天通股份 27.35 (-4.74%)
2026-05-21 14:54:10,920 [INFO] paper-strat: 📊 TICK 600021.SSE 上海电力 17.92 (-4.07%)
2026-05-21 14:54:10,920 [INFO] paper-strat: 📊 TICK 603986.SSE 兆易创新 428.30 (-3.76%)
2026-05-21 14:54:10,922 [INFO] paper-strat: 📊 TICK 603601.SSE 再升科技 18.03 (+2.44%)
2026-05-21 14:54:13,565 [INFO] paper-strat: ♥ 心跳 | 策略 22 个 | tick 22
2026-05-21 14:54:16,134 [INFO] paper-strat: 📊 TICK 000899.SZSE 赣能股份 12.86 (-4.17%)
2026-05-21 14:54:16,138 [INFO] paper-strat: 📊 TICK 301120.SZSE 新特电气 22.98 (-5.90%)
2026-05-21 14:54:16,139 [INFO] paper-strat: 📊 TICK 002709.SZSE 天赐材料 57.41 (-1.02%)
2026-05-21 14:54:16,140 [INFO] paper-strat: 📊 TICK 601222.SSE 林洋能源 6.34 (-4.37%)
2026-05-21 14:54:16,140 [INFO] paper-strat: 📊 TICK 002453.SZSE 华软科技 5.69 (-5.79%)
2026-05-21 14:54:16,141 [INFO] paper-strat: 📊 TICK 605006.SSE 山东玻纤 14.20 (-1.18%)
2026-05-21 14:54:16,144 [INFO] paper-strat: 📊 TICK 000600.SZSE 建投能源 10.08 (-0.79%)
2026-05-21 14:54:16,145 [INFO] paper-strat: 📊 TICK 603178.SSE 圣龙股份 19.76 (-7.58%)
2026-05-21 14:54:16,145 [INFO] paper-strat: 📊 TICK 600330.SSE 天通股份 27.34 (-4.77%)
2026-05-21 14:54:16,148 [INFO] paper-strat: 📊 TICK 002428.SZSE 云南锗业 83.40 (-8.35%)
2026-05-21 14:54:16,148 [INFO] paper-strat: 📊 TICK 600863.SSE 华能蒙电 5.58 (+3.72%)
2026-05-21 14:54:16,150 [INFO] paper-strat: 📊 TICK 600021.SSE 上海电力 17.93 (-4.01%)
2026-05-21 14:54:16,150 [INFO] paper-strat: 📊 TICK 603601.SSE 再升科技 18.02 (+2.39%)
2026-05-21 14:54:21,382 [INFO] paper-strat: 📊 TICK 000899.SZSE 赣能股份 12.87 (-4.10%)
2026-05-21 14:54:21,386 [INFO] paper-strat: 📊 TICK 301120.SZSE 新特电气 22.97 (-5.94%)
2026-05-21 14:54:21,387 [INFO] paper-strat: 📊 TICK 002156.SZSE 通富微电 61.60 (-1.09%)
2026-05-21 14:54:21,387 [INFO] paper-strat: 📊 TICK 002709.SZSE 天赐材料 57.40 (-1.03%)
2026-05-21 14:54:21,388 [INFO] paper-strat: 📊 TICK 601222.SSE 林洋能源 6.33 (-4.52%)
2026-05-21 14:54:21,388 [INFO] paper-strat: 📊 TICK 605006.SSE 山东玻纤 14.21 (-1.11%)
2026-05-21 14:54:21,393 [INFO] paper-strat: 📊 TICK 000600.SZSE 建投能源 10.09 (-0.69%)
2026-05-21 14:54:21,393 [INFO] paper-strat: 📊 TICK 002149.SZSE 西部材料 69.54 (+0.65%)
2026-05-21 14:54:21,394 [INFO] paper-strat: 📊 TICK 603178.SSE 圣龙股份 19.77 (-7.53%)
2026-05-21 14:54:21,395 [INFO] paper-strat: 📊 TICK 600330.SSE 天通股份 27.35 (-4.74%)
2026-05-21 14:54:21,397 [INFO] paper-strat: 📊 TICK 002428.SZSE 云南锗业 83.41 (-8.34%)
2026-05-21 14:54:21,399 [INFO] paper-strat: 📊 TICK 603986.SSE 兆易创新 428.45 (-3.72%)
2026-05-21 14:54:21,399 [INFO] paper-strat: 📊 TICK 603601.SSE 再升科技 18.03 (+2.44%)
2026-05-21 14:54:26,609 [INFO] paper-strat: 📊 TICK 000899.SZSE 赣能股份 12.86 (-4.17%)
2026-05-21 14:54:26,614 [INFO] paper-strat: 📊 TICK 002156.SZSE 通富微电 61.61 (-1.08%)
2026-05-21 14:54:26,615 [INFO] paper-strat: 📊 TICK 002709.SZSE 天赐材料 57.38 (-1.07%)
2026-05-21 14:54:26,616 [INFO] paper-strat: 📊 TICK 601222.SSE 林洋能源 6.34 (-4.37%)
2026-05-21 14:54:26,618 [INFO] paper-strat: 📊 TICK 603178.SSE 圣龙股份 19.76 (-7.58%)
2026-05-21 14:54:26,620 [INFO] paper-strat: 📊 TICK 002067.SZSE 景兴纸业 5.23 (+2.75%)
2026-05-21 14:54:26,622 [INFO] paper-strat: 📊 TICK 002428.SZSE 云南锗业 83.56 (-8.18%)
2026-05-21 14:54:26,622 [INFO] paper-strat: 📊 TICK 600863.SSE 华能蒙电 5.59 (+3.90%)
2026-05-21 14:54:26,624 [INFO] paper-strat: 📊 TICK 600021.SSE 上海电力 17.92 (-4.07%)
2026-05-21 14:54:26,624 [INFO] paper-strat: 📊 TICK 603986.SSE 兆易创新 428.46 (-3.72%)
2026-05-21 14:54:28,567 [INFO] paper-strat: ♥ 心跳 | 策略 22 个 | tick 22
2026-05-21 14:54:31,852 [INFO] paper-strat: 📊 TICK 002156.SZSE 通富微电 61.64 (-1.03%)
2026-05-21 14:54:31,854 [INFO] paper-strat: 📊 TICK 002709.SZSE 天赐材料 57.39 (-1.05%)
2026-05-21 14:54:31,854 [INFO] paper-strat: 📊 TICK 601222.SSE 林洋能源 6.35 (-4.22%)
2026-05-21 14:54:31,854 [INFO] paper-strat: 📊 TICK 605006.SSE 山东玻纤 14.20 (-1.18%)
2026-05-21 14:54:31,855 [INFO] paper-strat: 📊 TICK 301179.SZSE 泽宇智能 24.42 (-7.85%)
2026-05-21 14:54:31,860 [INFO] paper-strat: 📊 TICK 000600.SZSE 建投能源 10.08 (-0.79%)
2026-05-21 14:54:31,861 [INFO] paper-strat: 📊 TICK 002149.SZSE 西部材料 69.58 (+0.71%)
2026-05-21 14:54:31,861 [INFO] paper-strat: 📊 TICK 603178.SSE 圣龙股份 19.77 (-7.53%)
2026-05-21 14:54:31,864 [INFO] paper-strat: 📊 TICK 002428.SZSE 云南锗业 83.59 (-8.14%)
2026-05-21 14:54:31,866 [INFO] paper-strat: 📊 TICK 600863.SSE 华能蒙电 5.58 (+3.72%)
2026-05-21 14:54:31,867 [INFO] paper-strat: 📊 TICK 603986.SSE 兆易创新 428.48 (-3.72%)
2026-05-21 14:54:37,078 [INFO] paper-strat: 📊 TICK 000899.SZSE 赣能股份 12.87 (-4.10%)
2026-05-21 14:54:37,083 [INFO] paper-strat: 📊 TICK 301120.SZSE 新特电气 22.99 (-5.86%)
2026-05-21 14:54:37,084 [INFO] paper-strat: 📊 TICK 002156.SZSE 通富微电 61.61 (-1.08%)
2026-05-21 14:54:37,084 [INFO] paper-strat: 📊 TICK 002453.SZSE 华软科技 5.68 (-5.96%)
2026-05-21 14:54:37,085 [INFO] paper-strat: 📊 TICK 605006.SSE 山东玻纤 14.22 (-1.04%)
2026-05-21 14:54:37,085 [INFO] paper-strat: 📊 TICK 301179.SZSE 泽宇智能 24.43 (-7.81%)
2026-05-21 14:54:37,088 [INFO] paper-strat: 📊 TICK 002149.SZSE 西部材料 69.60 (+0.74%)
2026-05-21 14:54:37,090 [INFO] paper-strat: 📊 TICK 600310.SSE 广西能源 5.19 (+2.37%)
2026-05-21 14:54:37,091 [INFO] paper-strat: 📊 TICK 603178.SSE 圣龙股份 19.76 (-7.58%)
2026-05-21 14:54:37,091 [INFO] paper-strat: 📊 TICK 600330.SSE 天通股份 27.38 (-4.63%)
2026-05-21 14:54:37,094 [INFO] paper-strat: 📊 TICK 600863.SSE 华能蒙电 5.59 (+3.90%)
2026-05-21 14:54:37,095 [INFO] paper-strat: 📊 TICK 603986.SSE 兆易创新 428.51 (-3.71%)
2026-05-21 14:54:42,320 [INFO] paper-strat: 📊 TICK 002156.SZSE 通富微电 61.64 (-1.03%)
2026-05-21 14:54:42,322 [INFO] paper-strat: 📊 TICK 002709.SZSE 天赐材料 57.36 (-1.10%)
2026-05-21 14:54:42,323 [INFO] paper-strat: 📊 TICK 605006.SSE 山东玻纤 14.26 (-0.77%)
2026-05-21 14:54:42,326 [INFO] paper-strat: 📊 TICK 000600.SZSE 建投能源 10.09 (-0.69%)
2026-05-21 14:54:42,326 [INFO] paper-strat: 📊 TICK 002149.SZSE 西部材料 69.59 (+0.72%)
2026-05-21 14:54:42,330 [INFO] paper-strat: 📊 TICK 002067.SZSE 景兴纸业 5.22 (+2.55%)
2026-05-21 14:54:42,331 [INFO] paper-strat: 📊 TICK 600863.SSE 华能蒙电 5.58 (+3.72%)
2026-05-21 14:54:42,331 [INFO] paper-strat: 📊 TICK 603986.SSE 兆易创新 428.49 (-3.71%)
2026-05-21 14:54:43,568 [INFO] paper-strat: ♥ 心跳 | 策略 22 个 | tick 22
2026-05-21 14:54:47,552 [INFO] paper-strat: 📊 TICK 301120.SZSE 新特电气 23.00 (-5.81%)
2026-05-21 14:54:47,554 [INFO] paper-strat: 📊 TICK 002156.SZSE 通富微电 61.62 (-1.06%)
2026-05-21 14:54:47,554 [INFO] paper-strat: 📊 TICK 002709.SZSE 天赐材料 57.34 (-1.14%)
2026-05-21 14:54:47,555 [INFO] paper-strat: 📊 TICK 601222.SSE 林洋能源 6.34 (-4.37%)
2026-05-21 14:54:47,555 [INFO] paper-strat: 📊 TICK 605006.SSE 山东玻纤 14.23 (-0.97%)
2026-05-21 14:54:47,559 [INFO] paper-strat: 📊 TICK 600310.SSE 广西能源 5.20 (+2.56%)
2026-05-21 14:54:47,560 [INFO] paper-strat: 📊 TICK 603178.SSE 圣龙股份 19.75 (-7.62%)
2026-05-21 14:54:47,560 [INFO] paper-strat: 📊 TICK 600330.SSE 天通股份 27.39 (-4.60%)
2026-05-21 14:54:47,562 [INFO] paper-strat: 📊 TICK 002067.SZSE 景兴纸业 5.23 (+2.75%)
2026-05-21 14:54:47,563 [INFO] paper-strat: 📊 TICK 002428.SZSE 云南锗业 83.55 (-8.19%)
2026-05-21 14:54:47,564 [INFO] paper-strat: 📊 TICK 600863.SSE 华能蒙电 5.59 (+3.90%)
2026-05-21 14:54:47,564 [INFO] paper-strat: 📊 TICK 603986.SSE 兆易创新 428.78 (-3.65%)
2026-05-21 14:54:52,788 [INFO] paper-strat: 📊 TICK 000899.SZSE 赣能股份 12.86 (-4.17%)
2026-05-21 14:54:52,793 [INFO] paper-strat: 📊 TICK 301120.SZSE 新特电气 22.99 (-5.86%)
2026-05-21 14:54:52,794 [INFO] paper-strat: 📊 TICK 002156.SZSE 通富微电 61.61 (-1.08%)
2026-05-21 14:54:52,795 [INFO] paper-strat: 📊 TICK 002709.SZSE 天赐材料 57.33 (-1.16%)
2026-05-21 14:54:52,795 [INFO] paper-strat: 📊 TICK 601222.SSE 林洋能源 6.35 (-4.22%)
2026-05-21 14:54:52,796 [INFO] paper-strat: 📊 TICK 002453.SZSE 华软科技 5.67 (-6.13%)
2026-05-21 14:54:52,796 [INFO] paper-strat: 📊 TICK 301179.SZSE 泽宇智能 24.44 (-7.77%)
2026-05-21 14:54:52,799 [INFO] paper-strat: 📊 TICK 000600.SZSE 建投能源 10.10 (-0.59%)
2026-05-21 14:54:52,800 [INFO] paper-strat: 📊 TICK 002149.SZSE 西部材料 69.61 (+0.75%)
2026-05-21 14:54:52,804 [INFO] paper-strat: 📊 TICK 002428.SZSE 云南锗业 83.56 (-8.18%)
2026-05-21 14:54:52,804 [INFO] paper-strat: 📊 TICK 600021.SSE 上海电力 17.93 (-4.01%)
2026-05-21 14:54:52,805 [INFO] paper-strat: 📊 TICK 603986.SSE 兆易创新 428.99 (-3.60%)
2026-05-21 14:54:52,805 [INFO] paper-strat: 📊 TICK 603601.SSE 再升科技 18.01 (+2.33%)
2026-05-21 14:54:58,043 [INFO] paper-strat: 📊 TICK 301120.SZSE 新特电气 23.01 (-5.77%)
2026-05-21 14:54:58,047 [INFO] paper-strat: 📊 TICK 601222.SSE 林洋能源 6.34 (-4.37%)
2026-05-21 14:54:58,053 [INFO] paper-strat: 📊 TICK 603986.SSE 兆易创新 429.00 (-3.60%)
2026-05-21 14:54:58,570 [INFO] paper-strat: ♥ 心跳 | 策略 22 个 | tick 22
2026-05-21 14:55:03,303 [INFO] paper-strat: 📊 TICK 000899.SZSE 赣能股份 12.87 (-4.10%)
2026-05-21 14:55:03,318 [INFO] paper-strat: 📊 TICK 002709.SZSE 天赐材料 57.34 (-1.14%)
2026-05-21 14:55:03,325 [INFO] paper-strat: 📊 TICK 601222.SSE 林洋能源 6.35 (-4.22%)
2026-05-21 14:55:03,337 [INFO] paper-strat: 📊 TICK 605006.SSE 山东玻纤 14.25 (-0.84%)
2026-05-21 14:55:03,340 [INFO] paper-strat: 📊 TICK 301179.SZSE 泽宇智能 24.43 (-7.81%)
2026-05-21 14:55:03,352 [INFO] paper-strat: 📊 TICK 000600.SZSE 建投能源 10.09 (-0.69%)
2026-05-21 14:55:03,352 [INFO] paper-strat: 📊 TICK 002149.SZSE 西部材料 69.62 (+0.77%)
2026-05-21 14:55:03,369 [INFO] paper-strat: 📊 TICK 600330.SSE 天通股份 27.41 (-4.53%)
2026-05-21 14:55:03,388 [INFO] paper-strat: 📊 TICK 002428.SZSE 云南锗业 83.60 (-8.13%)
2026-05-21 14:55:03,397 [INFO] paper-strat: 📊 TICK 603986.SSE 兆易创新 429.01 (-3.60%)
2026-05-21 14:55:03,401 [INFO] paper-strat: 📊 TICK 603601.SSE 再升科技 18.00 (+2.27%)
2026-05-21 14:55:08,536 [INFO] paper-strat: 📊 TICK 000899.SZSE 赣能股份 12.86 (-4.17%)
2026-05-21 14:55:08,543 [INFO] paper-strat: 📊 TICK 301120.SZSE 新特电气 23.02 (-5.73%)
2026-05-21 14:55:08,546 [INFO] paper-strat: 📊 TICK 002156.SZSE 通富微电 61.65 (-1.01%)
2026-05-21 14:55:08,549 [INFO] paper-strat: 📊 TICK 002709.SZSE 天赐材料 57.40 (-1.03%)
2026-05-21 14:55:08,561 [INFO] paper-strat: 📊 TICK 605006.SSE 山东玻纤 14.26 (-0.77%)
2026-05-21 14:55:08,564 [INFO] paper-strat: 📊 TICK 301179.SZSE 泽宇智能 24.45 (-7.74%)
2026-05-21 14:55:08,576 [INFO] paper-strat: 📊 TICK 600310.SSE 广西能源 5.21 (+2.76%)
2026-05-21 14:55:08,582 [INFO] paper-strat: 📊 TICK 603178.SSE 圣龙股份 19.77 (-7.53%)
2026-05-21 14:55:08,585 [INFO] paper-strat: 📊 TICK 600330.SSE 天通股份 27.40 (-4.56%)
2026-05-21 14:55:08,590 [INFO] paper-strat: 📊 TICK 002067.SZSE 景兴纸业 5.22 (+2.55%)
2026-05-21 14:55:08,594 [INFO] paper-strat: 📊 TICK 002428.SZSE 云南锗业 83.76 (-7.96%)
2026-05-21 14:55:08,601 [INFO] paper-strat: 📊 TICK 603986.SSE 兆易创新 429.61 (-3.46%)
2026-05-21 14:55:08,604 [INFO] paper-strat: 📊 TICK 603601.SSE 再升科技 17.99 (+2.22%)
2026-05-21 14:55:13,571 [INFO] paper-strat: ♥ 心跳 | 策略 22 个 | tick 22
2026-05-21 14:55:13,575 [INFO] paper-strat: 🔔 收盘价确认: armed=0 expired=0
2026-05-21 14:55:13,801 [INFO] paper-strat: 📊 TICK 002156.SZSE 通富微电 61.67 (-0.98%)
2026-05-21 14:55:13,804 [INFO] paper-strat: 📊 TICK 002709.SZSE 天赐材料 57.42 (-1.00%)
2026-05-21 14:55:13,809 [INFO] paper-strat: 📊 TICK 002453.SZSE 华软科技 5.68 (-5.96%)
2026-05-21 14:55:13,829 [INFO] paper-strat: 📊 TICK 002149.SZSE 西部材料 69.63 (+0.78%)
2026-05-21 14:55:13,832 [INFO] paper-strat: 📊 TICK 600310.SSE 广西能源 5.20 (+2.56%)
2026-05-21 14:55:13,837 [INFO] paper-strat: 📊 TICK 603178.SSE 圣龙股份 19.75 (-7.62%)
2026-05-21 14:55:13,844 [INFO] paper-strat: 📊 TICK 002067.SZSE 景兴纸业 5.23 (+2.75%)
2026-05-21 14:55:13,847 [INFO] paper-strat: 📊 TICK 002428.SZSE 云南锗业 83.98 (-7.71%)
2026-05-21 14:55:13,856 [INFO] paper-strat: 📊 TICK 603986.SSE 兆易创新 429.88 (-3.40%)
2026-05-21 14:55:13,858 [INFO] paper-strat: 📊 TICK 603601.SSE 再升科技 18.00 (+2.27%)
2026-05-21 14:55:19,021 [INFO] paper-strat: 📊 TICK 301120.SZSE 新特电气 23.03 (-5.69%)
2026-05-21 14:55:19,024 [INFO] paper-strat: 📊 TICK 002156.SZSE 通富微电 61.80 (-0.77%)
2026-05-21 14:55:19,027 [INFO] paper-strat: 📊 TICK 002709.SZSE 天赐材料 57.46 (-0.93%)
2026-05-21 14:55:19,031 [INFO] paper-strat: 📊 TICK 601222.SSE 林洋能源 6.34 (-4.37%)
2026-05-21 14:55:19,042 [INFO] paper-strat: 📊 TICK 301179.SZSE 泽宇智能 24.44 (-7.77%)
2026-05-21 14:55:19,055 [INFO] paper-strat: 📊 TICK 600310.SSE 广西能源 5.19 (+2.37%)
2026-05-21 14:55:19,063 [INFO] paper-strat: 📊 TICK 600330.SSE 天通股份 27.47 (-4.32%)
2026-05-21 14:55:19,072 [INFO] paper-strat: 📊 TICK 002428.SZSE 云南锗业 84.09 (-7.59%)
2026-05-21 14:55:19,079 [INFO] paper-strat: 📊 TICK 603986.SSE 兆易创新 430.01 (-3.37%)
2026-05-21 14:55:24,253 [INFO] paper-strat: 📊 TICK 301120.SZSE 新特电气 23.07 (-5.53%)
2026-05-21 14:55:24,257 [INFO] paper-strat: 📊 TICK 002156.SZSE 通富微电 62.00 (-0.45%)
2026-05-21 14:55:24,260 [INFO] paper-strat: 📊 TICK 002709.SZSE 天赐材料 57.52 (-0.83%)
2026-05-21 14:55:24,265 [INFO] paper-strat: 📊 TICK 002453.SZSE 华软科技 5.67 (-6.13%)
2026-05-21 14:55:24,273 [INFO] paper-strat: 📊 TICK 605006.SSE 山东玻纤 14.27 (-0.70%)
2026-05-21 14:55:24,276 [INFO] paper-strat: 📊 TICK 301179.SZSE 泽宇智能 24.47 (-7.66%)
2026-05-21 14:55:24,283 [INFO] paper-strat: 📊 TICK 000600.SZSE 建投能源 10.08 (-0.79%)
2026-05-21 14:55:24,287 [INFO] paper-strat: 📊 TICK 002149.SZSE 西部材料 69.65 (+0.81%)
2026-05-21 14:55:24,290 [INFO] paper-strat: 📊 TICK 600310.SSE 广西能源 5.20 (+2.56%)
2026-05-21 14:55:24,296 [INFO] paper-strat: 📊 TICK 600330.SSE 天通股份 27.58 (-3.94%)
2026-05-21 14:55:24,305 [INFO] paper-strat: 📊 TICK 002428.SZSE 云南锗业 84.48 (-7.16%)
2026-05-21 14:55:24,313 [INFO] paper-strat: 📊 TICK 603986.SSE 兆易创新 430.50 (-3.26%)
2026-05-21 14:55:28,577 [INFO] paper-strat: ♥ 心跳 | 策略 22 个 | tick 22
2026-05-21 14:55:29,475 [INFO] paper-strat: 📊 TICK 000899.SZSE 赣能股份 12.85 (-4.25%)
2026-05-21 14:55:29,481 [INFO] paper-strat: 📊 TICK 301120.SZSE 新特电气 23.09 (-5.45%)
2026-05-21 14:55:29,483 [INFO] paper-strat: 📊 TICK 002156.SZSE 通富微电 61.98 (-0.48%)
2026-05-21 14:55:29,487 [INFO] paper-strat: 📊 TICK 002709.SZSE 天赐材料 57.56 (-0.76%)
2026-05-21 14:55:29,493 [INFO] paper-strat: 📊 TICK 002453.SZSE 华软科技 5.68 (-5.96%)
2026-05-21 14:55:29,500 [INFO] paper-strat: 📊 TICK 605006.SSE 山东玻纤 14.26 (-0.77%)
2026-05-21 14:55:29,512 [INFO] paper-strat: 📊 TICK 002149.SZSE 西部材料 69.68 (+0.85%)
2026-05-21 14:55:29,516 [INFO] paper-strat: 📊 TICK 600310.SSE 广西能源 5.19 (+2.37%)
2026-05-21 14:55:29,522 [INFO] paper-strat: 📊 TICK 603178.SSE 圣龙股份 19.76 (-7.58%)
2026-05-21 14:55:29,525 [INFO] paper-strat: 📊 TICK 600330.SSE 天通股份 27.52 (-4.14%)
2026-05-21 14:55:29,533 [INFO] paper-strat: 📊 TICK 002428.SZSE 云南锗业 84.10 (-7.58%)
2026-05-21 14:55:29,541 [INFO] paper-strat: 📊 TICK 603986.SSE 兆易创新 431.00 (-3.15%)
2026-05-21 14:55:29,544 [INFO] paper-strat: 📊 TICK 603601.SSE 再升科技 17.99 (+2.22%)
2026-05-21 14:55:34,731 [INFO] paper-strat: 📊 TICK 000899.SZSE 赣能股份 12.84 (-4.32%)
2026-05-21 14:55:34,738 [INFO] paper-strat: 📊 TICK 301120.SZSE 新特电气 23.10 (-5.41%)
2026-05-21 14:55:34,746 [INFO] paper-strat: 📊 TICK 601222.SSE 林洋能源 6.35 (-4.22%)
2026-05-21 14:55:34,757 [INFO] paper-strat: 📊 TICK 301179.SZSE 泽宇智能 24.46 (-7.70%)
2026-05-21 14:55:34,766 [INFO] paper-strat: 📊 TICK 000600.SZSE 建投能源 10.09 (-0.69%)
2026-05-21 14:55:34,769 [INFO] paper-strat: 📊 TICK 002149.SZSE 西部材料 69.70 (+0.88%)
2026-05-21 14:55:34,783 [INFO] paper-strat: 📊 TICK 002067.SZSE 景兴纸业 5.24 (+2.95%)
2026-05-21 14:55:34,789 [INFO] paper-strat: 📊 TICK 600863.SSE 华能蒙电 5.60 (+4.09%)
2026-05-21 14:55:34,792 [INFO] paper-strat: 📊 TICK 600021.SSE 上海电力 17.92 (-4.07%)
2026-05-21 14:55:34,795 [INFO] paper-strat: 📊 TICK 603986.SSE 兆易创新 431.07 (-3.13%)
2026-05-21 14:55:39,966 [INFO] paper-strat: 📊 TICK 002156.SZSE 通富微电 61.90 (-0.61%)
2026-05-21 14:55:39,968 [INFO] paper-strat: 📊 TICK 002709.SZSE 天赐材料 57.55 (-0.78%)
2026-05-21 14:55:39,971 [INFO] paper-strat: 📊 TICK 601222.SSE 林洋能源 6.34 (-4.37%)
2026-05-21 14:55:39,975 [INFO] paper-strat: 📊 TICK 002453.SZSE 华软科技 5.69 (-5.79%)
2026-05-21 14:55:39,982 [INFO] paper-strat: 📊 TICK 605006.SSE 山东玻纤 14.29 (-0.56%)
2026-05-21 14:55:39,986 [INFO] paper-strat: 📊 TICK 301179.SZSE 泽宇智能 24.45 (-7.74%)
2026-05-21 14:55:39,994 [INFO] paper-strat: 📊 TICK 000600.SZSE 建投能源 10.10 (-0.59%)
2026-05-21 14:55:40,006 [INFO] paper-strat: 📊 TICK 600330.SSE 天通股份 27.50 (-4.21%)
2026-05-21 14:55:40,011 [INFO] paper-strat: 📊 TICK 002067.SZSE 景兴纸业 5.23 (+2.75%)
2026-05-21 14:55:40,016 [INFO] paper-strat: 📊 TICK 002428.SZSE 云南锗业 84.09 (-7.59%)
2026-05-21 14:55:40,018 [INFO] paper-strat: 📊 TICK 600863.SSE 华能蒙电 5.59 (+3.90%)
2026-05-21 14:55:40,022 [INFO] paper-strat: 📊 TICK 600021.SSE 上海电力 17.93 (-4.01%)
2026-05-21 14:55:40,024 [INFO] paper-strat: 📊 TICK 603986.SSE 兆易创新 431.58 (-3.02%)
2026-05-21 14:55:43,578 [INFO] paper-strat: ♥ 心跳 | 策略 22 个 | tick 22
2026-05-21 14:55:45,217 [INFO] paper-strat: 📊 TICK 000899.SZSE 赣能股份 12.83 (-4.40%)
2026-05-21 14:55:45,229 [INFO] paper-strat: 📊 TICK 002709.SZSE 天赐材料 57.50 (-0.86%)
2026-05-21 14:55:45,232 [INFO] paper-strat: 📊 TICK 601222.SSE 林洋能源 6.35 (-4.22%)
2026-05-21 14:55:45,244 [INFO] paper-strat: 📊 TICK 605006.SSE 山东玻纤 14.30 (-0.49%)
2026-05-21 14:55:45,247 [INFO] paper-strat: 📊 TICK 301179.SZSE 泽宇智能 24.48 (-7.62%)
2026-05-21 14:55:45,254 [INFO] paper-strat: 📊 TICK 000600.SZSE 建投能源 10.09 (-0.69%)
2026-05-21 14:55:45,257 [INFO] paper-strat: 📊 TICK 002149.SZSE 西部材料 69.75 (+0.96%)
2026-05-21 14:55:45,268 [INFO] paper-strat: 📊 TICK 600330.SSE 天通股份 27.48 (-4.28%)
2026-05-21 14:55:45,273 [INFO] paper-strat: 📊 TICK 002067.SZSE 景兴纸业 5.24 (+2.95%)
2026-05-21 14:55:45,277 [INFO] paper-strat: 📊 TICK 002428.SZSE 云南锗业 84.01 (-7.68%)
2026-05-21 14:55:50,458 [INFO] paper-strat: 📊 TICK 000899.SZSE 赣能股份 12.84 (-4.32%)
2026-05-21 14:55:50,464 [INFO] paper-strat: 📊 TICK 301120.SZSE 新特电气 23.09 (-5.45%)
2026-05-21 14:55:50,468 [INFO] paper-strat: 📊 TICK 002156.SZSE 通富微电 61.98 (-0.48%)
2026-05-21 14:55:50,470 [INFO] paper-strat: 📊 TICK 002709.SZSE 天赐材料 57.65 (-0.60%)
2026-05-21 14:55:50,498 [INFO] paper-strat: 📊 TICK 002149.SZSE 西部材料 69.79 (+1.01%)
2026-05-21 14:55:50,507 [INFO] paper-strat: 📊 TICK 001896.SZSE 豫能控股 16.36 (+9.95%)
2026-05-21 14:55:50,510 [INFO] paper-strat: 📊 TICK 603178.SSE 圣龙股份 19.75 (-7.62%)
2026-05-21 14:55:50,513 [INFO] paper-strat: 📊 TICK 600330.SSE 天通股份 27.47 (-4.32%)
2026-05-21 14:55:50,522 [INFO] paper-strat: 📊 TICK 002428.SZSE 云南锗业 84.02 (-7.67%)
2026-05-21 14:55:50,530 [INFO] paper-strat: 📊 TICK 603986.SSE 兆易创新 431.90 (-2.95%)
2026-05-21 14:55:55,705 [INFO] paper-strat: 📊 TICK 002156.SZSE 通富微电 61.94 (-0.55%)
2026-05-21 14:55:55,710 [INFO] paper-strat: 📊 TICK 002709.SZSE 天赐材料 57.66 (-0.59%)
2026-05-21 14:55:55,713 [INFO] paper-strat: 📊 TICK 601222.SSE 林洋能源 6.34 (-4.37%)
2026-05-21 14:55:55,716 [INFO] paper-strat: 📊 TICK 002453.SZSE 华软科技 5.68 (-5.96%)
2026-05-21 14:55:55,725 [INFO] paper-strat: 📊 TICK 605006.SSE 山东玻纤 14.31 (-0.42%)
2026-05-21 14:55:55,728 [INFO] paper-strat: 📊 TICK 301179.SZSE 泽宇智能 24.47 (-7.66%)
2026-05-21 14:55:55,735 [INFO] paper-strat: 📊 TICK 000600.SZSE 建投能源 10.10 (-0.59%)
2026-05-21 14:55:55,738 [INFO] paper-strat: 📊 TICK 002149.SZSE 西部材料 69.81 (+1.04%)
2026-05-21 14:55:55,742 [INFO] paper-strat: 📊 TICK 600310.SSE 广西能源 5.20 (+2.56%)
2026-05-21 14:55:55,745 [INFO] paper-strat: 📊 TICK 001896.SZSE 豫能控股 16.37 (+10.01%)
2026-05-21 14:55:55,746 [INFO] paper-strat: 📊 TICK 603178.SSE 圣龙股份 19.79 (-7.44%)
2026-05-21 14:55:55,750 [INFO] paper-strat: 📊 TICK 600330.SSE 天通股份 27.48 (-4.28%)
2026-05-21 14:55:55,754 [INFO] paper-strat: 📊 TICK 002067.SZSE 景兴纸业 5.23 (+2.75%)
2026-05-21 14:55:55,759 [INFO] paper-strat: 📊 TICK 002428.SZSE 云南锗业 84.04 (-7.65%)
2026-05-21 14:55:55,766 [INFO] paper-strat: 📊 TICK 603986.SSE 兆易创新 431.60 (-3.02%)
2026-05-21 14:55:58,580 [INFO] paper-strat: ♥ 心跳 | 策略 22 个 | tick 22
2026-05-21 14:56:00,921 [INFO] paper-strat: 📊 TICK 000899.SZSE 赣能股份 12.83 (-4.40%)
2026-05-21 14:56:00,927 [INFO] paper-strat: 📊 TICK 301120.SZSE 新特电气 23.10 (-5.41%)
2026-05-21 14:56:00,930 [INFO] paper-strat: 📊 TICK 002156.SZSE 通富微电 61.98 (-0.48%)
2026-05-21 14:56:00,945 [INFO] paper-strat: 📊 TICK 605006.SSE 山东玻纤 14.32 (-0.35%)
2026-05-21 14:56:00,948 [INFO] paper-strat: 📊 TICK 301179.SZSE 泽宇智能 24.48 (-7.62%)
2026-05-21 14:56:00,957 [INFO] paper-strat: 📊 TICK 000600.SZSE 建投能源 10.11 (-0.49%)
2026-05-21 14:56:00,960 [INFO] paper-strat: 📊 TICK 002149.SZSE 西部材料 69.82 (+1.06%)
2026-05-21 14:56:00,965 [INFO] paper-strat: 📊 TICK 001896.SZSE 豫能控股 16.36 (+9.95%)
2026-05-21 14:56:00,968 [INFO] paper-strat: 📊 TICK 603178.SSE 圣龙股份 19.76 (-7.58%)
2026-05-21 14:56:00,971 [INFO] paper-strat: 📊 TICK 600330.SSE 天通股份 27.50 (-4.21%)
2026-05-21 14:56:00,977 [INFO] paper-strat: 📊 TICK 002067.SZSE 景兴纸业 5.24 (+2.95%)
2026-05-21 14:56:00,979 [INFO] paper-strat: 📊 TICK 002428.SZSE 云南锗业 84.03 (-7.66%)
2026-05-21 14:56:00,986 [INFO] paper-strat: 📊 TICK 603986.SSE 兆易创新 432.00 (-2.93%)
2026-05-21 14:56:06,162 [INFO] paper-strat: 📊 TICK 301120.SZSE 新特电气 23.09 (-5.45%)
2026-05-21 14:56:06,166 [INFO] paper-strat: 📊 TICK 002156.SZSE 通富微电 61.92 (-0.58%)
2026-05-21 14:56:06,168 [INFO] paper-strat: 📊 TICK 002709.SZSE 天赐材料 57.68 (-0.55%)
2026-05-21 14:56:06,194 [INFO] paper-strat: 📊 TICK 002149.SZSE 西部材料 69.85 (+1.10%)
2026-05-21 14:56:06,199 [INFO] paper-strat: 📊 TICK 600310.SSE 广西能源 5.19 (+2.37%)
2026-05-21 14:56:06,203 [INFO] paper-strat: 📊 TICK 001896.SZSE 豫能控股 16.37 (+10.01%)
2026-05-21 14:56:06,207 [INFO] paper-strat: 📊 TICK 603178.SSE 圣龙股份 19.77 (-7.53%)
2026-05-21 14:56:06,217 [INFO] paper-strat: 📊 TICK 002428.SZSE 云南锗业 84.04 (-7.65%)
2026-05-21 14:56:06,223 [INFO] paper-strat: 📊 TICK 600021.SSE 上海电力 17.95 (-3.91%)
2026-05-21 14:56:11,411 [INFO] paper-strat: 📊 TICK 301120.SZSE 新特电气 23.07 (-5.53%)
2026-05-21 14:56:11,414 [INFO] paper-strat: 📊 TICK 002156.SZSE 通富微电 61.87 (-0.66%)
2026-05-21 14:56:11,418 [INFO] paper-strat: 📊 TICK 002709.SZSE 天赐材料 57.69 (-0.53%)
2026-05-21 14:56:11,424 [INFO] paper-strat: 📊 TICK 002453.SZSE 华软科技 5.69 (-5.79%)
2026-05-21 14:56:11,432 [INFO] paper-strat: 📊 TICK 605006.SSE 山东玻纤 14.29 (-0.56%)
2026-05-21 14:56:11,442 [INFO] paper-strat: 📊 TICK 000600.SZSE 建投能源 10.12 (-0.39%)
2026-05-21 14:56:11,445 [INFO] paper-strat: 📊 TICK 002149.SZSE 西部材料 69.93 (+1.22%)
2026-05-21 14:56:11,453 [INFO] paper-strat: 📊 TICK 603178.SSE 圣龙股份 19.75 (-7.62%)
2026-05-21 14:56:11,455 [INFO] paper-strat: 📊 TICK 600330.SSE 天通股份 27.49 (-4.25%)
2026-05-21 14:56:11,464 [INFO] paper-strat: 📊 TICK 002428.SZSE 云南锗业 83.80 (-7.91%)
2026-05-21 14:56:11,469 [INFO] paper-strat: 📊 TICK 600021.SSE 上海电力 17.94 (-3.96%)
2026-05-21 14:56:11,473 [INFO] paper-strat: 📊 TICK 603986.SSE 兆易创新 432.09 (-2.91%)
2026-05-21 14:56:11,476 [INFO] paper-strat: 📊 TICK 603601.SSE 再升科技 18.00 (+2.27%)
2026-05-21 14:56:13,582 [INFO] paper-strat: ♥ 心跳 | 策略 22 个 | tick 22
2026-05-21 14:56:16,649 [INFO] paper-strat: 📊 TICK 000899.SZSE 赣能股份 12.82 (-4.47%)
2026-05-21 14:56:16,659 [INFO] paper-strat: 📊 TICK 002156.SZSE 通富微电 61.85 (-0.69%)
2026-05-21 14:56:16,662 [INFO] paper-strat: 📊 TICK 002709.SZSE 天赐材料 57.70 (-0.52%)
2026-05-21 14:56:16,665 [INFO] paper-strat: 📊 TICK 601222.SSE 林洋能源 6.35 (-4.22%)
2026-05-21 14:56:16,669 [INFO] paper-strat: 📊 TICK 002453.SZSE 华软科技 5.68 (-5.96%)
2026-05-21 14:56:16,675 [INFO] paper-strat: 📊 TICK 605006.SSE 山东玻纤 14.33 (-0.28%)
2026-05-21 14:56:16,686 [INFO] paper-strat: 📊 TICK 000600.SZSE 建投能源 10.10 (-0.59%)
2026-05-21 14:56:16,689 [INFO] paper-strat: 📊 TICK 002149.SZSE 西部材料 69.96 (+1.26%)
2026-05-21 14:56:16,696 [INFO] paper-strat: 📊 TICK 603178.SSE 圣龙股份 19.79 (-7.44%)
2026-05-21 14:56:16,707 [INFO] paper-strat: 📊 TICK 002428.SZSE 云南锗业 83.79 (-7.92%)
2026-05-21 14:56:16,716 [INFO] paper-strat: 📊 TICK 603601.SSE 再升科技 18.01 (+2.33%)
2026-05-21 14:56:21,894 [INFO] paper-strat: 📊 TICK 301120.SZSE 新特电气 23.06 (-5.57%)
2026-05-21 14:56:21,902 [INFO] paper-strat: 📊 TICK 601222.SSE 林洋能源 6.34 (-4.37%)
2026-05-21 14:56:21,904 [INFO] paper-strat: 📊 TICK 002453.SZSE 华软科技 5.69 (-5.79%)
2026-05-21 14:56:21,912 [INFO] paper-strat: 📊 TICK 605006.SSE 山东玻纤 14.30 (-0.49%)
2026-05-21 14:56:21,915 [INFO] paper-strat: 📊 TICK 301179.SZSE 泽宇智能 24.49 (-7.58%)
2026-05-21 14:56:21,925 [INFO] paper-strat: 📊 TICK 002149.SZSE 西部材料 69.97 (+1.27%)
2026-05-21 14:56:21,940 [INFO] paper-strat: 📊 TICK 002428.SZSE 云南锗业 83.80 (-7.91%)
2026-05-21 14:56:21,948 [INFO] paper-strat: 📊 TICK 603986.SSE 兆易创新 431.96 (-2.93%)
2026-05-21 14:56:21,952 [INFO] paper-strat: 📊 TICK 603601.SSE 再升科技 18.03 (+2.44%)
2026-05-21 14:56:27,114 [INFO] paper-strat: 📊 TICK 301120.SZSE 新特电气 23.07 (-5.53%)
2026-05-21 14:56:27,117 [INFO] paper-strat: 📊 TICK 002156.SZSE 通富微电 61.88 (-0.64%)
2026-05-21 14:56:27,119 [INFO] paper-strat: 📊 TICK 002709.SZSE 天赐材料 57.69 (-0.53%)
2026-05-21 14:56:27,132 [INFO] paper-strat: 📊 TICK 605006.SSE 山东玻纤 14.31 (-0.42%)
2026-05-21 14:56:27,136 [INFO] paper-strat: 📊 TICK 301179.SZSE 泽宇智能 24.50 (-7.55%)
2026-05-21 14:56:27,145 [INFO] paper-strat: 📊 TICK 000600.SZSE 建投能源 10.11 (-0.49%)
2026-05-21 14:56:27,149 [INFO] paper-strat: 📊 TICK 002149.SZSE 西部材料 69.99 (+1.30%)
2026-05-21 14:56:27,159 [INFO] paper-strat: 📊 TICK 600330.SSE 天通股份 27.50 (-4.21%)
2026-05-21 14:56:27,164 [INFO] paper-strat: 📊 TICK 002067.SZSE 景兴纸业 5.25 (+3.14%)
2026-05-21 14:56:27,168 [INFO] paper-strat: 📊 TICK 002428.SZSE 云南锗业 83.81 (-7.90%)
2026-05-21 14:56:27,176 [INFO] paper-strat: 📊 TICK 603986.SSE 兆易创新 432.07 (-2.91%)
2026-05-21 14:56:27,178 [INFO] paper-strat: 📊 TICK 603601.SSE 再升科技 18.04 (+2.50%)
2026-05-21 14:56:28,583 [INFO] paper-strat: ♥ 心跳 | 策略 22 个 | tick 22
2026-05-21 14:56:32,348 [INFO] paper-strat: 📊 TICK 002156.SZSE 通富微电 61.89 (-0.63%)
2026-05-21 14:56:32,351 [INFO] paper-strat: 📊 TICK 002709.SZSE 天赐材料 57.70 (-0.52%)
2026-05-21 14:56:32,354 [INFO] paper-strat: 📊 TICK 601222.SSE 林洋能源 6.33 (-4.52%)
2026-05-21 14:56:32,364 [INFO] paper-strat: 📊 TICK 605006.SSE 山东玻纤 14.30 (-0.49%)
2026-05-21 14:56:32,368 [INFO] paper-strat: 📊 TICK 301179.SZSE 泽宇智能 24.51 (-7.51%)
2026-05-21 14:56:32,374 [INFO] paper-strat: 📊 TICK 000600.SZSE 建投能源 10.12 (-0.39%)
2026-05-21 14:56:32,378 [INFO] paper-strat: 📊 TICK 002149.SZSE 西部材料 70.00 (+1.32%)
2026-05-21 14:56:32,381 [INFO] paper-strat: 📊 TICK 600310.SSE 广西能源 5.20 (+2.56%)
2026-05-21 14:56:32,389 [INFO] paper-strat: 📊 TICK 600330.SSE 天通股份 27.49 (-4.25%)
2026-05-21 14:56:32,398 [INFO] paper-strat: 📊 TICK 002428.SZSE 云南锗业 83.85 (-7.86%)
2026-05-21 14:56:32,402 [INFO] paper-strat: 📊 TICK 600863.SSE 华能蒙电 5.58 (+3.72%)
2026-05-21 14:56:32,406 [INFO] paper-strat: 📊 TICK 603986.SSE 兆易创新 432.35 (-2.85%)
2026-05-21 14:56:32,411 [INFO] paper-strat: 📊 TICK 603601.SSE 再升科技 18.03 (+2.44%)
2026-05-21 14:56:37,584 [INFO] paper-strat: 📊 TICK 000899.SZSE 赣能股份 12.80 (-4.62%)
2026-05-21 14:56:37,595 [INFO] paper-strat: 📊 TICK 002156.SZSE 通富微电 61.88 (-0.64%)
2026-05-21 14:56:37,601 [INFO] paper-strat: 📊 TICK 601222.SSE 林洋能源 6.34 (-4.37%)
2026-05-21 14:56:37,604 [INFO] paper-strat: 📊 TICK 002453.SZSE 华软科技 5.68 (-5.96%)
2026-05-21 14:56:37,614 [INFO] paper-strat: 📊 TICK 301179.SZSE 泽宇智能 24.53 (-7.43%)
2026-05-21 14:56:37,625 [INFO] paper-strat: 📊 TICK 002149.SZSE 西部材料 70.01 (+1.33%)
2026-05-21 14:56:37,629 [INFO] paper-strat: 📊 TICK 600310.SSE 广西能源 5.19 (+2.37%)
2026-05-21 14:56:37,632 [INFO] paper-strat: 📊 TICK 001896.SZSE 豫能控股 16.36 (+9.95%)
2026-05-21 14:56:37,634 [INFO] paper-strat: 📊 TICK 603178.SSE 圣龙股份 19.80 (-7.39%)
2026-05-21 14:56:37,638 [INFO] paper-strat: 📊 TICK 600330.SSE 天通股份 27.50 (-4.21%)
2026-05-21 14:56:37,646 [INFO] paper-strat: 📊 TICK 002428.SZSE 云南锗业 83.90 (-7.80%)
2026-05-21 14:56:37,649 [INFO] paper-strat: 📊 TICK 600863.SSE 华能蒙电 5.59 (+3.90%)
2026-05-21 14:56:37,654 [INFO] paper-strat: 📊 TICK 603986.SSE 兆易创新 432.15 (-2.89%)
2026-05-21 14:56:37,658 [INFO] paper-strat: 📊 TICK 603601.SSE 再升科技 18.05 (+2.56%)
2026-05-21 14:56:42,830 [INFO] paper-strat: 📊 TICK 002156.SZSE 通富微电 61.87 (-0.66%)
2026-05-21 14:56:42,832 [INFO] paper-strat: 📊 TICK 002709.SZSE 天赐材料 57.71 (-0.50%)
2026-05-21 14:56:42,837 [INFO] paper-strat: 📊 TICK 601222.SSE 林洋能源 6.35 (-4.22%)
2026-05-21 14:56:42,840 [INFO] paper-strat: 📊 TICK 002453.SZSE 华软科技 5.69 (-5.79%)
2026-05-21 14:56:42,856 [INFO] paper-strat: 📊 TICK 000600.SZSE 建投能源 10.11 (-0.49%)
2026-05-21 14:56:42,860 [INFO] paper-strat: 📊 TICK 002149.SZSE 西部材料 70.02 (+1.35%)
2026-05-21 14:56:42,863 [INFO] paper-strat: 📊 TICK 600310.SSE 广西能源 5.20 (+2.56%)
2026-05-21 14:56:42,868 [INFO] paper-strat: 📊 TICK 603178.SSE 圣龙股份 19.85 (-7.16%)
2026-05-21 14:56:42,876 [INFO] paper-strat: 📊 TICK 002067.SZSE 景兴纸业 5.23 (+2.75%)
2026-05-21 14:56:42,878 [INFO] paper-strat: 📊 TICK 002428.SZSE 云南锗业 83.89 (-7.81%)
2026-05-21 14:56:42,886 [INFO] paper-strat: 📊 TICK 603986.SSE 兆易创新 432.30 (-2.86%)
2026-05-21 14:56:42,889 [INFO] paper-strat: 📊 TICK 603601.SSE 再升科技 18.06 (+2.61%)
2026-05-21 14:56:43,585 [INFO] paper-strat: ♥ 心跳 | 策略 22 个 | tick 22
2026-05-21 14:56:48,060 [INFO] paper-strat: 📊 TICK 000899.SZSE 赣能股份 12.81 (-4.55%)
2026-05-21 14:56:48,066 [INFO] paper-strat: 📊 TICK 301120.SZSE 新特电气 23.09 (-5.45%)
2026-05-21 14:56:48,070 [INFO] paper-strat: 📊 TICK 002156.SZSE 通富微电 61.83 (-0.72%)
2026-05-21 14:56:48,075 [INFO] paper-strat: 📊 TICK 601222.SSE 林洋能源 6.34 (-4.37%)
2026-05-21 14:56:48,088 [INFO] paper-strat: 📊 TICK 301179.SZSE 泽宇智能 24.54 (-7.40%)
2026-05-21 14:56:48,098 [INFO] paper-strat: 📊 TICK 000600.SZSE 建投能源 10.12 (-0.39%)
2026-05-21 14:56:48,100 [INFO] paper-strat: 📊 TICK 002149.SZSE 西部材料 70.05 (+1.39%)
2026-05-21 14:56:48,104 [INFO] paper-strat: 📊 TICK 600310.SSE 广西能源 5.21 (+2.76%)
2026-05-21 14:56:48,111 [INFO] paper-strat: 📊 TICK 603178.SSE 圣龙股份 19.82 (-7.30%)
2026-05-21 14:56:48,118 [INFO] paper-strat: 📊 TICK 002067.SZSE 景兴纸业 5.24 (+2.95%)
2026-05-21 14:56:48,122 [INFO] paper-strat: 📊 TICK 002428.SZSE 云南锗业 83.93 (-7.77%)
2026-05-21 14:56:48,132 [INFO] paper-strat: 📊 TICK 603601.SSE 再升科技 18.08 (+2.73%)
2026-05-21 14:56:53,290 [INFO] paper-strat: 📊 TICK 301120.SZSE 新特电气 23.07 (-5.53%)
2026-05-21 14:56:53,293 [INFO] paper-strat: 📊 TICK 002156.SZSE 通富微电 61.82 (-0.74%)
2026-05-21 14:56:53,300 [INFO] paper-strat: 📊 TICK 002453.SZSE 华软科技 5.68 (-5.96%)
2026-05-21 14:56:53,317 [INFO] paper-strat: 📊 TICK 000600.SZSE 建投能源 10.13 (-0.30%)
2026-05-21 14:56:53,322 [INFO] paper-strat: 📊 TICK 002149.SZSE 西部材料 70.10 (+1.46%)
2026-05-21 14:56:53,328 [INFO] paper-strat: 📊 TICK 001896.SZSE 豫能控股 16.37 (+10.01%)
2026-05-21 14:56:53,331 [INFO] paper-strat: 📊 TICK 603178.SSE 圣龙股份 19.85 (-7.16%)
2026-05-21 14:56:53,340 [INFO] paper-strat: 📊 TICK 002428.SZSE 云南锗业 83.94 (-7.76%)
2026-05-21 14:56:53,348 [INFO] paper-strat: 📊 TICK 603986.SSE 兆易创新 432.34 (-2.85%)
2026-05-21 14:56:53,352 [INFO] paper-strat: 📊 TICK 603601.SSE 再升科技 18.09 (+2.78%)
2026-05-21 14:56:58,533 [INFO] paper-strat: 📊 TICK 301120.SZSE 新特电气 23.06 (-5.57%)
2026-05-21 14:56:58,544 [INFO] paper-strat: 📊 TICK 002453.SZSE 华软科技 5.69 (-5.79%)
2026-05-21 14:56:58,552 [INFO] paper-strat: 📊 TICK 605006.SSE 山东玻纤 14.31 (-0.42%)
2026-05-21 14:56:58,555 [INFO] paper-strat: 📊 TICK 301179.SZSE 泽宇智能 24.58 (-7.25%)
2026-05-21 14:56:58,565 [INFO] paper-strat: 📊 TICK 002149.SZSE 西部材料 70.13 (+1.51%)
2026-05-21 14:56:58,569 [INFO] paper-strat: 📊 TICK 600310.SSE 广西能源 5.22 (+2.96%)
2026-05-21 14:56:58,574 [INFO] paper-strat: 📊 TICK 603178.SSE 圣龙股份 19.84 (-7.20%)
2026-05-21 14:56:58,578 [INFO] paper-strat: 📊 TICK 600330.SSE 天通股份 27.51 (-4.18%)
2026-05-21 14:56:58,587 [INFO] paper-strat: ♥ 心跳 | 策略 22 个 | tick 22
2026-05-21 14:56:58,592 [INFO] paper-strat: 📊 TICK 600021.SSE 上海电力 17.95 (-3.91%)
2026-05-21 14:56:58,595 [INFO] paper-strat: 📊 TICK 603986.SSE 兆易创新 432.30 (-2.86%)
2026-05-21 14:56:58,597 [INFO] paper-strat: 📊 TICK 603601.SSE 再升科技 18.11 (+2.90%)
2026-05-21 14:57:03,755 [INFO] paper-strat: 📊 TICK 000899.SZSE 赣能股份 12.82 (-4.47%)
2026-05-21 14:57:03,761 [INFO] paper-strat: 📊 TICK 301120.SZSE 新特电气 23.09 (-5.45%)
2026-05-21 14:57:03,764 [INFO] paper-strat: 📊 TICK 002156.SZSE 通富微电 61.81 (-0.75%)
2026-05-21 14:57:03,767 [INFO] paper-strat: 📊 TICK 002709.SZSE 天赐材料 57.70 (-0.52%)
2026-05-21 14:57:03,781 [INFO] paper-strat: 📊 TICK 301179.SZSE 泽宇智能 24.56 (-7.32%)
2026-05-21 14:57:03,791 [INFO] paper-strat: 📊 TICK 000600.SZSE 建投能源 10.12 (-0.39%)
2026-05-21 14:57:03,796 [INFO] paper-strat: 📊 TICK 002149.SZSE 西部材料 70.15 (+1.53%)
2026-05-21 14:57:03,799 [INFO] paper-strat: 📊 TICK 600310.SSE 广西能源 5.21 (+2.76%)
2026-05-21 14:57:03,821 [INFO] paper-strat: 📊 TICK 603986.SSE 兆易创新 432.34 (-2.85%)
2026-05-21 14:57:03,824 [INFO] paper-strat: 📊 TICK 603601.SSE 再升科技 18.12 (+2.95%)
2026-05-21 14:57:13,589 [INFO] paper-strat: ♥ 心跳 | 策略 22 个 | tick 22
2026-05-21 14:57:28,591 [INFO] paper-strat: ♥ 心跳 | 策略 22 个 | tick 22
2026-05-21 14:57:43,593 [INFO] paper-strat: ♥ 心跳 | 策略 22 个 | tick 22
2026-05-21 14:57:58,594 [INFO] paper-strat: ♥ 心跳 | 策略 22 个 | tick 22
2026-05-21 14:58:13,596 [INFO] paper-strat: ♥ 心跳 | 策略 22 个 | tick 22
2026-05-21 14:58:28,597 [INFO] paper-strat: ♥ 心跳 | 策略 22 个 | tick 22
2026-05-21 14:58:43,599 [INFO] paper-strat: ♥ 心跳 | 策略 22 个 | tick 22
2026-05-21 14:58:58,601 [INFO] paper-strat: ♥ 心跳 | 策略 22 个 | tick 22
2026-05-21 14:59:13,602 [INFO] paper-strat: ♥ 心跳 | 策略 22 个 | tick 22
2026-05-21 14:59:28,603 [INFO] paper-strat: ♥ 心跳 | 策略 22 个 | tick 22
2026-05-21 14:59:43,604 [INFO] paper-strat: ♥ 心跳 | 策略 22 个 | tick 22
2026-05-21 14:59:58,605 [INFO] paper-strat: ♥ 心跳 | 策略 22 个 | tick 22
2026-05-21 15:00:02,119 [INFO] paper-strat: 📊 TICK 603986.SSE 兆易创新 431.90 (-2.95%)
2026-05-21 15:00:07,291 [INFO] paper-strat: 📊 TICK 000899.SZSE 赣能股份 12.83 (-4.40%)
2026-05-21 15:00:07,298 [INFO] paper-strat: 📊 TICK 301120.SZSE 新特电气 23.04 (-5.65%)
2026-05-21 15:00:07,302 [INFO] paper-strat: 📊 TICK 002156.SZSE 通富微电 61.76 (-0.83%)
2026-05-21 15:00:07,305 [INFO] paper-strat: 📊 TICK 002709.SZSE 天赐材料 57.71 (-0.50%)
2026-05-21 15:00:07,320 [INFO] paper-strat: 📊 TICK 301179.SZSE 泽宇智能 24.54 (-7.40%)
2026-05-21 15:00:07,328 [INFO] paper-strat: 📊 TICK 000600.SZSE 建投能源 10.13 (-0.30%)
2026-05-21 15:00:07,333 [INFO] paper-strat: 📊 TICK 600310.SSE 广西能源 5.20 (+2.56%)
2026-05-21 15:00:07,338 [INFO] paper-strat: 📊 TICK 603178.SSE 圣龙股份 19.83 (-7.25%)
2026-05-21 15:00:07,342 [INFO] paper-strat: 📊 TICK 600330.SSE 天通股份 27.50 (-4.21%)
2026-05-21 15:00:07,349 [INFO] paper-strat: 📊 TICK 002428.SZSE 云南锗业 83.80 (-7.91%)
2026-05-21 15:00:07,354 [INFO] paper-strat: 📊 TICK 600863.SSE 华能蒙电 5.58 (+3.72%)
2026-05-21 15:00:07,361 [INFO] paper-strat: 📊 TICK 603601.SSE 再升科技 18.13 (+3.01%)
2026-05-21 15:00:13,607 [INFO] paper-strat: ♥ 心跳 | 策略 22 个 | tick 22
2026-05-21 15:00:28,608 [INFO] paper-strat: ♥ 心跳 | 策略 22 个 | tick 22
2026-05-21 15:00:43,610 [INFO] paper-strat: ♥ 心跳 | 策略 22 个 | tick 22
2026-05-21 15:00:58,612 [INFO] paper-strat: ♥ 心跳 | 策略 22 个 | tick 22
2026-05-21 15:01:13,614 [INFO] paper-strat: ♥ 心跳 | 策略 22 个 | tick 22
2026-05-21 15:01:28,615 [INFO] paper-strat: ♥ 心跳 | 策略 22 个 | tick 22
2026-05-21 15:01:43,617 [INFO] paper-strat: ♥ 心跳 | 策略 22 个 | tick 22
2026-05-21 15:01:58,618 [INFO] paper-strat: ♥ 心跳 | 策略 22 个 | tick 22
2026-05-21 15:02:13,620 [INFO] paper-strat: ♥ 心跳 | 策略 22 个 | tick 22
2026-05-21 15:02:28,624 [INFO] paper-strat: ♥ 心跳 | 策略 22 个 | tick 22
2026-05-21 15:02:43,625 [INFO] paper-strat: ♥ 心跳 | 策略 22 个 | tick 22
2026-05-21 15:02:58,626 [INFO] paper-strat: ♥ 心跳 | 策略 22 个 | tick 22
2026-05-21 15:03:13,628 [INFO] paper-strat: ♥ 心跳 | 策略 22 个 | tick 22
2026-05-21 15:03:28,629 [INFO] paper-strat: ♥ 心跳 | 策略 22 个 | tick 22
2026-05-21 15:03:43,631 [INFO] paper-strat: ♥ 心跳 | 策略 22 个 | tick 22
2026-05-21 15:03:58,633 [INFO] paper-strat: ♥ 心跳 | 策略 22 个 | tick 22
2026-05-21 15:04:13,634 [INFO] paper-strat: ♥ 心跳 | 策略 22 个 | tick 22
2026-05-21 15:04:28,637 [INFO] paper-strat: ♥ 心跳 | 策略 22 个 | tick 22
2026-05-21 15:04:43,638 [INFO] paper-strat: ♥ 心跳 | 策略 22 个 | tick 22
2026-05-21 15:04:58,639 [INFO] paper-strat: ♥ 心跳 | 策略 22 个 | tick 22
2026-05-21 15:05:13,641 [INFO] paper-strat: ♥ 心跳 | 策略 22 个 | tick 22
2026-05-21 15:05:28,642 [INFO] paper-strat: ♥ 心跳 | 策略 22 个 | tick 22
2026-05-21 15:05:43,643 [INFO] paper-strat: ♥ 心跳 | 策略 22 个 | tick 22
2026-05-21 15:05:43,643 [INFO] paper-strat: 达到 timeout
