2026-05-29 15:04:04,627 [INFO] paper-strat: 从 config.yaml 加载成功：holdings=14 只，watchlist=26 只
2026-05-29 15:04:04,627 [INFO] paper-strat: === vqlearn paper + strategy ===
2026-05-29 15:04:04,627 [INFO] paper-strat: 持仓: 14 只 | 观察: 26 只 | auto_trade=True
没有配置要使用的数据服务，请修改全局配置中的datafeed相关内容
2026-05-29 15:04:04.651 | INFO | MainEngine | 连接登录 -> AKSHARE
2026-05-29 15:04:04,651 [INFO] paper-strat: [MainEngine] 连接登录 -> AKSHARE
2026-05-29 15:04:04.651 | INFO | AKSHARE | akshare gateway 启动（行情 only），轮询 5.0s
2026-05-29 15:04:04,652 [INFO] paper-strat: [AKSHARE] akshare gateway 启动（行情 only），轮询 5.0s
2026-05-29 15:04:06.654 | INFO | MainEngine | 订阅行情 -> AKSHARE：SubscribeRequest(symbol='002709', exchange=<Exchange.SZSE: 'SZSE'>)
2026-05-29 15:04:06,654 [INFO] paper-strat: [MainEngine] 订阅行情 -> AKSHARE：SubscribeRequest(symbol='002709', exchange=<Exchange.SZSE: 'SZSE'>)
2026-05-29 15:04:06.654 | INFO | AKSHARE | 订阅 002709.SZSE (累计 1 只)
2026-05-29 15:04:06,654 [INFO] paper-strat: [AKSHARE] 订阅 002709.SZSE (累计 1 只)
2026-05-29 15:04:06.654 | INFO | MainEngine | 订阅行情 -> AKSHARE：SubscribeRequest(symbol='601728', exchange=<Exchange.SSE: 'SSE'>)
2026-05-29 15:04:06,654 [INFO] paper-strat: [MainEngine] 订阅行情 -> AKSHARE：SubscribeRequest(symbol='601728', exchange=<Exchange.SSE: 'SSE'>)
2026-05-29 15:04:06.654 | INFO | AKSHARE | 订阅 601728.SSE (累计 2 只)
2026-05-29 15:04:06,654 [INFO] paper-strat: [AKSHARE] 订阅 601728.SSE (累计 2 只)
2026-05-29 15:04:06.654 | INFO | MainEngine | 订阅行情 -> AKSHARE：SubscribeRequest(symbol='600309', exchange=<Exchange.SSE: 'SSE'>)
2026-05-29 15:04:06,656 [INFO] paper-strat: [MainEngine] 订阅行情 -> AKSHARE：SubscribeRequest(symbol='600309', exchange=<Exchange.SSE: 'SSE'>)
2026-05-29 15:04:06.656 | INFO | AKSHARE | 订阅 600309.SSE (累计 3 只)
2026-05-29 15:04:06,656 [INFO] paper-strat: [AKSHARE] 订阅 600309.SSE (累计 3 只)
2026-05-29 15:04:06.656 | INFO | MainEngine | 订阅行情 -> AKSHARE：SubscribeRequest(symbol='002654', exchange=<Exchange.SZSE: 'SZSE'>)
2026-05-29 15:04:06,656 [INFO] paper-strat: [MainEngine] 订阅行情 -> AKSHARE：SubscribeRequest(symbol='002654', exchange=<Exchange.SZSE: 'SZSE'>)
2026-05-29 15:04:06.656 | INFO | AKSHARE | 订阅 002654.SZSE (累计 4 只)
2026-05-29 15:04:06,656 [INFO] paper-strat: [AKSHARE] 订阅 002654.SZSE (累计 4 只)
2026-05-29 15:04:06.656 | INFO | MainEngine | 订阅行情 -> AKSHARE：SubscribeRequest(symbol='002067', exchange=<Exchange.SZSE: 'SZSE'>)
2026-05-29 15:04:06,656 [INFO] paper-strat: [MainEngine] 订阅行情 -> AKSHARE：SubscribeRequest(symbol='002067', exchange=<Exchange.SZSE: 'SZSE'>)
2026-05-29 15:04:06.656 | INFO | AKSHARE | 订阅 002067.SZSE (累计 5 只)
2026-05-29 15:04:06,657 [INFO] paper-strat: [AKSHARE] 订阅 002067.SZSE (累计 5 只)
2026-05-29 15:04:06.657 | INFO | MainEngine | 订阅行情 -> AKSHARE：SubscribeRequest(symbol='601222', exchange=<Exchange.SSE: 'SSE'>)
2026-05-29 15:04:06,657 [INFO] paper-strat: [MainEngine] 订阅行情 -> AKSHARE：SubscribeRequest(symbol='601222', exchange=<Exchange.SSE: 'SSE'>)
2026-05-29 15:04:06.657 | INFO | AKSHARE | 订阅 601222.SSE (累计 6 只)
2026-05-29 15:04:06,657 [INFO] paper-strat: [AKSHARE] 订阅 601222.SSE (累计 6 只)
2026-05-29 15:04:06.657 | INFO | MainEngine | 订阅行情 -> AKSHARE：SubscribeRequest(symbol='600186', exchange=<Exchange.SSE: 'SSE'>)
2026-05-29 15:04:06,657 [INFO] paper-strat: [MainEngine] 订阅行情 -> AKSHARE：SubscribeRequest(symbol='600186', exchange=<Exchange.SSE: 'SSE'>)
2026-05-29 15:04:06.657 | INFO | AKSHARE | 订阅 600186.SSE (累计 7 只)
2026-05-29 15:04:06,657 [INFO] paper-strat: [AKSHARE] 订阅 600186.SSE (累计 7 只)
2026-05-29 15:04:06.657 | INFO | MainEngine | 订阅行情 -> AKSHARE：SubscribeRequest(symbol='001896', exchange=<Exchange.SZSE: 'SZSE'>)
2026-05-29 15:04:06,657 [INFO] paper-strat: [MainEngine] 订阅行情 -> AKSHARE：SubscribeRequest(symbol='001896', exchange=<Exchange.SZSE: 'SZSE'>)
2026-05-29 15:04:06.658 | INFO | AKSHARE | 订阅 001896.SZSE (累计 8 只)
2026-05-29 15:04:06,658 [INFO] paper-strat: [AKSHARE] 订阅 001896.SZSE (累计 8 只)
2026-05-29 15:04:06.658 | INFO | MainEngine | 订阅行情 -> AKSHARE：SubscribeRequest(symbol='002290', exchange=<Exchange.SZSE: 'SZSE'>)
2026-05-29 15:04:06,658 [INFO] paper-strat: [MainEngine] 订阅行情 -> AKSHARE：SubscribeRequest(symbol='002290', exchange=<Exchange.SZSE: 'SZSE'>)
2026-05-29 15:04:06.658 | INFO | AKSHARE | 订阅 002290.SZSE (累计 9 只)
2026-05-29 15:04:06,658 [INFO] paper-strat: [AKSHARE] 订阅 002290.SZSE (累计 9 只)
2026-05-29 15:04:06.658 | INFO | MainEngine | 订阅行情 -> AKSHARE：SubscribeRequest(symbol='301179', exchange=<Exchange.SZSE: 'SZSE'>)
2026-05-29 15:04:06,658 [INFO] paper-strat: [MainEngine] 订阅行情 -> AKSHARE：SubscribeRequest(symbol='301179', exchange=<Exchange.SZSE: 'SZSE'>)
2026-05-29 15:04:06.658 | INFO | AKSHARE | 订阅 301179.SZSE (累计 10 只)
2026-05-29 15:04:06,658 [INFO] paper-strat: [AKSHARE] 订阅 301179.SZSE (累计 10 只)
2026-05-29 15:04:06.658 | INFO | MainEngine | 订阅行情 -> AKSHARE：SubscribeRequest(symbol='002149', exchange=<Exchange.SZSE: 'SZSE'>)
2026-05-29 15:04:06,658 [INFO] paper-strat: [MainEngine] 订阅行情 -> AKSHARE：SubscribeRequest(symbol='002149', exchange=<Exchange.SZSE: 'SZSE'>)
2026-05-29 15:04:06.658 | INFO | AKSHARE | 订阅 002149.SZSE (累计 11 只)
2026-05-29 15:04:06,658 [INFO] paper-strat: [AKSHARE] 订阅 002149.SZSE (累计 11 只)
2026-05-29 15:04:06.659 | INFO | MainEngine | 订阅行情 -> AKSHARE：SubscribeRequest(symbol='603757', exchange=<Exchange.SSE: 'SSE'>)
2026-05-29 15:04:06,659 [INFO] paper-strat: [MainEngine] 订阅行情 -> AKSHARE：SubscribeRequest(symbol='603757', exchange=<Exchange.SSE: 'SSE'>)
2026-05-29 15:04:06.659 | INFO | AKSHARE | 订阅 603757.SSE (累计 12 只)
2026-05-29 15:04:06,659 [INFO] paper-strat: [AKSHARE] 订阅 603757.SSE (累计 12 只)
2026-05-29 15:04:06.659 | INFO | MainEngine | 订阅行情 -> AKSHARE：SubscribeRequest(symbol='600310', exchange=<Exchange.SSE: 'SSE'>)
2026-05-29 15:04:06,659 [INFO] paper-strat: [MainEngine] 订阅行情 -> AKSHARE：SubscribeRequest(symbol='600310', exchange=<Exchange.SSE: 'SSE'>)
2026-05-29 15:04:06.659 | INFO | AKSHARE | 订阅 600310.SSE (累计 13 只)
2026-05-29 15:04:06,659 [INFO] paper-strat: [AKSHARE] 订阅 600310.SSE (累计 13 只)
2026-05-29 15:04:06.659 | INFO | MainEngine | 订阅行情 -> AKSHARE：SubscribeRequest(symbol='600130', exchange=<Exchange.SSE: 'SSE'>)
2026-05-29 15:04:06,659 [INFO] paper-strat: [MainEngine] 订阅行情 -> AKSHARE：SubscribeRequest(symbol='600130', exchange=<Exchange.SSE: 'SSE'>)
2026-05-29 15:04:06.659 | INFO | AKSHARE | 订阅 600130.SSE (累计 14 只)
2026-05-29 15:04:06,659 [INFO] paper-strat: [AKSHARE] 订阅 600130.SSE (累计 14 只)
2026-05-29 15:04:06.659 | INFO | MainEngine | 订阅行情 -> AKSHARE：SubscribeRequest(symbol='002453', exchange=<Exchange.SZSE: 'SZSE'>)
2026-05-29 15:04:06,659 [INFO] paper-strat: [MainEngine] 订阅行情 -> AKSHARE：SubscribeRequest(symbol='002453', exchange=<Exchange.SZSE: 'SZSE'>)
2026-05-29 15:04:06.659 | INFO | AKSHARE | 订阅 002453.SZSE (累计 15 只)
2026-05-29 15:04:06,659 [INFO] paper-strat: [AKSHARE] 订阅 002453.SZSE (累计 15 只)
2026-05-29 15:04:06.659 | INFO | MainEngine | 订阅行情 -> AKSHARE：SubscribeRequest(symbol='002156', exchange=<Exchange.SZSE: 'SZSE'>)
2026-05-29 15:04:06,659 [INFO] paper-strat: [MainEngine] 订阅行情 -> AKSHARE：SubscribeRequest(symbol='002156', exchange=<Exchange.SZSE: 'SZSE'>)
2026-05-29 15:04:06.659 | INFO | AKSHARE | 订阅 002156.SZSE (累计 16 只)
2026-05-29 15:04:06,661 [INFO] paper-strat: [AKSHARE] 订阅 002156.SZSE (累计 16 只)
2026-05-29 15:04:06.661 | INFO | MainEngine | 订阅行情 -> AKSHARE：SubscribeRequest(symbol='002709', exchange=<Exchange.SZSE: 'SZSE'>)
2026-05-29 15:04:06,661 [INFO] paper-strat: [MainEngine] 订阅行情 -> AKSHARE：SubscribeRequest(symbol='002709', exchange=<Exchange.SZSE: 'SZSE'>)
2026-05-29 15:04:06.661 | INFO | AKSHARE | 订阅 002709.SZSE (累计 16 只)
2026-05-29 15:04:06,661 [INFO] paper-strat: [AKSHARE] 订阅 002709.SZSE (累计 16 只)
2026-05-29 15:04:06.661 | INFO | MainEngine | 订阅行情 -> AKSHARE：SubscribeRequest(symbol='002149', exchange=<Exchange.SZSE: 'SZSE'>)
2026-05-29 15:04:06,661 [INFO] paper-strat: [MainEngine] 订阅行情 -> AKSHARE：SubscribeRequest(symbol='002149', exchange=<Exchange.SZSE: 'SZSE'>)
2026-05-29 15:04:06.661 | INFO | AKSHARE | 订阅 002149.SZSE (累计 16 只)
2026-05-29 15:04:06,661 [INFO] paper-strat: [AKSHARE] 订阅 002149.SZSE (累计 16 只)
2026-05-29 15:04:06.661 | INFO | MainEngine | 订阅行情 -> AKSHARE：SubscribeRequest(symbol='605006', exchange=<Exchange.SSE: 'SSE'>)
2026-05-29 15:04:06,661 [INFO] paper-strat: [MainEngine] 订阅行情 -> AKSHARE：SubscribeRequest(symbol='605006', exchange=<Exchange.SSE: 'SSE'>)
2026-05-29 15:04:06.661 | INFO | AKSHARE | 订阅 605006.SSE (累计 17 只)
2026-05-29 15:04:06,661 [INFO] paper-strat: [AKSHARE] 订阅 605006.SSE (累计 17 只)
2026-05-29 15:04:06.661 | INFO | MainEngine | 订阅行情 -> AKSHARE：SubscribeRequest(symbol='603757', exchange=<Exchange.SSE: 'SSE'>)
2026-05-29 15:04:06,661 [INFO] paper-strat: [MainEngine] 订阅行情 -> AKSHARE：SubscribeRequest(symbol='603757', exchange=<Exchange.SSE: 'SSE'>)
2026-05-29 15:04:06.661 | INFO | AKSHARE | 订阅 603757.SSE (累计 17 只)
2026-05-29 15:04:06,661 [INFO] paper-strat: [AKSHARE] 订阅 603757.SSE (累计 17 只)
2026-05-29 15:04:06.661 | INFO | MainEngine | 订阅行情 -> AKSHARE：SubscribeRequest(symbol='000725', exchange=<Exchange.SZSE: 'SZSE'>)
2026-05-29 15:04:06,661 [INFO] paper-strat: [MainEngine] 订阅行情 -> AKSHARE：SubscribeRequest(symbol='000725', exchange=<Exchange.SZSE: 'SZSE'>)
2026-05-29 15:04:06.661 | INFO | AKSHARE | 订阅 000725.SZSE (累计 18 只)
2026-05-29 15:04:06,661 [INFO] paper-strat: [AKSHARE] 订阅 000725.SZSE (累计 18 只)
2026-05-29 15:04:06.662 | INFO | MainEngine | 订阅行情 -> AKSHARE：SubscribeRequest(symbol='600309', exchange=<Exchange.SSE: 'SSE'>)
2026-05-29 15:04:06,662 [INFO] paper-strat: [MainEngine] 订阅行情 -> AKSHARE：SubscribeRequest(symbol='600309', exchange=<Exchange.SSE: 'SSE'>)
2026-05-29 15:04:06.662 | INFO | AKSHARE | 订阅 600309.SSE (累计 18 只)
2026-05-29 15:04:06,662 [INFO] paper-strat: [AKSHARE] 订阅 600309.SSE (累计 18 只)
2026-05-29 15:04:06.662 | INFO | MainEngine | 订阅行情 -> AKSHARE：SubscribeRequest(symbol='601728', exchange=<Exchange.SSE: 'SSE'>)
2026-05-29 15:04:06,662 [INFO] paper-strat: [MainEngine] 订阅行情 -> AKSHARE：SubscribeRequest(symbol='601728', exchange=<Exchange.SSE: 'SSE'>)
2026-05-29 15:04:06.662 | INFO | AKSHARE | 订阅 601728.SSE (累计 18 只)
2026-05-29 15:04:06,662 [INFO] paper-strat: [AKSHARE] 订阅 601728.SSE (累计 18 只)
2026-05-29 15:04:06.662 | INFO | MainEngine | 订阅行情 -> AKSHARE：SubscribeRequest(symbol='002290', exchange=<Exchange.SZSE: 'SZSE'>)
2026-05-29 15:04:06,662 [INFO] paper-strat: [MainEngine] 订阅行情 -> AKSHARE：SubscribeRequest(symbol='002290', exchange=<Exchange.SZSE: 'SZSE'>)
2026-05-29 15:04:06.662 | INFO | AKSHARE | 订阅 002290.SZSE (累计 18 只)
2026-05-29 15:04:06,662 [INFO] paper-strat: [AKSHARE] 订阅 002290.SZSE (累计 18 只)
2026-05-29 15:04:06.662 | INFO | MainEngine | 订阅行情 -> AKSHARE：SubscribeRequest(symbol='600186', exchange=<Exchange.SSE: 'SSE'>)
2026-05-29 15:04:06,663 [INFO] paper-strat: [MainEngine] 订阅行情 -> AKSHARE：SubscribeRequest(symbol='600186', exchange=<Exchange.SSE: 'SSE'>)
2026-05-29 15:04:06.663 | INFO | AKSHARE | 订阅 600186.SSE (累计 18 只)
2026-05-29 15:04:06,663 [INFO] paper-strat: [AKSHARE] 订阅 600186.SSE (累计 18 只)
2026-05-29 15:04:06.663 | INFO | MainEngine | 订阅行情 -> AKSHARE：SubscribeRequest(symbol='603256', exchange=<Exchange.SSE: 'SSE'>)
2026-05-29 15:04:06,663 [INFO] paper-strat: [MainEngine] 订阅行情 -> AKSHARE：SubscribeRequest(symbol='603256', exchange=<Exchange.SSE: 'SSE'>)
2026-05-29 15:04:06.663 | INFO | AKSHARE | 订阅 603256.SSE (累计 19 只)
2026-05-29 15:04:06,663 [INFO] paper-strat: [AKSHARE] 订阅 603256.SSE (累计 19 只)
2026-05-29 15:04:06.663 | INFO | MainEngine | 订阅行情 -> AKSHARE：SubscribeRequest(symbol='002654', exchange=<Exchange.SZSE: 'SZSE'>)
2026-05-29 15:04:06,663 [INFO] paper-strat: [MainEngine] 订阅行情 -> AKSHARE：SubscribeRequest(symbol='002654', exchange=<Exchange.SZSE: 'SZSE'>)
2026-05-29 15:04:06.663 | INFO | AKSHARE | 订阅 002654.SZSE (累计 19 只)
2026-05-29 15:04:06,663 [INFO] paper-strat: [AKSHARE] 订阅 002654.SZSE (累计 19 只)
2026-05-29 15:04:06.663 | INFO | MainEngine | 订阅行情 -> AKSHARE：SubscribeRequest(symbol='603005', exchange=<Exchange.SSE: 'SSE'>)
2026-05-29 15:04:06,663 [INFO] paper-strat: [MainEngine] 订阅行情 -> AKSHARE：SubscribeRequest(symbol='603005', exchange=<Exchange.SSE: 'SSE'>)
2026-05-29 15:04:06.663 | INFO | AKSHARE | 订阅 603005.SSE (累计 20 只)
2026-05-29 15:04:06,663 [INFO] paper-strat: [AKSHARE] 订阅 603005.SSE (累计 20 只)
2026-05-29 15:04:06.663 | INFO | MainEngine | 订阅行情 -> AKSHARE：SubscribeRequest(symbol='301120', exchange=<Exchange.SZSE: 'SZSE'>)
2026-05-29 15:04:06,663 [INFO] paper-strat: [MainEngine] 订阅行情 -> AKSHARE：SubscribeRequest(symbol='301120', exchange=<Exchange.SZSE: 'SZSE'>)
2026-05-29 15:04:06.663 | INFO | AKSHARE | 订阅 301120.SZSE (累计 21 只)
2026-05-29 15:04:06,663 [INFO] paper-strat: [AKSHARE] 订阅 301120.SZSE (累计 21 只)
2026-05-29 15:04:06.663 | INFO | MainEngine | 订阅行情 -> AKSHARE：SubscribeRequest(symbol='301179', exchange=<Exchange.SZSE: 'SZSE'>)
2026-05-29 15:04:06,663 [INFO] paper-strat: [MainEngine] 订阅行情 -> AKSHARE：SubscribeRequest(symbol='301179', exchange=<Exchange.SZSE: 'SZSE'>)
2026-05-29 15:04:06.663 | INFO | AKSHARE | 订阅 301179.SZSE (累计 21 只)
2026-05-29 15:04:06,663 [INFO] paper-strat: [AKSHARE] 订阅 301179.SZSE (累计 21 只)
2026-05-29 15:04:06.663 | INFO | MainEngine | 订阅行情 -> AKSHARE：SubscribeRequest(symbol='600021', exchange=<Exchange.SSE: 'SSE'>)
2026-05-29 15:04:06,664 [INFO] paper-strat: [MainEngine] 订阅行情 -> AKSHARE：SubscribeRequest(symbol='600021', exchange=<Exchange.SSE: 'SSE'>)
2026-05-29 15:04:06.664 | INFO | AKSHARE | 订阅 600021.SSE (累计 22 只)
2026-05-29 15:04:06,664 [INFO] paper-strat: [AKSHARE] 订阅 600021.SSE (累计 22 只)
2026-05-29 15:04:06.664 | INFO | MainEngine | 订阅行情 -> AKSHARE：SubscribeRequest(symbol='000600', exchange=<Exchange.SZSE: 'SZSE'>)
2026-05-29 15:04:06,664 [INFO] paper-strat: [MainEngine] 订阅行情 -> AKSHARE：SubscribeRequest(symbol='000600', exchange=<Exchange.SZSE: 'SZSE'>)
2026-05-29 15:04:06.664 | INFO | AKSHARE | 订阅 000600.SZSE (累计 23 只)
2026-05-29 15:04:06,664 [INFO] paper-strat: [AKSHARE] 订阅 000600.SZSE (累计 23 只)
2026-05-29 15:04:06.664 | INFO | MainEngine | 订阅行情 -> AKSHARE：SubscribeRequest(symbol='002067', exchange=<Exchange.SZSE: 'SZSE'>)
2026-05-29 15:04:06,664 [INFO] paper-strat: [MainEngine] 订阅行情 -> AKSHARE：SubscribeRequest(symbol='002067', exchange=<Exchange.SZSE: 'SZSE'>)
2026-05-29 15:04:06.664 | INFO | AKSHARE | 订阅 002067.SZSE (累计 23 只)
2026-05-29 15:04:06,664 [INFO] paper-strat: [AKSHARE] 订阅 002067.SZSE (累计 23 只)
2026-05-29 15:04:06.664 | INFO | MainEngine | 订阅行情 -> AKSHARE：SubscribeRequest(symbol='000899', exchange=<Exchange.SZSE: 'SZSE'>)
2026-05-29 15:04:06,664 [INFO] paper-strat: [MainEngine] 订阅行情 -> AKSHARE：SubscribeRequest(symbol='000899', exchange=<Exchange.SZSE: 'SZSE'>)
2026-05-29 15:04:06.664 | INFO | AKSHARE | 订阅 000899.SZSE (累计 24 只)
2026-05-29 15:04:06,664 [INFO] paper-strat: [AKSHARE] 订阅 000899.SZSE (累计 24 只)
2026-05-29 15:04:06.664 | INFO | MainEngine | 订阅行情 -> AKSHARE：SubscribeRequest(symbol='001896', exchange=<Exchange.SZSE: 'SZSE'>)
2026-05-29 15:04:06,664 [INFO] paper-strat: [MainEngine] 订阅行情 -> AKSHARE：SubscribeRequest(symbol='001896', exchange=<Exchange.SZSE: 'SZSE'>)
2026-05-29 15:04:06.664 | INFO | AKSHARE | 订阅 001896.SZSE (累计 24 只)
2026-05-29 15:04:06,664 [INFO] paper-strat: [AKSHARE] 订阅 001896.SZSE (累计 24 只)
2026-05-29 15:04:06.664 | INFO | MainEngine | 订阅行情 -> AKSHARE：SubscribeRequest(symbol='600310', exchange=<Exchange.SSE: 'SSE'>)
2026-05-29 15:04:06,666 [INFO] paper-strat: [MainEngine] 订阅行情 -> AKSHARE：SubscribeRequest(symbol='600310', exchange=<Exchange.SSE: 'SSE'>)
2026-05-29 15:04:06.666 | INFO | AKSHARE | 订阅 600310.SSE (累计 24 只)
2026-05-29 15:04:06,666 [INFO] paper-strat: [AKSHARE] 订阅 600310.SSE (累计 24 只)
2026-05-29 15:04:06.666 | INFO | MainEngine | 订阅行情 -> AKSHARE：SubscribeRequest(symbol='601222', exchange=<Exchange.SSE: 'SSE'>)
2026-05-29 15:04:06,666 [INFO] paper-strat: [MainEngine] 订阅行情 -> AKSHARE：SubscribeRequest(symbol='601222', exchange=<Exchange.SSE: 'SSE'>)
2026-05-29 15:04:06.666 | INFO | AKSHARE | 订阅 601222.SSE (累计 24 只)
2026-05-29 15:04:06,666 [INFO] paper-strat: [AKSHARE] 订阅 601222.SSE (累计 24 只)
2026-05-29 15:04:06.666 | INFO | MainEngine | 订阅行情 -> AKSHARE：SubscribeRequest(symbol='600863', exchange=<Exchange.SSE: 'SSE'>)
2026-05-29 15:04:06,666 [INFO] paper-strat: [MainEngine] 订阅行情 -> AKSHARE：SubscribeRequest(symbol='600863', exchange=<Exchange.SSE: 'SSE'>)
2026-05-29 15:04:06.666 | INFO | AKSHARE | 订阅 600863.SSE (累计 25 只)
2026-05-29 15:04:06,666 [INFO] paper-strat: [AKSHARE] 订阅 600863.SSE (累计 25 只)
2026-05-29 15:04:06.666 | INFO | MainEngine | 订阅行情 -> AKSHARE：SubscribeRequest(symbol='601991', exchange=<Exchange.SSE: 'SSE'>)
2026-05-29 15:04:06,666 [INFO] paper-strat: [MainEngine] 订阅行情 -> AKSHARE：SubscribeRequest(symbol='601991', exchange=<Exchange.SSE: 'SSE'>)
2026-05-29 15:04:06.666 | INFO | AKSHARE | 订阅 601991.SSE (累计 26 只)
2026-05-29 15:04:06,666 [INFO] paper-strat: [AKSHARE] 订阅 601991.SSE (累计 26 只)
2026-05-29 15:04:06.666 | INFO | MainEngine | 订阅行情 -> AKSHARE：SubscribeRequest(symbol='603693', exchange=<Exchange.SSE: 'SSE'>)
2026-05-29 15:04:06,667 [INFO] paper-strat: [MainEngine] 订阅行情 -> AKSHARE：SubscribeRequest(symbol='603693', exchange=<Exchange.SSE: 'SSE'>)
2026-05-29 15:04:06.667 | INFO | AKSHARE | 订阅 603693.SSE (累计 27 只)
2026-05-29 15:04:06,667 [INFO] paper-strat: [AKSHARE] 订阅 603693.SSE (累计 27 只)
2026-05-29 15:04:06.676 | INFO | CtaStrategy | CTA策略引擎初始化成功
2026-05-29 15:04:07,680 [INFO] paper-strat: 已加载策略类: ['AtrRsiStrategy', 'BollChannelStrategy', 'DoubleMaStrategy', 'DualThrustStrategy', 'KingKeltnerStrategy', 'MultiSignalStrategy', 'MultiTimeframeStrategy', 'TestStrategy', 'TurtleSignalStrategy', 'ThresholdAlertStrategy', 'TrendFollowStrategy']
  📡 获取实时行情（新浪）...
2026-05-29 15:04:07.706 | INFO | CtaStrategy | 创建策略失败，存在重名thr_002709
2026-05-29 15:04:07.706 | INFO | CtaStrategy | 创建策略失败，存在重名thr_002149
2026-05-29 15:04:07.708 | INFO | CtaStrategy | 创建策略失败，存在重名thr_603757
2026-05-29 15:04:07.709 | INFO | CtaStrategy | 创建策略失败，存在重名thr_600309
2026-05-29 15:04:07.709 | INFO | CtaStrategy | 创建策略失败，存在重名thr_601728
2026-05-29 15:04:07.709 | INFO | CtaStrategy | 创建策略失败，存在重名thr_002290
2026-05-29 15:04:07.709 | INFO | CtaStrategy | 创建策略失败，存在重名thr_600186
2026-05-29 15:04:07.711 | INFO | CtaStrategy | 创建策略失败，存在重名thr_002654
2026-05-29 15:04:07.714 | INFO | CtaStrategy | 创建策略失败，存在重名thr_301179
2026-05-29 15:04:07.716 | INFO | CtaStrategy | 创建策略失败，存在重名thr_002067
2026-05-29 15:04:07.718 | INFO | CtaStrategy | 创建策略失败，存在重名thr_001896
2026-05-29 15:04:07.719 | INFO | CtaStrategy | 创建策略失败，存在重名thr_600310
2026-05-29 15:04:07.719 | INFO | CtaStrategy | 创建策略失败，存在重名thr_601222
2026-05-29 15:04:07,723 [INFO] paper-strat: ✓ 已加载 39 个 ThresholdAlertStrategy 实例
2026-05-29 15:04:07,723 [INFO] paper-strat: ✓ 已加载 0 个 TrendFollowStrategy 实例
2026-05-29 15:04:07,723 [INFO] paper-strat: 📊 拉取 5 日均量 26 只...
2026-05-29 15:04:07,935 [INFO] paper-strat: 📊 TICK 002149.SZSE 西部材料 60.06 (-9.43%)
2026-05-29 15:04:07,935 [INFO] paper-strat: 📊 TICK 601728.SSE 中国电信 6.05 (+1.34%)
2026-05-29 15:04:07,935 [INFO] paper-strat: 📊 TICK 000600.SZSE 建投能源 12.55 (+3.72%)
2026-05-29 15:04:07,935 [INFO] paper-strat: 📊 TICK 000725.SZSE 京东方Ａ 5.11 (-10.04%)
2026-05-29 15:04:07,935 [INFO] paper-strat: 📊 TICK 002156.SZSE 通富微电 66.00 (-4.76%)
2026-05-29 15:04:07,935 [INFO] paper-strat: 📊 TICK 600130.SSE 波导股份 4.93 (-3.33%)
2026-05-29 15:04:07,935 [INFO] paper-strat: 📊 TICK 600310.SSE 广西能源 5.98 (+3.10%)
2026-05-29 15:04:07,935 [INFO] paper-strat: 📊 TICK 600863.SSE 华能蒙电 7.30 (+9.94%)
2026-05-29 15:04:07,935 [INFO] paper-strat: 📊 TICK 603256.SSE 宏和科技 202.15 (+2.14%)
2026-05-29 15:04:07,935 [INFO] paper-strat: 📊 TICK 002654.SZSE 万润科技 15.31 (-7.66%)
2026-05-29 15:04:07,935 [INFO] paper-strat: 📊 TICK 002067.SZSE 景兴纸业 4.83 (-4.36%)
2026-05-29 15:04:07,935 [INFO] paper-strat: 📊 TICK 600309.SSE 万华化学 73.45 (-0.54%)
2026-05-29 15:04:07,935 [INFO] paper-strat: 📊 TICK 600186.SSE 莲花控股 10.15 (-7.31%)
2026-05-29 15:04:07,935 [INFO] paper-strat: 📊 TICK 603005.SSE 晶方科技 41.04 (-10.00%)
2026-05-29 15:04:07,935 [INFO] paper-strat: 📊 TICK 301120.SZSE 新特电气 25.79 (+0.59%)
2026-05-29 15:04:07,935 [INFO] paper-strat: 📊 TICK 002290.SZSE 禾盛新材 90.67 (-5.66%)
2026-05-29 15:04:07,935 [INFO] paper-strat: 📊 TICK 601222.SSE 林洋能源 6.60 (+1.85%)
2026-05-29 15:04:07,935 [INFO] paper-strat: 📊 TICK 002709.SZSE 天赐材料 52.03 (+0.27%)
2026-05-29 15:04:07,935 [INFO] paper-strat: 📊 TICK 001896.SZSE 豫能控股 16.37 (+4.33%)
2026-05-29 15:04:07,935 [INFO] paper-strat: 📊 TICK 601991.SSE 大唐发电 8.63 (+7.88%)
2026-05-29 15:04:07,935 [INFO] paper-strat: 📊 TICK 600021.SSE 上海电力 22.28 (+5.19%)
2026-05-29 15:04:07,935 [INFO] paper-strat: 📊 TICK 002453.SZSE 华软科技 5.80 (-3.97%)
2026-05-29 15:04:07,935 [INFO] paper-strat: 📊 TICK 000899.SZSE 赣能股份 14.04 (+0.00%)
2026-05-29 15:04:07,935 [INFO] paper-strat: 📊 TICK 605006.SSE 山东玻纤 18.32 (-9.31%)
2026-05-29 15:04:07,935 [INFO] paper-strat: 📊 TICK 603693.SSE 江苏新能 17.77 (-1.39%)
2026-05-29 15:04:07,935 [INFO] paper-strat: 📊 TICK 301179.SZSE 泽宇智能 23.46 (+0.34%)
2026-05-29 15:04:07,935 [INFO] paper-strat: 📊 TICK 603757.SSE 大元泵业 54.78 (-6.04%)
2026-05-29 15:04:36,321 [INFO] paper-strat:    获得 26 只均量
2026-05-29 15:04:36,321 [INFO] paper-strat:    样本: [('002709', 113489305.2), ('601728', 211049006.8), ('600309', 26606820.6)]
  📡 获取实时行情（新浪）...
  📡 获取实时行情（新浪）...
  📡 获取实时行情（新浪）...
  📡 获取实时行情（新浪）...
  📡 获取实时行情（新浪）...
2026-05-29 15:04:36.321 | INFO | CtaStrategy | thr_002709开始执行初始化
2026-05-29 15:04:36.323 | INFO | CtaStrategy | [thr_002709]  策略初始化: 002709.SZSE
2026-05-29 15:04:36.323 | INFO | CtaStrategy | [thr_002709]    规则: buy_zone=0.0 buy_strong=0.0 trend_break=48.02 take_profit=60.03 auto=True
2026-05-29 15:04:36.323 | INFO | MainEngine | 订阅行情 -> AKSHARE：SubscribeRequest(symbol='002709', exchange=<Exchange.SZSE: 'SZSE'>)
2026-05-29 15:04:36,323 [INFO] paper-strat: [MainEngine] 订阅行情 -> AKSHARE：SubscribeRequest(symbol='002709', exchange=<Exchange.SZSE: 'SZSE'>)
2026-05-29 15:04:36.323 | INFO | AKSHARE | 订阅 002709.SZSE (累计 27 只)
2026-05-29 15:04:36,323 [INFO] paper-strat: [AKSHARE] 订阅 002709.SZSE (累计 27 只)
2026-05-29 15:04:36.323 | INFO | CtaStrategy | thr_002709初始化完成
2026-05-29 15:04:36.323 | INFO | CtaStrategy | thr_601728开始执行初始化
2026-05-29 15:04:36.323 | INFO | CtaStrategy | [thr_601728]  策略初始化: 601728.SSE
2026-05-29 15:04:36.323 | INFO | CtaStrategy | [thr_601728]    规则: buy_zone=0.0 buy_strong=0.0 trend_break=5.6 take_profit=7.0 auto=True
2026-05-29 15:04:36.323 | INFO | MainEngine | 订阅行情 -> AKSHARE：SubscribeRequest(symbol='601728', exchange=<Exchange.SSE: 'SSE'>)
2026-05-29 15:04:36,323 [INFO] paper-strat: [MainEngine] 订阅行情 -> AKSHARE：SubscribeRequest(symbol='601728', exchange=<Exchange.SSE: 'SSE'>)
2026-05-29 15:04:36.323 | INFO | AKSHARE | 订阅 601728.SSE (累计 27 只)
2026-05-29 15:04:36,323 [INFO] paper-strat: [AKSHARE] 订阅 601728.SSE (累计 27 只)
2026-05-29 15:04:36.324 | INFO | CtaStrategy | thr_601728初始化完成
2026-05-29 15:04:36.324 | INFO | CtaStrategy | thr_600309开始执行初始化
2026-05-29 15:04:36.324 | INFO | CtaStrategy | [thr_600309]  策略初始化: 600309.SSE
2026-05-29 15:04:36.324 | INFO | CtaStrategy | [thr_600309]    规则: buy_zone=0.0 buy_strong=0.0 trend_break=70.36 take_profit=87.96 auto=True
2026-05-29 15:04:36.324 | INFO | MainEngine | 订阅行情 -> AKSHARE：SubscribeRequest(symbol='600309', exchange=<Exchange.SSE: 'SSE'>)
2026-05-29 15:04:36,324 [INFO] paper-strat: [MainEngine] 订阅行情 -> AKSHARE：SubscribeRequest(symbol='600309', exchange=<Exchange.SSE: 'SSE'>)
2026-05-29 15:04:36.324 | INFO | AKSHARE | 订阅 600309.SSE (累计 27 只)
2026-05-29 15:04:36,324 [INFO] paper-strat: [AKSHARE] 订阅 600309.SSE (累计 27 只)
2026-05-29 15:04:36.324 | INFO | CtaStrategy | thr_600309初始化完成
2026-05-29 15:04:36.324 | INFO | CtaStrategy | thr_002654开始执行初始化
2026-05-29 15:04:36.324 | INFO | CtaStrategy | [thr_002654]  策略初始化: 002654.SZSE
2026-05-29 15:04:36.324 | INFO | CtaStrategy | [thr_002654]    规则: buy_zone=0.0 buy_strong=0.0 trend_break=14.96 take_profit=18.71 auto=True
2026-05-29 15:04:36.324 | INFO | MainEngine | 订阅行情 -> AKSHARE：SubscribeRequest(symbol='002654', exchange=<Exchange.SZSE: 'SZSE'>)
2026-05-29 15:04:36,324 [INFO] paper-strat: [MainEngine] 订阅行情 -> AKSHARE：SubscribeRequest(symbol='002654', exchange=<Exchange.SZSE: 'SZSE'>)
2026-05-29 15:04:36.324 | INFO | AKSHARE | 订阅 002654.SZSE (累计 27 只)
2026-05-29 15:04:36,324 [INFO] paper-strat: [AKSHARE] 订阅 002654.SZSE (累计 27 只)
2026-05-29 15:04:36.324 | INFO | CtaStrategy | thr_002654初始化完成
2026-05-29 15:04:36.324 | INFO | CtaStrategy | thr_002067开始执行初始化
2026-05-29 15:04:36.324 | INFO | CtaStrategy | [thr_002067]  策略初始化: 002067.SZSE
2026-05-29 15:04:36.324 | INFO | CtaStrategy | [thr_002067]    规则: buy_zone=0.0 buy_strong=0.0 trend_break=4.58 take_profit=5.73 auto=True
2026-05-29 15:04:36.324 | INFO | MainEngine | 订阅行情 -> AKSHARE：SubscribeRequest(symbol='002067', exchange=<Exchange.SZSE: 'SZSE'>)
2026-05-29 15:04:36,324 [INFO] paper-strat: [MainEngine] 订阅行情 -> AKSHARE：SubscribeRequest(symbol='002067', exchange=<Exchange.SZSE: 'SZSE'>)
2026-05-29 15:04:36.324 | INFO | AKSHARE | 订阅 002067.SZSE (累计 27 只)
2026-05-29 15:04:36,324 [INFO] paper-strat: [AKSHARE] 订阅 002067.SZSE (累计 27 只)
2026-05-29 15:04:36.324 | INFO | CtaStrategy | thr_002067初始化完成
2026-05-29 15:04:36.324 | INFO | CtaStrategy | thr_601222开始执行初始化
2026-05-29 15:04:36.325 | INFO | CtaStrategy | [thr_601222]  策略初始化: 601222.SSE
2026-05-29 15:04:36.325 | INFO | CtaStrategy | [thr_601222]    规则: buy_zone=0.0 buy_strong=0.0 trend_break=5.88 take_profit=7.35 auto=True
2026-05-29 15:04:36.325 | INFO | MainEngine | 订阅行情 -> AKSHARE：SubscribeRequest(symbol='601222', exchange=<Exchange.SSE: 'SSE'>)
2026-05-29 15:04:36,325 [INFO] paper-strat: [MainEngine] 订阅行情 -> AKSHARE：SubscribeRequest(symbol='601222', exchange=<Exchange.SSE: 'SSE'>)
2026-05-29 15:04:36.325 | INFO | AKSHARE | 订阅 601222.SSE (累计 27 只)
2026-05-29 15:04:36,325 [INFO] paper-strat: [AKSHARE] 订阅 601222.SSE (累计 27 只)
2026-05-29 15:04:36.325 | INFO | CtaStrategy | thr_601222初始化完成
2026-05-29 15:04:36.325 | INFO | CtaStrategy | thr_600186开始执行初始化
2026-05-29 15:04:36.325 | INFO | CtaStrategy | [thr_600186]  策略初始化: 600186.SSE
2026-05-29 15:04:36.325 | INFO | CtaStrategy | [thr_600186]    规则: buy_zone=0.0 buy_strong=0.0 trend_break=9.82 take_profit=12.28 auto=True
2026-05-29 15:04:36.325 | INFO | MainEngine | 订阅行情 -> AKSHARE：SubscribeRequest(symbol='600186', exchange=<Exchange.SSE: 'SSE'>)
2026-05-29 15:04:36,325 [INFO] paper-strat: [MainEngine] 订阅行情 -> AKSHARE：SubscribeRequest(symbol='600186', exchange=<Exchange.SSE: 'SSE'>)
2026-05-29 15:04:36.325 | INFO | AKSHARE | 订阅 600186.SSE (累计 27 只)
2026-05-29 15:04:36,325 [INFO] paper-strat: [AKSHARE] 订阅 600186.SSE (累计 27 只)
2026-05-29 15:04:36.325 | INFO | CtaStrategy | thr_600186初始化完成
2026-05-29 15:04:36.325 | INFO | CtaStrategy | thr_001896开始执行初始化
2026-05-29 15:04:36.325 | INFO | CtaStrategy | [thr_001896]  策略初始化: 001896.SZSE
2026-05-29 15:04:36.325 | INFO | CtaStrategy | [thr_001896]    规则: buy_zone=0.0 buy_strong=0.0 trend_break=14.72 take_profit=18.4 auto=True
2026-05-29 15:04:36.325 | INFO | MainEngine | 订阅行情 -> AKSHARE：SubscribeRequest(symbol='001896', exchange=<Exchange.SZSE: 'SZSE'>)
2026-05-29 15:04:36,325 [INFO] paper-strat: [MainEngine] 订阅行情 -> AKSHARE：SubscribeRequest(symbol='001896', exchange=<Exchange.SZSE: 'SZSE'>)
2026-05-29 15:04:36.325 | INFO | AKSHARE | 订阅 001896.SZSE (累计 27 只)
2026-05-29 15:04:36,325 [INFO] paper-strat: [AKSHARE] 订阅 001896.SZSE (累计 27 只)
2026-05-29 15:04:36.325 | INFO | CtaStrategy | thr_001896初始化完成
2026-05-29 15:04:36.325 | INFO | CtaStrategy | thr_002290开始执行初始化
2026-05-29 15:04:36.325 | INFO | CtaStrategy | [thr_002290]  策略初始化: 002290.SZSE
2026-05-29 15:04:36.325 | INFO | CtaStrategy | [thr_002290]    规则: buy_zone=0.0 buy_strong=0.0 trend_break=87.03 take_profit=108.79 auto=True
2026-05-29 15:04:36.325 | INFO | MainEngine | 订阅行情 -> AKSHARE：SubscribeRequest(symbol='002290', exchange=<Exchange.SZSE: 'SZSE'>)
2026-05-29 15:04:36,325 [INFO] paper-strat: [MainEngine] 订阅行情 -> AKSHARE：SubscribeRequest(symbol='002290', exchange=<Exchange.SZSE: 'SZSE'>)
2026-05-29 15:04:36.325 | INFO | AKSHARE | 订阅 002290.SZSE (累计 27 只)
2026-05-29 15:04:36,325 [INFO] paper-strat: [AKSHARE] 订阅 002290.SZSE (累计 27 只)
2026-05-29 15:04:36.325 | INFO | CtaStrategy | thr_002290初始化完成
2026-05-29 15:04:36.325 | INFO | CtaStrategy | thr_301179开始执行初始化
2026-05-29 15:04:36.325 | INFO | CtaStrategy | [thr_301179]  策略初始化: 301179.SZSE
2026-05-29 15:04:36.325 | INFO | CtaStrategy | [thr_301179]    规则: buy_zone=0.0 buy_strong=0.0 trend_break=20.87 take_profit=26.09 auto=True
2026-05-29 15:04:36.325 | INFO | MainEngine | 订阅行情 -> AKSHARE：SubscribeRequest(symbol='301179', exchange=<Exchange.SZSE: 'SZSE'>)
2026-05-29 15:04:36,325 [INFO] paper-strat: [MainEngine] 订阅行情 -> AKSHARE：SubscribeRequest(symbol='301179', exchange=<Exchange.SZSE: 'SZSE'>)
2026-05-29 15:04:36.325 | INFO | AKSHARE | 订阅 301179.SZSE (累计 27 只)
2026-05-29 15:04:36,325 [INFO] paper-strat: [AKSHARE] 订阅 301179.SZSE (累计 27 只)
2026-05-29 15:04:36.325 | INFO | CtaStrategy | thr_301179初始化完成
2026-05-29 15:04:36.325 | INFO | CtaStrategy | thr_002149开始执行初始化
2026-05-29 15:04:36.325 | INFO | CtaStrategy | [thr_002149]  策略初始化: 002149.SZSE
2026-05-29 15:04:36.325 | INFO | CtaStrategy | [thr_002149]    规则: buy_zone=0.0 buy_strong=0.0 trend_break=62.64 take_profit=78.3 auto=True
2026-05-29 15:04:36.325 | INFO | MainEngine | 订阅行情 -> AKSHARE：SubscribeRequest(symbol='002149', exchange=<Exchange.SZSE: 'SZSE'>)
2026-05-29 15:04:36,327 [INFO] paper-strat: [MainEngine] 订阅行情 -> AKSHARE：SubscribeRequest(symbol='002149', exchange=<Exchange.SZSE: 'SZSE'>)
2026-05-29 15:04:36.327 | INFO | AKSHARE | 订阅 002149.SZSE (累计 27 只)
2026-05-29 15:04:36,327 [INFO] paper-strat: [AKSHARE] 订阅 002149.SZSE (累计 27 只)
2026-05-29 15:04:36.327 | INFO | CtaStrategy | thr_002149初始化完成
2026-05-29 15:04:36.327 | INFO | CtaStrategy | thr_603757开始执行初始化
2026-05-29 15:04:36.327 | INFO | CtaStrategy | [thr_603757]  策略初始化: 603757.SSE
2026-05-29 15:04:36.327 | INFO | CtaStrategy | [thr_603757]    规则: buy_zone=0.0 buy_strong=0.0 trend_break=53.82 take_profit=67.27 auto=True
2026-05-29 15:04:36.327 | INFO | MainEngine | 订阅行情 -> AKSHARE：SubscribeRequest(symbol='603757', exchange=<Exchange.SSE: 'SSE'>)
2026-05-29 15:04:36,327 [INFO] paper-strat: [MainEngine] 订阅行情 -> AKSHARE：SubscribeRequest(symbol='603757', exchange=<Exchange.SSE: 'SSE'>)
2026-05-29 15:04:36.327 | INFO | AKSHARE | 订阅 603757.SSE (累计 27 只)
2026-05-29 15:04:36,327 [INFO] paper-strat: [AKSHARE] 订阅 603757.SSE (累计 27 只)
2026-05-29 15:04:36.327 | INFO | CtaStrategy | thr_603757初始化完成
2026-05-29 15:04:36.327 | INFO | CtaStrategy | thr_600310开始执行初始化
2026-05-29 15:04:36.327 | INFO | CtaStrategy | [thr_600310]  策略初始化: 600310.SSE
2026-05-29 15:04:36.327 | INFO | CtaStrategy | [thr_600310]    规则: buy_zone=0.0 buy_strong=0.0 trend_break=4.6 take_profit=5.76 auto=True
2026-05-29 15:04:36.327 | INFO | MainEngine | 订阅行情 -> AKSHARE：SubscribeRequest(symbol='600310', exchange=<Exchange.SSE: 'SSE'>)
2026-05-29 15:04:36,327 [INFO] paper-strat: [MainEngine] 订阅行情 -> AKSHARE：SubscribeRequest(symbol='600310', exchange=<Exchange.SSE: 'SSE'>)
2026-05-29 15:04:36.327 | INFO | AKSHARE | 订阅 600310.SSE (累计 27 只)
2026-05-29 15:04:36,327 [INFO] paper-strat: [AKSHARE] 订阅 600310.SSE (累计 27 只)
2026-05-29 15:04:36.327 | INFO | CtaStrategy | thr_600310初始化完成
2026-05-29 15:04:36.327 | INFO | CtaStrategy | thr_600130开始执行初始化
2026-05-29 15:04:36.327 | INFO | CtaStrategy | [thr_600130]  策略初始化: 600130.SSE
2026-05-29 15:04:36.327 | INFO | CtaStrategy | [thr_600130]    规则: buy_zone=0.0 buy_strong=0.0 trend_break=4.82 take_profit=6.03 auto=True
2026-05-29 15:04:36.327 | INFO | MainEngine | 订阅行情 -> AKSHARE：SubscribeRequest(symbol='600130', exchange=<Exchange.SSE: 'SSE'>)
2026-05-29 15:04:36,327 [INFO] paper-strat: [MainEngine] 订阅行情 -> AKSHARE：SubscribeRequest(symbol='600130', exchange=<Exchange.SSE: 'SSE'>)
2026-05-29 15:04:36.327 | INFO | AKSHARE | 订阅 600130.SSE (累计 27 只)
2026-05-29 15:04:36,327 [INFO] paper-strat: [AKSHARE] 订阅 600130.SSE (累计 27 只)
2026-05-29 15:04:36.327 | INFO | CtaStrategy | thr_600130初始化完成
2026-05-29 15:04:36.327 | INFO | CtaStrategy | thr_002156开始执行初始化
2026-05-29 15:04:36.327 | INFO | CtaStrategy | [thr_002156]  策略初始化: 002156.SZSE
2026-05-29 15:04:36.327 | INFO | CtaStrategy | [thr_002156]    规则: buy_zone=60.04 buy_strong=56.04 trend_break=0.0 take_profit=0.0 auto=True
2026-05-29 15:04:36.327 | INFO | MainEngine | 订阅行情 -> AKSHARE：SubscribeRequest(symbol='002156', exchange=<Exchange.SZSE: 'SZSE'>)
2026-05-29 15:04:36,327 [INFO] paper-strat: [MainEngine] 订阅行情 -> AKSHARE：SubscribeRequest(symbol='002156', exchange=<Exchange.SZSE: 'SZSE'>)
2026-05-29 15:04:36.327 | INFO | AKSHARE | 订阅 002156.SZSE (累计 27 只)
2026-05-29 15:04:36,327 [INFO] paper-strat: [AKSHARE] 订阅 002156.SZSE (累计 27 只)
2026-05-29 15:04:36.327 | INFO | CtaStrategy | thr_002156初始化完成
2026-05-29 15:04:36.327 | INFO | CtaStrategy | thr_605006开始执行初始化
2026-05-29 15:04:36.327 | INFO | CtaStrategy | [thr_605006]  策略初始化: 605006.SSE
2026-05-29 15:04:36.327 | INFO | CtaStrategy | [thr_605006]    规则: buy_zone=15.33 buy_strong=13.61 trend_break=11.49 take_profit=0.0 auto=True
2026-05-29 15:04:36.327 | INFO | MainEngine | 订阅行情 -> AKSHARE：SubscribeRequest(symbol='605006', exchange=<Exchange.SSE: 'SSE'>)
2026-05-29 15:04:36,327 [INFO] paper-strat: [MainEngine] 订阅行情 -> AKSHARE：SubscribeRequest(symbol='605006', exchange=<Exchange.SSE: 'SSE'>)
2026-05-29 15:04:36.327 | INFO | AKSHARE | 订阅 605006.SSE (累计 27 只)
2026-05-29 15:04:36,327 [INFO] paper-strat: [AKSHARE] 订阅 605006.SSE (累计 27 只)
2026-05-29 15:04:36.327 | INFO | CtaStrategy | thr_605006初始化完成
2026-05-29 15:04:36.328 | INFO | CtaStrategy | thr_000725开始执行初始化
2026-05-29 15:04:36.328 | INFO | CtaStrategy | [thr_000725]  策略初始化: 000725.SZSE
2026-05-29 15:04:36.328 | INFO | CtaStrategy | [thr_000725]    规则: buy_zone=4.36 buy_strong=4.27 trend_break=0.0 take_profit=0.0 auto=True
2026-05-29 15:04:36.328 | INFO | MainEngine | 订阅行情 -> AKSHARE：SubscribeRequest(symbol='000725', exchange=<Exchange.SZSE: 'SZSE'>)
2026-05-29 15:04:36,328 [INFO] paper-strat: [MainEngine] 订阅行情 -> AKSHARE：SubscribeRequest(symbol='000725', exchange=<Exchange.SZSE: 'SZSE'>)
2026-05-29 15:04:36.328 | INFO | AKSHARE | 订阅 000725.SZSE (累计 27 只)
2026-05-29 15:04:36,328 [INFO] paper-strat: [AKSHARE] 订阅 000725.SZSE (累计 27 只)
2026-05-29 15:04:36.328 | INFO | CtaStrategy | thr_000725初始化完成
2026-05-29 15:04:36.328 | INFO | CtaStrategy | thr_603256开始执行初始化
2026-05-29 15:04:36.328 | INFO | CtaStrategy | [thr_603256]  策略初始化: 603256.SSE
2026-05-29 15:04:36.328 | INFO | CtaStrategy | [thr_603256]    规则: buy_zone=143.84 buy_strong=131.92 trend_break=115.31 take_profit=0.0 auto=True
2026-05-29 15:04:36.328 | INFO | MainEngine | 订阅行情 -> AKSHARE：SubscribeRequest(symbol='603256', exchange=<Exchange.SSE: 'SSE'>)
2026-05-29 15:04:36,328 [INFO] paper-strat: [MainEngine] 订阅行情 -> AKSHARE：SubscribeRequest(symbol='603256', exchange=<Exchange.SSE: 'SSE'>)
2026-05-29 15:04:36.328 | INFO | AKSHARE | 订阅 603256.SSE (累计 27 只)
2026-05-29 15:04:36,328 [INFO] paper-strat: [AKSHARE] 订阅 603256.SSE (累计 27 只)
2026-05-29 15:04:36.328 | INFO | CtaStrategy | thr_603256初始化完成
2026-05-29 15:04:36.328 | INFO | CtaStrategy | thr_603005开始执行初始化
2026-05-29 15:04:36.328 | INFO | CtaStrategy | [thr_603005]  策略初始化: 603005.SSE
2026-05-29 15:04:36.328 | INFO | CtaStrategy | [thr_603005]    规则: buy_zone=35.28 buy_strong=33.43 trend_break=0.0 take_profit=0.0 auto=True
2026-05-29 15:04:36.328 | INFO | MainEngine | 订阅行情 -> AKSHARE：SubscribeRequest(symbol='603005', exchange=<Exchange.SSE: 'SSE'>)
2026-05-29 15:04:36,328 [INFO] paper-strat: [MainEngine] 订阅行情 -> AKSHARE：SubscribeRequest(symbol='603005', exchange=<Exchange.SSE: 'SSE'>)
2026-05-29 15:04:36.328 | INFO | AKSHARE | 订阅 603005.SSE (累计 27 只)
2026-05-29 15:04:36,328 [INFO] paper-strat: [AKSHARE] 订阅 603005.SSE (累计 27 只)
2026-05-29 15:04:36.328 | INFO | CtaStrategy | thr_603005初始化完成
2026-05-29 15:04:36.328 | INFO | CtaStrategy | thr_301120开始执行初始化
2026-05-29 15:04:36.329 | INFO | CtaStrategy | [thr_301120]  策略初始化: 301120.SZSE
2026-05-29 15:04:36.329 | INFO | CtaStrategy | [thr_301120]    规则: buy_zone=0.0 buy_strong=0.0 trend_break=18.93 take_profit=0.0 auto=True
2026-05-29 15:04:36.329 | INFO | MainEngine | 订阅行情 -> AKSHARE：SubscribeRequest(symbol='301120', exchange=<Exchange.SZSE: 'SZSE'>)
2026-05-29 15:04:36,329 [INFO] paper-strat: [MainEngine] 订阅行情 -> AKSHARE：SubscribeRequest(symbol='301120', exchange=<Exchange.SZSE: 'SZSE'>)
2026-05-29 15:04:36.329 | INFO | AKSHARE | 订阅 301120.SZSE (累计 27 只)
2026-05-29 15:04:36,329 [INFO] paper-strat: [AKSHARE] 订阅 301120.SZSE (累计 27 只)
2026-05-29 15:04:36.329 | INFO | CtaStrategy | thr_301120初始化完成
2026-05-29 15:04:36.329 | INFO | CtaStrategy | thr_600021开始执行初始化
2026-05-29 15:04:36.329 | INFO | CtaStrategy | [thr_600021]  策略初始化: 600021.SSE
2026-05-29 15:04:36.329 | INFO | CtaStrategy | [thr_600021]    规则: buy_zone=18.11 buy_strong=17.84 trend_break=16.62 take_profit=0.0 auto=True
2026-05-29 15:04:36.329 | INFO | MainEngine | 订阅行情 -> AKSHARE：SubscribeRequest(symbol='600021', exchange=<Exchange.SSE: 'SSE'>)
2026-05-29 15:04:36,329 [INFO] paper-strat: [MainEngine] 订阅行情 -> AKSHARE：SubscribeRequest(symbol='600021', exchange=<Exchange.SSE: 'SSE'>)
2026-05-29 15:04:36.329 | INFO | AKSHARE | 订阅 600021.SSE (累计 27 只)
2026-05-29 15:04:36,329 [INFO] paper-strat: [AKSHARE] 订阅 600021.SSE (累计 27 只)
2026-05-29 15:04:36.329 | INFO | CtaStrategy | thr_600021初始化完成
2026-05-29 15:04:36.329 | INFO | CtaStrategy | thr_000600开始执行初始化
2026-05-29 15:04:36.329 | INFO | CtaStrategy | [thr_000600]  策略初始化: 000600.SZSE
2026-05-29 15:04:36.329 | INFO | CtaStrategy | [thr_000600]    规则: buy_zone=10.17 buy_strong=9.9 trend_break=9.26 take_profit=0.0 auto=True
2026-05-29 15:04:36.329 | INFO | MainEngine | 订阅行情 -> AKSHARE：SubscribeRequest(symbol='000600', exchange=<Exchange.SZSE: 'SZSE'>)
2026-05-29 15:04:36,329 [INFO] paper-strat: [MainEngine] 订阅行情 -> AKSHARE：SubscribeRequest(symbol='000600', exchange=<Exchange.SZSE: 'SZSE'>)
2026-05-29 15:04:36.329 | INFO | AKSHARE | 订阅 000600.SZSE (累计 27 只)
2026-05-29 15:04:36,329 [INFO] paper-strat: [AKSHARE] 订阅 000600.SZSE (累计 27 只)
2026-05-29 15:04:36.329 | INFO | CtaStrategy | thr_000600初始化完成
2026-05-29 15:04:36.329 | INFO | CtaStrategy | thr_000899开始执行初始化
2026-05-29 15:04:36.329 | INFO | CtaStrategy | [thr_000899]  策略初始化: 000899.SZSE
2026-05-29 15:04:36.329 | INFO | CtaStrategy | [thr_000899]    规则: buy_zone=0.0 buy_strong=0.0 trend_break=12.52 take_profit=0.0 auto=True
2026-05-29 15:04:36.329 | INFO | MainEngine | 订阅行情 -> AKSHARE：SubscribeRequest(symbol='000899', exchange=<Exchange.SZSE: 'SZSE'>)
2026-05-29 15:04:36,329 [INFO] paper-strat: [MainEngine] 订阅行情 -> AKSHARE：SubscribeRequest(symbol='000899', exchange=<Exchange.SZSE: 'SZSE'>)
2026-05-29 15:04:36.329 | INFO | AKSHARE | 订阅 000899.SZSE (累计 27 只)
2026-05-29 15:04:36,330 [INFO] paper-strat: [AKSHARE] 订阅 000899.SZSE (累计 27 只)
2026-05-29 15:04:36.330 | INFO | CtaStrategy | thr_000899初始化完成
2026-05-29 15:04:36.330 | INFO | CtaStrategy | thr_600863开始执行初始化
2026-05-29 15:04:36.330 | INFO | CtaStrategy | [thr_600863]  策略初始化: 600863.SSE
2026-05-29 15:04:36.330 | INFO | CtaStrategy | [thr_600863]    规则: buy_zone=5.34 buy_strong=5.04 trend_break=4.37 take_profit=0.0 auto=True
2026-05-29 15:04:36.330 | INFO | MainEngine | 订阅行情 -> AKSHARE：SubscribeRequest(symbol='600863', exchange=<Exchange.SSE: 'SSE'>)
2026-05-29 15:04:36,330 [INFO] paper-strat: [MainEngine] 订阅行情 -> AKSHARE：SubscribeRequest(symbol='600863', exchange=<Exchange.SSE: 'SSE'>)
2026-05-29 15:04:36.330 | INFO | AKSHARE | 订阅 600863.SSE (累计 27 只)
2026-05-29 15:04:36,330 [INFO] paper-strat: [AKSHARE] 订阅 600863.SSE (累计 27 只)
2026-05-29 15:04:36.330 | INFO | CtaStrategy | thr_600863初始化完成
2026-05-29 15:04:36.330 | INFO | CtaStrategy | thr_601991开始执行初始化
2026-05-29 15:04:36.330 | INFO | CtaStrategy | [thr_601991]  策略初始化: 601991.SSE
2026-05-29 15:04:36.330 | INFO | CtaStrategy | [thr_601991]    规则: buy_zone=7.48 buy_strong=6.17 trend_break=3.87 take_profit=0.0 auto=True
2026-05-29 15:04:36.330 | INFO | MainEngine | 订阅行情 -> AKSHARE：SubscribeRequest(symbol='601991', exchange=<Exchange.SSE: 'SSE'>)
2026-05-29 15:04:36,330 [INFO] paper-strat: [MainEngine] 订阅行情 -> AKSHARE：SubscribeRequest(symbol='601991', exchange=<Exchange.SSE: 'SSE'>)
2026-05-29 15:04:36.330 | INFO | AKSHARE | 订阅 601991.SSE (累计 27 只)
2026-05-29 15:04:36,330 [INFO] paper-strat: [AKSHARE] 订阅 601991.SSE (累计 27 只)
2026-05-29 15:04:36.330 | INFO | CtaStrategy | thr_601991初始化完成
2026-05-29 15:04:36.330 | INFO | CtaStrategy | thr_603693开始执行初始化
2026-05-29 15:04:36.330 | INFO | CtaStrategy | [thr_603693]  策略初始化: 603693.SSE
2026-05-29 15:04:36.330 | INFO | CtaStrategy | [thr_603693]    规则: buy_zone=16.78 buy_strong=16.11 trend_break=14.51 take_profit=0.0 auto=True
2026-05-29 15:04:36.330 | INFO | MainEngine | 订阅行情 -> AKSHARE：SubscribeRequest(symbol='603693', exchange=<Exchange.SSE: 'SSE'>)
2026-05-29 15:04:36,330 [INFO] paper-strat: [MainEngine] 订阅行情 -> AKSHARE：SubscribeRequest(symbol='603693', exchange=<Exchange.SSE: 'SSE'>)
2026-05-29 15:04:36.330 | INFO | AKSHARE | 订阅 603693.SSE (累计 27 只)
2026-05-29 15:04:36,330 [INFO] paper-strat: [AKSHARE] 订阅 603693.SSE (累计 27 只)
2026-05-29 15:04:36.330 | INFO | CtaStrategy | thr_603693初始化完成
2026-05-29 15:04:38,323 [INFO] paper-strat: 🚀 全部 39 个策略已启动
2026-05-29 15:04:38.323 | INFO | CtaStrategy | [thr_002709]  策略启动: 002709.SZSE
2026-05-29 15:04:38,323 [INFO] paper-strat: limited mode: 20400s 后退出
2026-05-29 15:04:38.323 | INFO | CtaStrategy | [thr_601728]  策略启动: 601728.SSE
2026-05-29 15:04:38.323 | INFO | CtaStrategy | [thr_600309]  策略启动: 600309.SSE
2026-05-29 15:04:38.323 | INFO | CtaStrategy | [thr_002654]  策略启动: 002654.SZSE
2026-05-29 15:04:38.323 | INFO | CtaStrategy | [thr_002067]  策略启动: 002067.SZSE
2026-05-29 15:04:38.323 | INFO | CtaStrategy | [thr_601222]  策略启动: 601222.SSE
2026-05-29 15:04:38.323 | INFO | CtaStrategy | [thr_600186]  策略启动: 600186.SSE
2026-05-29 15:04:38.323 | INFO | CtaStrategy | [thr_001896]  策略启动: 001896.SZSE
2026-05-29 15:04:38.323 | INFO | CtaStrategy | [thr_002290]  策略启动: 002290.SZSE
2026-05-29 15:04:38.323 | INFO | CtaStrategy | [thr_301179]  策略启动: 301179.SZSE
2026-05-29 15:04:38.323 | INFO | CtaStrategy | [thr_002149]  策略启动: 002149.SZSE
2026-05-29 15:04:38.323 | INFO | CtaStrategy | [thr_603757]  策略启动: 603757.SSE
2026-05-29 15:04:38.323 | INFO | CtaStrategy | [thr_600310]  策略启动: 600310.SSE
2026-05-29 15:04:38.323 | INFO | CtaStrategy | [thr_600130]  策略启动: 600130.SSE
2026-05-29 15:04:38.323 | INFO | CtaStrategy | [thr_002156]  策略启动: 002156.SZSE
2026-05-29 15:04:38.323 | INFO | CtaStrategy | [thr_605006]  策略启动: 605006.SSE
2026-05-29 15:04:38.323 | INFO | CtaStrategy | [thr_000725]  策略启动: 000725.SZSE
2026-05-29 15:04:38.323 | INFO | CtaStrategy | [thr_603256]  策略启动: 603256.SSE
2026-05-29 15:04:38.323 | INFO | CtaStrategy | [thr_603005]  策略启动: 603005.SSE
2026-05-29 15:04:38.323 | INFO | CtaStrategy | [thr_301120]  策略启动: 301120.SZSE
2026-05-29 15:04:38.323 | INFO | CtaStrategy | [thr_600021]  策略启动: 600021.SSE
2026-05-29 15:04:38.323 | INFO | CtaStrategy | [thr_000600]  策略启动: 000600.SZSE
2026-05-29 15:04:38.325 | INFO | CtaStrategy | [thr_000899]  策略启动: 000899.SZSE
2026-05-29 15:04:38.325 | INFO | CtaStrategy | [thr_600863]  策略启动: 600863.SSE
2026-05-29 15:04:38.325 | INFO | CtaStrategy | [thr_601991]  策略启动: 601991.SSE
2026-05-29 15:04:38.325 | INFO | CtaStrategy | [thr_603693]  策略启动: 603693.SSE
  📡 获取实时行情（新浪）...
  📡 获取实时行情（新浪）...
  📡 获取实时行情（新浪）...
2026-05-29 15:04:50.779 | INFO | CtaStrategy | [thr_002149]  ⏱️ [trend_break] 002149.SZSE 60.06: ✅ 收盘确认 60.06 ≤ 62.64（armed，明日开盘再确认）
2026-05-29 15:04:50.780 | INFO | CtaStrategy | [thr_002149]  ⏱️ [take_profit] 002149.SZSE 60.06: 未触发
2026-05-29 15:04:51.013 | INFO | CtaStrategy | [thr_601728]  ⏱️ [trend_break] 601728.SSE 6.05: 未触发
2026-05-29 15:04:51.013 | INFO | CtaStrategy | [thr_601728]  ⏱️ [take_profit] 601728.SSE 6.05: 未触发
2026-05-29 15:04:51.013 | INFO | CtaStrategy | [thr_000600]  ⏱️ [trend_break] 000600.SZSE 12.55: 未触发
2026-05-29 15:04:51.013 | INFO | CtaStrategy | [thr_600130]  ⏱️ [trend_break] 600130.SSE 4.93: 未触发
2026-05-29 15:04:51.013 | INFO | CtaStrategy | [thr_600130]  ⏱️ [take_profit] 600130.SSE 4.93: 未触发
2026-05-29 15:04:51.013 | INFO | CtaStrategy | [thr_600310]  ⏱️ [trend_break] 600310.SSE 5.98: 未触发
2026-05-29 15:04:51.013 | INFO | CtaStrategy | [thr_600310]  ⏱️ [take_profit] 600310.SSE 5.98: 今日已执行过卖单
2026-05-29 15:04:51.013 | INFO | CtaStrategy | [thr_600863]  ⏱️ [trend_break] 600863.SSE 7.30: 未触发
2026-05-29 15:04:51.013 | INFO | CtaStrategy | [thr_603256]  ⏱️ [trend_break] 603256.SSE 202.15: 未触发
2026-05-29 15:04:51.013 | INFO | CtaStrategy | [thr_002654]  ♻️ [trend_break] 002654.SZSE 15.31: 假摔回升 15.31，作废
2026-05-29 15:04:51.013 | INFO | CtaStrategy | [thr_002654]  ⏱️ [take_profit] 002654.SZSE 15.31: 未触发
2026-05-29 15:04:51.013 | INFO | CtaStrategy | [thr_002067]  ⏱️ [trend_break] 002067.SZSE 4.83: 未触发
2026-05-29 15:04:51.013 | INFO | CtaStrategy | [thr_002067]  ⏱️ [take_profit] 002067.SZSE 4.83: 未触发
2026-05-29 15:04:51.013 | INFO | CtaStrategy | [thr_600309]  ⏱️ [trend_break] 600309.SSE 73.45: 未触发
2026-05-29 15:04:51.013 | INFO | CtaStrategy | [thr_600309]  ⏱️ [take_profit] 600309.SSE 73.45: 未触发
2026-05-29 15:04:51.013 | INFO | CtaStrategy | [thr_600186]  ⏱️ [trend_break] 600186.SSE 10.15: 未触发
2026-05-29 15:04:51.013 | INFO | CtaStrategy | [thr_600186]  ⏱️ [take_profit] 600186.SSE 10.15: 未触发
2026-05-29 15:04:51.013 | INFO | CtaStrategy | [thr_301120]  ⏱️ [trend_break] 301120.SZSE 25.79: 未触发
2026-05-29 15:04:51.013 | INFO | CtaStrategy | [thr_002290]  ⏱️ [trend_break] 002290.SZSE 90.67: 未触发
2026-05-29 15:04:51.013 | INFO | CtaStrategy | [thr_002290]  ⏱️ [take_profit] 002290.SZSE 90.67: 未触发
2026-05-29 15:04:51.013 | INFO | CtaStrategy | [thr_601222]  ⏱️ [trend_break] 601222.SSE 6.60: 未触发
2026-05-29 15:04:51.013 | INFO | CtaStrategy | [thr_601222]  ⏱️ [take_profit] 601222.SSE 6.60: 未触发
2026-05-29 15:04:51.013 | INFO | CtaStrategy | [thr_002709]  ⏱️ [trend_break] 002709.SZSE 52.03: 未触发
2026-05-29 15:04:51.014 | INFO | CtaStrategy | [thr_002709]  ⏱️ [take_profit] 002709.SZSE 52.03: 未触发
2026-05-29 15:04:51.014 | INFO | CtaStrategy | [thr_001896]  ⏱️ [trend_break] 001896.SZSE 16.37: 已失效
2026-05-29 15:04:51.014 | INFO | CtaStrategy | [thr_001896]  ⏱️ [take_profit] 001896.SZSE 16.37: 未触发
2026-05-29 15:04:51.014 | INFO | CtaStrategy | [thr_601991]  ⏱️ [trend_break] 601991.SSE 8.63: 未触发
2026-05-29 15:04:51.014 | INFO | CtaStrategy | [thr_600021]  ⏱️ [trend_break] 600021.SSE 22.28: 未触发
2026-05-29 15:04:51.014 | INFO | CtaStrategy | [thr_000899]  ⏱️ [trend_break] 000899.SZSE 14.04: 未触发
2026-05-29 15:04:51.014 | INFO | CtaStrategy | [thr_605006]  ⏱️ [trend_break] 605006.SSE 18.32: 未触发
2026-05-29 15:04:51.014 | INFO | CtaStrategy | [thr_603693]  ⏱️ [trend_break] 603693.SSE 17.77: 未触发
2026-05-29 15:04:51.014 | INFO | CtaStrategy | [thr_301179]  ⏱️ [trend_break] 301179.SZSE 23.46: 已失效
2026-05-29 15:04:51.014 | INFO | CtaStrategy | [thr_301179]  ⏱️ [take_profit] 301179.SZSE 23.46: 未触发
2026-05-29 15:04:51.014 | INFO | CtaStrategy | [thr_603757]  ⏱️ [trend_break] 603757.SSE 54.78: 今日已执行过卖单
2026-05-29 15:04:51.014 | INFO | CtaStrategy | [thr_603757]  ⏱️ [take_profit] 603757.SSE 54.78: 未触发
2026-05-29 15:04:51.014 | INFO | CtaStrategy | [thr_002149]  ⏱️ [trend_break] 002149.SZSE 60.06: armed（今日内不再处理）
2026-05-29 15:04:51.014 | INFO | CtaStrategy | [thr_002149]  ⏱️ [take_profit] 002149.SZSE 60.06: 未触发
2026-05-29 15:04:51.014 | INFO | CtaStrategy | [thr_601728]  ⏱️ [trend_break] 601728.SSE 6.05: 未触发
2026-05-29 15:04:51.014 | INFO | CtaStrategy | [thr_601728]  ⏱️ [take_profit] 601728.SSE 6.05: 未触发
2026-05-29 15:04:51.014 | INFO | CtaStrategy | [thr_000600]  ⏱️ [trend_break] 000600.SZSE 12.55: 未触发
2026-05-29 15:04:51.014 | INFO | CtaStrategy | [thr_600130]  ⏱️ [trend_break] 600130.SSE 4.93: 未触发
2026-05-29 15:04:51.014 | INFO | CtaStrategy | [thr_600130]  ⏱️ [take_profit] 600130.SSE 4.93: 未触发
2026-05-29 15:04:51.014 | INFO | CtaStrategy | [thr_600310]  ⏱️ [trend_break] 600310.SSE 5.98: 未触发
2026-05-29 15:04:51.014 | INFO | CtaStrategy | [thr_600310]  ⏱️ [take_profit] 600310.SSE 5.98: 今日已执行过卖单
2026-05-29 15:04:51.014 | INFO | CtaStrategy | [thr_600863]  ⏱️ [trend_break] 600863.SSE 7.30: 未触发
2026-05-29 15:04:51.014 | INFO | CtaStrategy | [thr_603256]  ⏱️ [trend_break] 603256.SSE 202.15: 未触发
2026-05-29 15:04:51.014 | INFO | CtaStrategy | [thr_002654]  ⏱️ [trend_break] 002654.SZSE 15.31: 已失效
2026-05-29 15:04:51.014 | INFO | CtaStrategy | [thr_002654]  ⏱️ [take_profit] 002654.SZSE 15.31: 未触发
2026-05-29 15:04:51.014 | INFO | CtaStrategy | [thr_002067]  ⏱️ [trend_break] 002067.SZSE 4.83: 未触发
2026-05-29 15:04:51.014 | INFO | CtaStrategy | [thr_002067]  ⏱️ [take_profit] 002067.SZSE 4.83: 未触发
2026-05-29 15:04:51.014 | INFO | CtaStrategy | [thr_600309]  ⏱️ [trend_break] 600309.SSE 73.45: 未触发
2026-05-29 15:04:51.014 | INFO | CtaStrategy | [thr_600309]  ⏱️ [take_profit] 600309.SSE 73.45: 未触发
2026-05-29 15:04:51.014 | INFO | CtaStrategy | [thr_600186]  ⏱️ [trend_break] 600186.SSE 10.15: 未触发
2026-05-29 15:04:51.015 | INFO | CtaStrategy | [thr_600186]  ⏱️ [take_profit] 600186.SSE 10.15: 未触发
2026-05-29 15:04:51.015 | INFO | CtaStrategy | [thr_301120]  ⏱️ [trend_break] 301120.SZSE 25.79: 未触发
2026-05-29 15:04:51.015 | INFO | CtaStrategy | [thr_002290]  ⏱️ [trend_break] 002290.SZSE 90.67: 未触发
2026-05-29 15:04:51.015 | INFO | CtaStrategy | [thr_002290]  ⏱️ [take_profit] 002290.SZSE 90.67: 未触发
2026-05-29 15:04:51.015 | INFO | CtaStrategy | [thr_601222]  ⏱️ [trend_break] 601222.SSE 6.60: 未触发
2026-05-29 15:04:51.015 | INFO | CtaStrategy | [thr_601222]  ⏱️ [take_profit] 601222.SSE 6.60: 未触发
2026-05-29 15:04:51.015 | INFO | CtaStrategy | [thr_002709]  ⏱️ [trend_break] 002709.SZSE 52.03: 未触发
2026-05-29 15:04:51.015 | INFO | CtaStrategy | [thr_002709]  ⏱️ [take_profit] 002709.SZSE 52.03: 未触发
2026-05-29 15:04:51.015 | INFO | CtaStrategy | [thr_001896]  ⏱️ [trend_break] 001896.SZSE 16.37: 已失效
2026-05-29 15:04:51.015 | INFO | CtaStrategy | [thr_001896]  ⏱️ [take_profit] 001896.SZSE 16.37: 未触发
2026-05-29 15:04:51.015 | INFO | CtaStrategy | [thr_601991]  ⏱️ [trend_break] 601991.SSE 8.63: 未触发
2026-05-29 15:04:51.015 | INFO | CtaStrategy | [thr_600021]  ⏱️ [trend_break] 600021.SSE 22.28: 未触发
2026-05-29 15:04:51.015 | INFO | CtaStrategy | [thr_000899]  ⏱️ [trend_break] 000899.SZSE 14.04: 未触发
2026-05-29 15:04:51.015 | INFO | CtaStrategy | [thr_605006]  ⏱️ [trend_break] 605006.SSE 18.32: 未触发
2026-05-29 15:04:51.015 | INFO | CtaStrategy | [thr_603693]  ⏱️ [trend_break] 603693.SSE 17.77: 未触发
2026-05-29 15:04:51.015 | INFO | CtaStrategy | [thr_301179]  ⏱️ [trend_break] 301179.SZSE 23.46: 已失效
2026-05-29 15:04:51.015 | INFO | CtaStrategy | [thr_301179]  ⏱️ [take_profit] 301179.SZSE 23.46: 未触发
2026-05-29 15:04:51.015 | INFO | CtaStrategy | [thr_603757]  ⏱️ [trend_break] 603757.SSE 54.78: 今日已执行过卖单
2026-05-29 15:04:51.015 | INFO | CtaStrategy | [thr_603757]  ⏱️ [take_profit] 603757.SSE 54.78: 未触发
2026-05-29 15:04:51.015 | INFO | CtaStrategy | [thr_002149]  ⏱️ [trend_break] 002149.SZSE 60.06: armed（今日内不再处理）
2026-05-29 15:04:51.015 | INFO | CtaStrategy | [thr_002149]  ⏱️ [take_profit] 002149.SZSE 60.06: 未触发
2026-05-29 15:04:51.015 | INFO | CtaStrategy | [thr_601728]  ⏱️ [trend_break] 601728.SSE 6.05: 未触发
2026-05-29 15:04:51.015 | INFO | CtaStrategy | [thr_601728]  ⏱️ [take_profit] 601728.SSE 6.05: 未触发
2026-05-29 15:04:51.015 | INFO | CtaStrategy | [thr_000600]  ⏱️ [trend_break] 000600.SZSE 12.55: 未触发
2026-05-29 15:04:51.015 | INFO | CtaStrategy | [thr_600130]  ⏱️ [trend_break] 600130.SSE 4.93: 未触发
2026-05-29 15:04:51.015 | INFO | CtaStrategy | [thr_600130]  ⏱️ [take_profit] 600130.SSE 4.93: 未触发
2026-05-29 15:04:51.015 | INFO | CtaStrategy | [thr_600310]  ⏱️ [trend_break] 600310.SSE 5.98: 未触发
2026-05-29 15:04:51.015 | INFO | CtaStrategy | [thr_600310]  ⏱️ [take_profit] 600310.SSE 5.98: 今日已执行过卖单
2026-05-29 15:04:51.015 | INFO | CtaStrategy | [thr_600863]  ⏱️ [trend_break] 600863.SSE 7.30: 未触发
2026-05-29 15:04:51.015 | INFO | CtaStrategy | [thr_603256]  ⏱️ [trend_break] 603256.SSE 202.15: 未触发
2026-05-29 15:04:51.015 | INFO | CtaStrategy | [thr_002654]  ⏱️ [trend_break] 002654.SZSE 15.31: 已失效
2026-05-29 15:04:51.015 | INFO | CtaStrategy | [thr_002654]  ⏱️ [take_profit] 002654.SZSE 15.31: 未触发
2026-05-29 15:04:51.015 | INFO | CtaStrategy | [thr_002067]  ⏱️ [trend_break] 002067.SZSE 4.83: 未触发
2026-05-29 15:04:51.016 | INFO | CtaStrategy | [thr_002067]  ⏱️ [take_profit] 002067.SZSE 4.83: 未触发
2026-05-29 15:04:51.016 | INFO | CtaStrategy | [thr_600309]  ⏱️ [trend_break] 600309.SSE 73.45: 未触发
2026-05-29 15:04:51.016 | INFO | CtaStrategy | [thr_600309]  ⏱️ [take_profit] 600309.SSE 73.45: 未触发
2026-05-29 15:04:51.016 | INFO | CtaStrategy | [thr_600186]  ⏱️ [trend_break] 600186.SSE 10.15: 未触发
2026-05-29 15:04:51.016 | INFO | CtaStrategy | [thr_600186]  ⏱️ [take_profit] 600186.SSE 10.15: 未触发
2026-05-29 15:04:51.016 | INFO | CtaStrategy | [thr_301120]  ⏱️ [trend_break] 301120.SZSE 25.79: 未触发
2026-05-29 15:04:51.016 | INFO | CtaStrategy | [thr_002290]  ⏱️ [trend_break] 002290.SZSE 90.67: 未触发
2026-05-29 15:04:51.016 | INFO | CtaStrategy | [thr_002290]  ⏱️ [take_profit] 002290.SZSE 90.67: 未触发
2026-05-29 15:04:51.016 | INFO | CtaStrategy | [thr_601222]  ⏱️ [trend_break] 601222.SSE 6.60: 未触发
2026-05-29 15:04:51.016 | INFO | CtaStrategy | [thr_601222]  ⏱️ [take_profit] 601222.SSE 6.60: 未触发
2026-05-29 15:04:51.016 | INFO | CtaStrategy | [thr_002709]  ⏱️ [trend_break] 002709.SZSE 52.03: 未触发
2026-05-29 15:04:51.016 | INFO | CtaStrategy | [thr_002709]  ⏱️ [take_profit] 002709.SZSE 52.03: 未触发
2026-05-29 15:04:51.016 | INFO | CtaStrategy | [thr_001896]  ⏱️ [trend_break] 001896.SZSE 16.37: 已失效
2026-05-29 15:04:51.016 | INFO | CtaStrategy | [thr_001896]  ⏱️ [take_profit] 001896.SZSE 16.37: 未触发
2026-05-29 15:04:51.016 | INFO | CtaStrategy | [thr_601991]  ⏱️ [trend_break] 601991.SSE 8.63: 未触发
2026-05-29 15:04:51.016 | INFO | CtaStrategy | [thr_600021]  ⏱️ [trend_break] 600021.SSE 22.28: 未触发
2026-05-29 15:04:51.016 | INFO | CtaStrategy | [thr_000899]  ⏱️ [trend_break] 000899.SZSE 14.04: 未触发
2026-05-29 15:04:51.016 | INFO | CtaStrategy | [thr_605006]  ⏱️ [trend_break] 605006.SSE 18.32: 未触发
2026-05-29 15:04:51.016 | INFO | CtaStrategy | [thr_603693]  ⏱️ [trend_break] 603693.SSE 17.77: 未触发
2026-05-29 15:04:51.016 | INFO | CtaStrategy | [thr_301179]  ⏱️ [trend_break] 301179.SZSE 23.46: 已失效
2026-05-29 15:04:51.016 | INFO | CtaStrategy | [thr_301179]  ⏱️ [take_profit] 301179.SZSE 23.46: 未触发
2026-05-29 15:04:51.016 | INFO | CtaStrategy | [thr_603757]  ⏱️ [trend_break] 603757.SSE 54.78: 今日已执行过卖单
2026-05-29 15:04:51.016 | INFO | CtaStrategy | [thr_603757]  ⏱️ [take_profit] 603757.SSE 54.78: 未触发
2026-05-29 15:04:53,325 [INFO] paper-strat: ♥ 心跳 | 策略 26 个 | tick 27
2026-05-29 15:04:53,328 [INFO] paper-strat: 🔔 收盘价确认: armed=0 expired=0
  📡 获取实时行情（新浪）...
2026-05-29 15:04:55.465 | INFO | CtaStrategy | [thr_002149]  ⏱️ [trend_break] 002149.SZSE 60.06: armed（今日内不再处理）
2026-05-29 15:04:55.465 | INFO | CtaStrategy | [thr_002149]  ⏱️ [take_profit] 002149.SZSE 60.06: 未触发
2026-05-29 15:04:55.465 | INFO | CtaStrategy | [thr_601728]  ⏱️ [trend_break] 601728.SSE 6.05: 未触发
2026-05-29 15:04:55.467 | INFO | CtaStrategy | [thr_601728]  ⏱️ [take_profit] 601728.SSE 6.05: 未触发
2026-05-29 15:04:55.467 | INFO | CtaStrategy | [thr_000600]  ⏱️ [trend_break] 000600.SZSE 12.55: 未触发
2026-05-29 15:04:55.467 | INFO | CtaStrategy | [thr_600130]  ⏱️ [trend_break] 600130.SSE 4.93: 未触发
2026-05-29 15:04:55.467 | INFO | CtaStrategy | [thr_600130]  ⏱️ [take_profit] 600130.SSE 4.93: 未触发
2026-05-29 15:04:55.467 | INFO | CtaStrategy | [thr_600310]  ⏱️ [trend_break] 600310.SSE 5.98: 未触发
2026-05-29 15:04:55.467 | INFO | CtaStrategy | [thr_600310]  ⏱️ [take_profit] 600310.SSE 5.98: 今日已执行过卖单
2026-05-29 15:04:55.467 | INFO | CtaStrategy | [thr_600863]  ⏱️ [trend_break] 600863.SSE 7.30: 未触发
2026-05-29 15:04:55.467 | INFO | CtaStrategy | [thr_603256]  ⏱️ [trend_break] 603256.SSE 202.15: 未触发
2026-05-29 15:04:55.467 | INFO | CtaStrategy | [thr_002654]  ⏱️ [trend_break] 002654.SZSE 15.31: 已失效
2026-05-29 15:04:55.467 | INFO | CtaStrategy | [thr_002654]  ⏱️ [take_profit] 002654.SZSE 15.31: 未触发
2026-05-29 15:04:55.467 | INFO | CtaStrategy | [thr_002067]  ⏱️ [trend_break] 002067.SZSE 4.83: 未触发
2026-05-29 15:04:55.467 | INFO | CtaStrategy | [thr_002067]  ⏱️ [take_profit] 002067.SZSE 4.83: 未触发
2026-05-29 15:04:55.467 | INFO | CtaStrategy | [thr_600309]  ⏱️ [trend_break] 600309.SSE 73.45: 未触发
2026-05-29 15:04:55.467 | INFO | CtaStrategy | [thr_600309]  ⏱️ [take_profit] 600309.SSE 73.45: 未触发
2026-05-29 15:04:55.467 | INFO | CtaStrategy | [thr_600186]  ⏱️ [trend_break] 600186.SSE 10.15: 未触发
2026-05-29 15:04:55.467 | INFO | CtaStrategy | [thr_600186]  ⏱️ [take_profit] 600186.SSE 10.15: 未触发
2026-05-29 15:04:55.467 | INFO | CtaStrategy | [thr_301120]  ⏱️ [trend_break] 301120.SZSE 25.79: 未触发
2026-05-29 15:04:55.467 | INFO | CtaStrategy | [thr_002290]  ⏱️ [trend_break] 002290.SZSE 90.67: 未触发
2026-05-29 15:04:55.467 | INFO | CtaStrategy | [thr_002290]  ⏱️ [take_profit] 002290.SZSE 90.67: 未触发
2026-05-29 15:04:55.467 | INFO | CtaStrategy | [thr_601222]  ⏱️ [trend_break] 601222.SSE 6.60: 未触发
2026-05-29 15:04:55.467 | INFO | CtaStrategy | [thr_601222]  ⏱️ [take_profit] 601222.SSE 6.60: 未触发
2026-05-29 15:04:55.467 | INFO | CtaStrategy | [thr_002709]  ⏱️ [trend_break] 002709.SZSE 52.03: 未触发
2026-05-29 15:04:55.467 | INFO | CtaStrategy | [thr_002709]  ⏱️ [take_profit] 002709.SZSE 52.03: 未触发
2026-05-29 15:04:55.467 | INFO | CtaStrategy | [thr_001896]  ⏱️ [trend_break] 001896.SZSE 16.37: 已失效
2026-05-29 15:04:55.467 | INFO | CtaStrategy | [thr_001896]  ⏱️ [take_profit] 001896.SZSE 16.37: 未触发
2026-05-29 15:04:55.467 | INFO | CtaStrategy | [thr_601991]  ⏱️ [trend_break] 601991.SSE 8.63: 未触发
2026-05-29 15:04:55.467 | INFO | CtaStrategy | [thr_600021]  ⏱️ [trend_break] 600021.SSE 22.28: 未触发
2026-05-29 15:04:55.467 | INFO | CtaStrategy | [thr_000899]  ⏱️ [trend_break] 000899.SZSE 14.04: 未触发
2026-05-29 15:04:55.467 | INFO | CtaStrategy | [thr_605006]  ⏱️ [trend_break] 605006.SSE 18.32: 未触发
2026-05-29 15:04:55.467 | INFO | CtaStrategy | [thr_603693]  ⏱️ [trend_break] 603693.SSE 17.77: 未触发
2026-05-29 15:04:55.467 | INFO | CtaStrategy | [thr_301179]  ⏱️ [trend_break] 301179.SZSE 23.46: 已失效
2026-05-29 15:04:55.467 | INFO | CtaStrategy | [thr_301179]  ⏱️ [take_profit] 301179.SZSE 23.46: 未触发
2026-05-29 15:04:55.467 | INFO | CtaStrategy | [thr_603757]  ⏱️ [trend_break] 603757.SSE 54.78: 今日已执行过卖单
2026-05-29 15:04:55.467 | INFO | CtaStrategy | [thr_603757]  ⏱️ [take_profit] 603757.SSE 54.78: 未触发
2026-05-29 15:05:08,329 [INFO] paper-strat: ♥ 心跳 | 策略 26 个 | tick 27
2026-05-29 15:05:23,329 [INFO] paper-strat: ♥ 心跳 | 策略 26 个 | tick 27
2026-05-29 15:05:38,331 [INFO] paper-strat: ♥ 心跳 | 策略 26 个 | tick 27
2026-05-29 15:05:53,332 [INFO] paper-strat: ♥ 心跳 | 策略 26 个 | tick 27
2026-05-29 15:06:08,334 [INFO] paper-strat: ♥ 心跳 | 策略 26 个 | tick 27
2026-05-29 15:06:23,335 [INFO] paper-strat: ♥ 心跳 | 策略 26 个 | tick 27
2026-05-29 15:06:38,336 [INFO] paper-strat: ♥ 心跳 | 策略 26 个 | tick 27
2026-05-29 15:06:53,338 [INFO] paper-strat: ♥ 心跳 | 策略 26 个 | tick 27
2026-05-29 15:07:08,339 [INFO] paper-strat: ♥ 心跳 | 策略 26 个 | tick 27
2026-05-29 15:07:23,341 [INFO] paper-strat: ♥ 心跳 | 策略 26 个 | tick 27
2026-05-29 15:07:38,342 [INFO] paper-strat: ♥ 心跳 | 策略 26 个 | tick 27
2026-05-29 15:07:53,342 [INFO] paper-strat: ♥ 心跳 | 策略 26 个 | tick 27
2026-05-29 15:08:08,343 [INFO] paper-strat: ♥ 心跳 | 策略 26 个 | tick 27
2026-05-29 15:08:23,344 [INFO] paper-strat: ♥ 心跳 | 策略 26 个 | tick 27
2026-05-29 15:08:38,346 [INFO] paper-strat: ♥ 心跳 | 策略 26 个 | tick 27
2026-05-29 15:08:53,347 [INFO] paper-strat: ♥ 心跳 | 策略 26 个 | tick 27
2026-05-29 15:09:08,347 [INFO] paper-strat: ♥ 心跳 | 策略 26 个 | tick 27
2026-05-29 15:09:23,348 [INFO] paper-strat: ♥ 心跳 | 策略 26 个 | tick 27
2026-05-29 15:09:38,349 [INFO] paper-strat: ♥ 心跳 | 策略 26 个 | tick 27
2026-05-29 15:09:53,350 [INFO] paper-strat: ♥ 心跳 | 策略 26 个 | tick 27
2026-05-29 15:10:08,351 [INFO] paper-strat: ♥ 心跳 | 策略 26 个 | tick 27
2026-05-29 15:10:23,351 [INFO] paper-strat: ♥ 心跳 | 策略 26 个 | tick 27
2026-05-29 15:10:38,352 [INFO] paper-strat: ♥ 心跳 | 策略 26 个 | tick 27
2026-05-29 15:10:53,353 [INFO] paper-strat: ♥ 心跳 | 策略 26 个 | tick 27
2026-05-29 15:11:08,354 [INFO] paper-strat: ♥ 心跳 | 策略 26 个 | tick 27
2026-05-29 15:11:23,356 [INFO] paper-strat: ♥ 心跳 | 策略 26 个 | tick 27
2026-05-29 15:11:38,357 [INFO] paper-strat: ♥ 心跳 | 策略 26 个 | tick 27
2026-05-29 15:11:53,358 [INFO] paper-strat: ♥ 心跳 | 策略 26 个 | tick 27
2026-05-29 15:12:08,358 [INFO] paper-strat: ♥ 心跳 | 策略 26 个 | tick 27
2026-05-29 15:12:23,359 [INFO] paper-strat: ♥ 心跳 | 策略 26 个 | tick 27
2026-05-29 15:12:38,360 [INFO] paper-strat: ♥ 心跳 | 策略 26 个 | tick 27
2026-05-29 15:12:53,360 [INFO] paper-strat: ♥ 心跳 | 策略 26 个 | tick 27
2026-05-29 15:13:08,362 [INFO] paper-strat: ♥ 心跳 | 策略 26 个 | tick 27
2026-05-29 15:13:23,363 [INFO] paper-strat: ♥ 心跳 | 策略 26 个 | tick 27
2026-05-29 15:13:38,364 [INFO] paper-strat: ♥ 心跳 | 策略 26 个 | tick 27
2026-05-29 15:13:53,365 [INFO] paper-strat: ♥ 心跳 | 策略 26 个 | tick 27
2026-05-29 15:14:08,366 [INFO] paper-strat: ♥ 心跳 | 策略 26 个 | tick 27
2026-05-29 15:14:23,368 [INFO] paper-strat: ♥ 心跳 | 策略 26 个 | tick 27
2026-05-29 15:14:38,369 [INFO] paper-strat: ♥ 心跳 | 策略 26 个 | tick 27
2026-05-29 15:14:53,370 [INFO] paper-strat: ♥ 心跳 | 策略 26 个 | tick 27
2026-05-29 15:15:08,371 [INFO] paper-strat: ♥ 心跳 | 策略 26 个 | tick 27
2026-05-29 15:15:23,371 [INFO] paper-strat: ♥ 心跳 | 策略 26 个 | tick 27
2026-05-29 15:15:38,372 [INFO] paper-strat: ♥ 心跳 | 策略 26 个 | tick 27
2026-05-29 15:15:53,372 [INFO] paper-strat: ♥ 心跳 | 策略 26 个 | tick 27
2026-05-29 15:16:08,373 [INFO] paper-strat: ♥ 心跳 | 策略 26 个 | tick 27
2026-05-29 15:16:23,374 [INFO] paper-strat: ♥ 心跳 | 策略 26 个 | tick 27
2026-05-29 15:16:38,375 [INFO] paper-strat: ♥ 心跳 | 策略 26 个 | tick 27
2026-05-29 15:16:53,376 [INFO] paper-strat: ♥ 心跳 | 策略 26 个 | tick 27
2026-05-29 15:17:08,377 [INFO] paper-strat: ♥ 心跳 | 策略 26 个 | tick 27
2026-05-29 15:17:23,378 [INFO] paper-strat: ♥ 心跳 | 策略 26 个 | tick 27
2026-05-29 15:17:38,379 [INFO] paper-strat: ♥ 心跳 | 策略 26 个 | tick 27
2026-05-29 15:17:53,379 [INFO] paper-strat: ♥ 心跳 | 策略 26 个 | tick 27
2026-05-29 15:18:08,380 [INFO] paper-strat: ♥ 心跳 | 策略 26 个 | tick 27
2026-05-29 15:18:23,382 [INFO] paper-strat: ♥ 心跳 | 策略 26 个 | tick 27
2026-05-29 15:18:38,383 [INFO] paper-strat: ♥ 心跳 | 策略 26 个 | tick 27
2026-05-29 15:18:53,384 [INFO] paper-strat: ♥ 心跳 | 策略 26 个 | tick 27
2026-05-29 15:19:08,385 [INFO] paper-strat: ♥ 心跳 | 策略 26 个 | tick 27
2026-05-29 15:19:23,385 [INFO] paper-strat: ♥ 心跳 | 策略 26 个 | tick 27
2026-05-29 15:19:38,387 [INFO] paper-strat: ♥ 心跳 | 策略 26 个 | tick 27
2026-05-29 15:19:53,388 [INFO] paper-strat: ♥ 心跳 | 策略 26 个 | tick 27
2026-05-29 15:20:08,388 [INFO] paper-strat: ♥ 心跳 | 策略 26 个 | tick 27
2026-05-29 15:20:23,389 [INFO] paper-strat: ♥ 心跳 | 策略 26 个 | tick 27
2026-05-29 15:20:38,391 [INFO] paper-strat: ♥ 心跳 | 策略 26 个 | tick 27
2026-05-29 15:20:53,391 [INFO] paper-strat: ♥ 心跳 | 策略 26 个 | tick 27
2026-05-29 15:21:08,393 [INFO] paper-strat: ♥ 心跳 | 策略 26 个 | tick 27
2026-05-29 15:21:23,394 [INFO] paper-strat: ♥ 心跳 | 策略 26 个 | tick 27
2026-05-29 15:21:38,395 [INFO] paper-strat: ♥ 心跳 | 策略 26 个 | tick 27
2026-05-29 15:21:53,397 [INFO] paper-strat: ♥ 心跳 | 策略 26 个 | tick 27
  📡 获取实时行情（新浪）...
  📡 获取实时行情（新浪）...
  📡 获取实时行情（新浪）...
  📡 获取实时行情（新浪）...
  📡 获取实时行情（新浪）...
  📡 获取实时行情（新浪）...
  📡 获取实时行情（新浪）...
  📡 获取实时行情（新浪）...
  📡 获取实时行情（新浪）...
  📡 获取实时行情（新浪）...
  📡 获取实时行情（新浪）...
  📡 获取实时行情（新浪）...
  📡 获取实时行情（新浪）...
  📡 获取实时行情（新浪）...
  📡 获取实时行情（新浪）...
  📡 获取实时行情（新浪）...
  📡 获取实时行情（新浪）...
  📡 获取实时行情（新浪）...
  📡 获取实时行情（新浪）...
  📡 获取实时行情（新浪）...
  📡 获取实时行情（新浪）...
  📡 获取实时行情（新浪）...
  📡 获取实时行情（新浪）...
  📡 获取实时行情（新浪）...
  📡 获取实时行情（新浪）...
  📡 获取实时行情（新浪）...
  📡 获取实时行情（新浪）...
  📡 获取实时行情（新浪）...
  📡 获取实时行情（新浪）...
  📡 获取实时行情（新浪）...
  📡 获取实时行情（新浪）...
  📡 获取实时行情（新浪）...
  📡 获取实时行情（新浪）...
  📡 获取实时行情（新浪）...
  📡 获取实时行情（新浪）...
  📡 获取实时行情（新浪）...
  📡 获取实时行情（新浪）...
  📡 获取实时行情（新浪）...
  📡 获取实时行情（新浪）...
  📡 获取实时行情（新浪）...
  📡 获取实时行情（新浪）...
  📡 获取实时行情（新浪）...
  📡 获取实时行情（新浪）...
  📡 获取实时行情（新浪）...
  📡 获取实时行情（新浪）...
  📡 获取实时行情（新浪）...
  📡 获取实时行情（新浪）...
  📡 获取实时行情（新浪）...
  📡 获取实时行情（新浪）...
  📡 获取实时行情（新浪）...
  📡 获取实时行情（新浪）...
  📡 获取实时行情（新浪）...
  📡 获取实时行情（新浪）...
  📡 获取实时行情（新浪）...
  📡 获取实时行情（新浪）...
  📡 获取实时行情（新浪）...
  📡 获取实时行情（新浪）...
  📡 获取实时行情（新浪）...
  📡 获取实时行情（新浪）...
  📡 获取实时行情（新浪）...
  📡 获取实时行情（新浪）...
  📡 获取实时行情（新浪）...
  📡 获取实时行情（新浪）...
  📡 获取实时行情（新浪）...
  📡 获取实时行情（新浪）...
  📡 获取实时行情（新浪）...
  📡 获取实时行情（新浪）...
  📡 获取实时行情（新浪）...
  📡 获取实时行情（新浪）...
  📡 获取实时行情（新浪）...
  📡 获取实时行情（新浪）...
  📡 获取实时行情（新浪）...
  📡 获取实时行情（新浪）...
  📡 获取实时行情（新浪）...
  📡 获取实时行情（新浪）...
  📡 获取实时行情（新浪）...
  📡 获取实时行情（新浪）...
  📡 获取实时行情（新浪）...
  📡 获取实时行情（新浪）...
  📡 获取实时行情（新浪）...
  📡 获取实时行情（新浪）...
  📡 获取实时行情（新浪）...
  📡 获取实时行情（新浪）...
  📡 获取实时行情（新浪）...
  📡 获取实时行情（新浪）...
  📡 获取实时行情（新浪）...
  📡 获取实时行情（新浪）...
  📡 获取实时行情（新浪）...
  📡 获取实时行情（新浪）...
  📡 获取实时行情（新浪）...
  📡 获取实时行情（新浪）...
  📡 获取实时行情（新浪）...
  📡 获取实时行情（新浪）...
  📡 获取实时行情（新浪）...
  📡 获取实时行情（新浪）...
  📡 获取实时行情（新浪）...
  📡 获取实时行情（新浪）...
  📡 获取实时行情（新浪）...
  📡 获取实时行情（新浪）...
  📡 获取实时行情（新浪）...
  📡 获取实时行情（新浪）...
  📡 获取实时行情（新浪）...
  📡 获取实时行情（新浪）...
  📡 获取实时行情（新浪）...
  📡 获取实时行情（新浪）...
  📡 获取实时行情（新浪）...
  📡 获取实时行情（新浪）...
  📡 获取实时行情（新浪）...
  📡 获取实时行情（新浪）...
  📡 获取实时行情（新浪）...
  📡 获取实时行情（新浪）...
  📡 获取实时行情（新浪）...
  📡 获取实时行情（新浪）...
  📡 获取实时行情（新浪）...
  📡 获取实时行情（新浪）...
  📡 获取实时行情（新浪）...
  📡 获取实时行情（新浪）...
  📡 获取实时行情（新浪）...
  📡 获取实时行情（新浪）...
  📡 获取实时行情（新浪）...
  📡 获取实时行情（新浪）...
  📡 获取实时行情（新浪）...
  📡 获取实时行情（新浪）...
  📡 获取实时行情（新浪）...
  📡 获取实时行情（新浪）...
  📡 获取实时行情（新浪）...
  📡 获取实时行情（新浪）...
  📡 获取实时行情（新浪）...
  📡 获取实时行情（新浪）...
  📡 获取实时行情（新浪）...
  📡 获取实时行情（新浪）...
  📡 获取实时行情（新浪）...
  📡 获取实时行情（新浪）...
  📡 获取实时行情（新浪）...
  📡 获取实时行情（新浪）...
  📡 获取实时行情（新浪）...
  📡 获取实时行情（新浪）...
  📡 获取实时行情（新浪）...
  📡 获取实时行情（新浪）...
  📡 获取实时行情（新浪）...
  📡 获取实时行情（新浪）...
  📡 获取实时行情（新浪）...
  📡 获取实时行情（新浪）...
  📡 获取实时行情（新浪）...
  📡 获取实时行情（新浪）...
  📡 获取实时行情（新浪）...
  📡 获取实时行情（新浪）...
  📡 获取实时行情（新浪）...
  📡 获取实时行情（新浪）...
  📡 获取实时行情（新浪）...
  📡 获取实时行情（新浪）...
  📡 获取实时行情（新浪）...
  📡 获取实时行情（新浪）...
  📡 获取实时行情（新浪）...
  📡 获取实时行情（新浪）...
  📡 获取实时行情（新浪）...
  📡 获取实时行情（新浪）...
  📡 获取实时行情（新浪）...
  📡 获取实时行情（新浪）...
  📡 获取实时行情（新浪）...
  📡 获取实时行情（新浪）...
  📡 获取实时行情（新浪）...
  📡 获取实时行情（新浪）...
  📡 获取实时行情（新浪）...
  📡 获取实时行情（新浪）...
  📡 获取实时行情（新浪）...
  📡 获取实时行情（新浪）...
  📡 获取实时行情（新浪）...
  📡 获取实时行情（新浪）...
  📡 获取实时行情（新浪）...
  📡 获取实时行情（新浪）...
  📡 获取实时行情（新浪）...
  📡 获取实时行情（新浪）...
  📡 获取实时行情（新浪）...
  📡 获取实时行情（新浪）...
  📡 获取实时行情（新浪）...
  📡 获取实时行情（新浪）...
  📡 获取实时行情（新浪）...
  📡 获取实时行情（新浪）...
  📡 获取实时行情（新浪）...
  📡 获取实时行情（新浪）...
  📡 获取实时行情（新浪）...
  📡 获取实时行情（新浪）...
  📡 获取实时行情（新浪）...
  📡 获取实时行情（新浪）...
  📡 获取实时行情（新浪）...
  📡 获取实时行情（新浪）...
  📡 获取实时行情（新浪）...
  📡 获取实时行情（新浪）...
  📡 获取实时行情（新浪）...
  📡 获取实时行情（新浪）...
  📡 获取实时行情（新浪）...
  📡 获取实时行情（新浪）...
  📡 获取实时行情（新浪）...
  📡 获取实时行情（新浪）...
2026-05-29 15:22:08,398 [INFO] paper-strat: ♥ 心跳 | 策略 26 个 | tick 27
2026-05-29 15:22:23,398 [INFO] paper-strat: ♥ 心跳 | 策略 26 个 | tick 27
2026-05-29 15:22:38,400 [INFO] paper-strat: ♥ 心跳 | 策略 26 个 | tick 27
2026-05-29 15:22:53,400 [INFO] paper-strat: ♥ 心跳 | 策略 26 个 | tick 27
2026-05-29 15:23:08,401 [INFO] paper-strat: ♥ 心跳 | 策略 26 个 | tick 27
2026-05-29 15:23:23,402 [INFO] paper-strat: ♥ 心跳 | 策略 26 个 | tick 27
2026-05-29 15:23:38,403 [INFO] paper-strat: ♥ 心跳 | 策略 26 个 | tick 27
2026-05-29 15:23:53,404 [INFO] paper-strat: ♥ 心跳 | 策略 26 个 | tick 27
2026-05-29 15:24:08,405 [INFO] paper-strat: ♥ 心跳 | 策略 26 个 | tick 27
2026-05-29 15:24:23,405 [INFO] paper-strat: ♥ 心跳 | 策略 26 个 | tick 27
2026-05-29 15:24:38,406 [INFO] paper-strat: ♥ 心跳 | 策略 26 个 | tick 27
2026-05-29 15:24:53,406 [INFO] paper-strat: ♥ 心跳 | 策略 26 个 | tick 27
2026-05-29 15:25:08,407 [INFO] paper-strat: ♥ 心跳 | 策略 26 个 | tick 27
2026-05-29 15:25:23,408 [INFO] paper-strat: ♥ 心跳 | 策略 26 个 | tick 27
2026-05-29 15:25:38,409 [INFO] paper-strat: ♥ 心跳 | 策略 26 个 | tick 27
2026-05-29 15:25:53,410 [INFO] paper-strat: ♥ 心跳 | 策略 26 个 | tick 27
2026-05-29 15:26:08,413 [INFO] paper-strat: ♥ 心跳 | 策略 26 个 | tick 27
2026-05-29 15:26:23,414 [INFO] paper-strat: ♥ 心跳 | 策略 26 个 | tick 27
2026-05-29 15:26:38,415 [INFO] paper-strat: ♥ 心跳 | 策略 26 个 | tick 27
2026-05-29 15:26:53,416 [INFO] paper-strat: ♥ 心跳 | 策略 26 个 | tick 27
2026-05-29 15:27:08,417 [INFO] paper-strat: ♥ 心跳 | 策略 26 个 | tick 27
2026-05-29 15:27:23,418 [INFO] paper-strat: ♥ 心跳 | 策略 26 个 | tick 27
2026-05-29 15:27:38,419 [INFO] paper-strat: ♥ 心跳 | 策略 26 个 | tick 27
2026-05-29 15:27:53,419 [INFO] paper-strat: ♥ 心跳 | 策略 26 个 | tick 27
2026-05-29 15:28:08,420 [INFO] paper-strat: ♥ 心跳 | 策略 26 个 | tick 27
2026-05-29 15:28:23,421 [INFO] paper-strat: ♥ 心跳 | 策略 26 个 | tick 27
2026-05-29 15:28:38,422 [INFO] paper-strat: ♥ 心跳 | 策略 26 个 | tick 27
2026-05-29 15:28:53,423 [INFO] paper-strat: ♥ 心跳 | 策略 26 个 | tick 27
2026-05-29 15:29:08,424 [INFO] paper-strat: ♥ 心跳 | 策略 26 个 | tick 27
2026-05-29 15:29:23,425 [INFO] paper-strat: ♥ 心跳 | 策略 26 个 | tick 27
2026-05-29 15:29:38,426 [INFO] paper-strat: ♥ 心跳 | 策略 26 个 | tick 27
2026-05-29 15:29:53,427 [INFO] paper-strat: ♥ 心跳 | 策略 26 个 | tick 27
2026-05-29 15:30:08,427 [INFO] paper-strat: ♥ 心跳 | 策略 26 个 | tick 27
2026-05-29 15:30:23,429 [INFO] paper-strat: ♥ 心跳 | 策略 26 个 | tick 27
2026-05-29 15:30:38,430 [INFO] paper-strat: ♥ 心跳 | 策略 26 个 | tick 27
2026-05-29 15:30:53,430 [INFO] paper-strat: ♥ 心跳 | 策略 26 个 | tick 27
2026-05-29 15:31:08,431 [INFO] paper-strat: ♥ 心跳 | 策略 26 个 | tick 27
2026-05-29 15:31:23,432 [INFO] paper-strat: ♥ 心跳 | 策略 26 个 | tick 27
2026-05-29 15:31:38,433 [INFO] paper-strat: ♥ 心跳 | 策略 26 个 | tick 27
2026-05-29 15:31:53,434 [INFO] paper-strat: ♥ 心跳 | 策略 26 个 | tick 27
2026-05-29 15:32:08,434 [INFO] paper-strat: ♥ 心跳 | 策略 26 个 | tick 27
2026-05-29 15:32:23,435 [INFO] paper-strat: ♥ 心跳 | 策略 26 个 | tick 27
2026-05-29 15:32:38,436 [INFO] paper-strat: ♥ 心跳 | 策略 26 个 | tick 27
2026-05-29 15:32:53,437 [INFO] paper-strat: ♥ 心跳 | 策略 26 个 | tick 27
2026-05-29 15:33:08,438 [INFO] paper-strat: ♥ 心跳 | 策略 26 个 | tick 27
2026-05-29 15:33:23,440 [INFO] paper-strat: ♥ 心跳 | 策略 26 个 | tick 27
2026-05-29 15:33:38,441 [INFO] paper-strat: ♥ 心跳 | 策略 26 个 | tick 27
2026-05-29 15:33:53,442 [INFO] paper-strat: ♥ 心跳 | 策略 26 个 | tick 27
2026-05-29 15:34:08,443 [INFO] paper-strat: ♥ 心跳 | 策略 26 个 | tick 27
2026-05-29 15:34:23,444 [INFO] paper-strat: ♥ 心跳 | 策略 26 个 | tick 27
2026-05-29 15:34:38,445 [INFO] paper-strat: ♥ 心跳 | 策略 26 个 | tick 27
2026-05-29 15:34:53,445 [INFO] paper-strat: ♥ 心跳 | 策略 26 个 | tick 27
2026-05-29 15:35:08,447 [INFO] paper-strat: ♥ 心跳 | 策略 26 个 | tick 27
2026-05-29 15:35:23,447 [INFO] paper-strat: ♥ 心跳 | 策略 26 个 | tick 27
2026-05-29 15:35:38,448 [INFO] paper-strat: ♥ 心跳 | 策略 26 个 | tick 27
2026-05-29 15:35:53,450 [INFO] paper-strat: ♥ 心跳 | 策略 26 个 | tick 27
2026-05-29 15:36:08,451 [INFO] paper-strat: ♥ 心跳 | 策略 26 个 | tick 27
2026-05-29 15:36:23,452 [INFO] paper-strat: ♥ 心跳 | 策略 26 个 | tick 27
2026-05-29 15:36:38,454 [INFO] paper-strat: ♥ 心跳 | 策略 26 个 | tick 27
2026-05-29 15:36:53,455 [INFO] paper-strat: ♥ 心跳 | 策略 26 个 | tick 27
2026-05-29 15:37:08,456 [INFO] paper-strat: ♥ 心跳 | 策略 26 个 | tick 27
2026-05-29 15:37:23,457 [INFO] paper-strat: ♥ 心跳 | 策略 26 个 | tick 27
2026-05-29 15:37:38,458 [INFO] paper-strat: ♥ 心跳 | 策略 26 个 | tick 27
2026-05-29 15:37:53,460 [INFO] paper-strat: ♥ 心跳 | 策略 26 个 | tick 27
2026-05-29 15:38:08,461 [INFO] paper-strat: ♥ 心跳 | 策略 26 个 | tick 27
2026-05-29 15:38:23,463 [INFO] paper-strat: ♥ 心跳 | 策略 26 个 | tick 27
2026-05-29 15:38:38,464 [INFO] paper-strat: ♥ 心跳 | 策略 26 个 | tick 27
2026-05-29 15:38:53,464 [INFO] paper-strat: ♥ 心跳 | 策略 26 个 | tick 27
  📡 获取实时行情（新浪）...
  📡 获取实时行情（新浪）...
  📡 获取实时行情（新浪）...
  📡 获取实时行情（新浪）...
  📡 获取实时行情（新浪）...
  📡 获取实时行情（新浪）...
  📡 获取实时行情（新浪）...
  📡 获取实时行情（新浪）...
  📡 获取实时行情（新浪）...
  📡 获取实时行情（新浪）...
  📡 获取实时行情（新浪）...
  📡 获取实时行情（新浪）...
  📡 获取实时行情（新浪）...
  📡 获取实时行情（新浪）...
  📡 获取实时行情（新浪）...
  📡 获取实时行情（新浪）...
  📡 获取实时行情（新浪）...
  📡 获取实时行情（新浪）...
  📡 获取实时行情（新浪）...
  📡 获取实时行情（新浪）...
  📡 获取实时行情（新浪）...
  📡 获取实时行情（新浪）...
  📡 获取实时行情（新浪）...
  📡 获取实时行情（新浪）...
  📡 获取实时行情（新浪）...
  📡 获取实时行情（新浪）...
  📡 获取实时行情（新浪）...
  📡 获取实时行情（新浪）...
  📡 获取实时行情（新浪）...
  📡 获取实时行情（新浪）...
  📡 获取实时行情（新浪）...
  📡 获取实时行情（新浪）...
  📡 获取实时行情（新浪）...
  📡 获取实时行情（新浪）...
  📡 获取实时行情（新浪）...
  📡 获取实时行情（新浪）...
  📡 获取实时行情（新浪）...
  📡 获取实时行情（新浪）...
  📡 获取实时行情（新浪）...
  📡 获取实时行情（新浪）...
  📡 获取实时行情（新浪）...
  📡 获取实时行情（新浪）...
  📡 获取实时行情（新浪）...
  📡 获取实时行情（新浪）...
  📡 获取实时行情（新浪）...
  📡 获取实时行情（新浪）...
  📡 获取实时行情（新浪）...
  📡 获取实时行情（新浪）...
  📡 获取实时行情（新浪）...
  📡 获取实时行情（新浪）...
  📡 获取实时行情（新浪）...
  📡 获取实时行情（新浪）...
  📡 获取实时行情（新浪）...
  📡 获取实时行情（新浪）...
  📡 获取实时行情（新浪）...
  📡 获取实时行情（新浪）...
  📡 获取实时行情（新浪）...
  📡 获取实时行情（新浪）...
  📡 获取实时行情（新浪）...
  📡 获取实时行情（新浪）...
  📡 获取实时行情（新浪）...
  📡 获取实时行情（新浪）...
  📡 获取实时行情（新浪）...
  📡 获取实时行情（新浪）...
  📡 获取实时行情（新浪）...
  📡 获取实时行情（新浪）...
  📡 获取实时行情（新浪）...
  📡 获取实时行情（新浪）...
  📡 获取实时行情（新浪）...
  📡 获取实时行情（新浪）...
  📡 获取实时行情（新浪）...
  📡 获取实时行情（新浪）...
  📡 获取实时行情（新浪）...
  📡 获取实时行情（新浪）...
  📡 获取实时行情（新浪）...
  📡 获取实时行情（新浪）...
  📡 获取实时行情（新浪）...
  📡 获取实时行情（新浪）...
  📡 获取实时行情（新浪）...
  📡 获取实时行情（新浪）...
  📡 获取实时行情（新浪）...
  📡 获取实时行情（新浪）...
  📡 获取实时行情（新浪）...
  📡 获取实时行情（新浪）...
  📡 获取实时行情（新浪）...
  📡 获取实时行情（新浪）...
  📡 获取实时行情（新浪）...
  📡 获取实时行情（新浪）...
  📡 获取实时行情（新浪）...
  📡 获取实时行情（新浪）...
  📡 获取实时行情（新浪）...
  📡 获取实时行情（新浪）...
  📡 获取实时行情（新浪）...
  📡 获取实时行情（新浪）...
  📡 获取实时行情（新浪）...
  📡 获取实时行情（新浪）...
  📡 获取实时行情（新浪）...
  📡 获取实时行情（新浪）...
  📡 获取实时行情（新浪）...
  📡 获取实时行情（新浪）...
  📡 获取实时行情（新浪）...
  📡 获取实时行情（新浪）...
  📡 获取实时行情（新浪）...
  📡 获取实时行情（新浪）...
  📡 获取实时行情（新浪）...
  📡 获取实时行情（新浪）...
  📡 获取实时行情（新浪）...
  📡 获取实时行情（新浪）...
  📡 获取实时行情（新浪）...
  📡 获取实时行情（新浪）...
  📡 获取实时行情（新浪）...
  📡 获取实时行情（新浪）...
  📡 获取实时行情（新浪）...
  📡 获取实时行情（新浪）...
  📡 获取实时行情（新浪）...
  📡 获取实时行情（新浪）...
  📡 获取实时行情（新浪）...
  📡 获取实时行情（新浪）...
  📡 获取实时行情（新浪）...
  📡 获取实时行情（新浪）...
  📡 获取实时行情（新浪）...
  📡 获取实时行情（新浪）...
  📡 获取实时行情（新浪）...
  📡 获取实时行情（新浪）...
  📡 获取实时行情（新浪）...
  📡 获取实时行情（新浪）...
  📡 获取实时行情（新浪）...
  📡 获取实时行情（新浪）...
  📡 获取实时行情（新浪）...
  📡 获取实时行情（新浪）...
  📡 获取实时行情（新浪）...
  📡 获取实时行情（新浪）...
  📡 获取实时行情（新浪）...
  📡 获取实时行情（新浪）...
  📡 获取实时行情（新浪）...
  📡 获取实时行情（新浪）...
  📡 获取实时行情（新浪）...
  📡 获取实时行情（新浪）...
  📡 获取实时行情（新浪）...
  📡 获取实时行情（新浪）...
  📡 获取实时行情（新浪）...
  📡 获取实时行情（新浪）...
  📡 获取实时行情（新浪）...
  📡 获取实时行情（新浪）...
  📡 获取实时行情（新浪）...
  📡 获取实时行情（新浪）...
  📡 获取实时行情（新浪）...
  📡 获取实时行情（新浪）...
  📡 获取实时行情（新浪）...
  📡 获取实时行情（新浪）...
  📡 获取实时行情（新浪）...
  📡 获取实时行情（新浪）...
  📡 获取实时行情（新浪）...
  📡 获取实时行情（新浪）...
  📡 获取实时行情（新浪）...
  📡 获取实时行情（新浪）...
  📡 获取实时行情（新浪）...
  📡 获取实时行情（新浪）...
  📡 获取实时行情（新浪）...
  📡 获取实时行情（新浪）...
  📡 获取实时行情（新浪）...
  📡 获取实时行情（新浪）...
  📡 获取实时行情（新浪）...
  📡 获取实时行情（新浪）...
  📡 获取实时行情（新浪）...
  📡 获取实时行情（新浪）...
  📡 获取实时行情（新浪）...
  📡 获取实时行情（新浪）...
  📡 获取实时行情（新浪）...
  📡 获取实时行情（新浪）...
  📡 获取实时行情（新浪）...
  📡 获取实时行情（新浪）...
  📡 获取实时行情（新浪）...
  📡 获取实时行情（新浪）...
  📡 获取实时行情（新浪）...
  📡 获取实时行情（新浪）...
  📡 获取实时行情（新浪）...
  📡 获取实时行情（新浪）...
  📡 获取实时行情（新浪）...
  📡 获取实时行情（新浪）...
  📡 获取实时行情（新浪）...
  📡 获取实时行情（新浪）...
  📡 获取实时行情（新浪）...
  📡 获取实时行情（新浪）...
  📡 获取实时行情（新浪）...
  📡 获取实时行情（新浪）...
  📡 获取实时行情（新浪）...
  📡 获取实时行情（新浪）...
  📡 获取实时行情（新浪）...
  📡 获取实时行情（新浪）...
  📡 获取实时行情（新浪）...
  📡 获取实时行情（新浪）...
  📡 获取实时行情（新浪）...
  📡 获取实时行情（新浪）...
  📡 获取实时行情（新浪）...
2026-05-29 15:39:08,466 [INFO] paper-strat: ♥ 心跳 | 策略 26 个 | tick 27
2026-05-29 15:39:23,466 [INFO] paper-strat: ♥ 心跳 | 策略 26 个 | tick 27
2026-05-29 15:39:38,468 [INFO] paper-strat: ♥ 心跳 | 策略 26 个 | tick 27
2026-05-29 15:39:53,468 [INFO] paper-strat: ♥ 心跳 | 策略 26 个 | tick 27
2026-05-29 15:40:08,470 [INFO] paper-strat: ♥ 心跳 | 策略 26 个 | tick 27
2026-05-29 15:40:23,470 [INFO] paper-strat: ♥ 心跳 | 策略 26 个 | tick 27
2026-05-29 15:40:38,471 [INFO] paper-strat: ♥ 心跳 | 策略 26 个 | tick 27
2026-05-29 15:40:53,472 [INFO] paper-strat: ♥ 心跳 | 策略 26 个 | tick 27
2026-05-29 15:41:08,472 [INFO] paper-strat: ♥ 心跳 | 策略 26 个 | tick 27
2026-05-29 15:41:23,474 [INFO] paper-strat: ♥ 心跳 | 策略 26 个 | tick 27
2026-05-29 15:41:38,475 [INFO] paper-strat: ♥ 心跳 | 策略 26 个 | tick 27
2026-05-29 15:41:53,476 [INFO] paper-strat: ♥ 心跳 | 策略 26 个 | tick 27
2026-05-29 15:42:08,478 [INFO] paper-strat: ♥ 心跳 | 策略 26 个 | tick 27
2026-05-29 15:42:23,479 [INFO] paper-strat: ♥ 心跳 | 策略 26 个 | tick 27
2026-05-29 15:42:38,480 [INFO] paper-strat: ♥ 心跳 | 策略 26 个 | tick 27
2026-05-29 15:42:53,481 [INFO] paper-strat: ♥ 心跳 | 策略 26 个 | tick 27
2026-05-29 15:43:08,481 [INFO] paper-strat: ♥ 心跳 | 策略 26 个 | tick 27
2026-05-29 15:43:23,482 [INFO] paper-strat: ♥ 心跳 | 策略 26 个 | tick 27
2026-05-29 15:43:38,483 [INFO] paper-strat: ♥ 心跳 | 策略 26 个 | tick 27
2026-05-29 15:43:53,484 [INFO] paper-strat: ♥ 心跳 | 策略 26 个 | tick 27
2026-05-29 15:44:08,485 [INFO] paper-strat: ♥ 心跳 | 策略 26 个 | tick 27
2026-05-29 15:44:23,486 [INFO] paper-strat: ♥ 心跳 | 策略 26 个 | tick 27
2026-05-29 15:44:38,487 [INFO] paper-strat: ♥ 心跳 | 策略 26 个 | tick 27
2026-05-29 15:44:53,489 [INFO] paper-strat: ♥ 心跳 | 策略 26 个 | tick 27
2026-05-29 15:45:08,489 [INFO] paper-strat: ♥ 心跳 | 策略 26 个 | tick 27
2026-05-29 15:45:23,490 [INFO] paper-strat: ♥ 心跳 | 策略 26 个 | tick 27
2026-05-29 15:45:38,491 [INFO] paper-strat: ♥ 心跳 | 策略 26 个 | tick 27
2026-05-29 15:45:53,492 [INFO] paper-strat: ♥ 心跳 | 策略 26 个 | tick 27
2026-05-29 15:46:08,494 [INFO] paper-strat: ♥ 心跳 | 策略 26 个 | tick 27
2026-05-29 15:46:23,494 [INFO] paper-strat: ♥ 心跳 | 策略 26 个 | tick 27
2026-05-29 15:46:38,495 [INFO] paper-strat: ♥ 心跳 | 策略 26 个 | tick 27
2026-05-29 15:46:53,499 [INFO] paper-strat: ♥ 心跳 | 策略 26 个 | tick 27
2026-05-29 15:47:08,501 [INFO] paper-strat: ♥ 心跳 | 策略 26 个 | tick 27
2026-05-29 15:47:23,503 [INFO] paper-strat: ♥ 心跳 | 策略 26 个 | tick 27
2026-05-29 15:47:38,504 [INFO] paper-strat: ♥ 心跳 | 策略 26 个 | tick 27
2026-05-29 15:47:53,505 [INFO] paper-strat: ♥ 心跳 | 策略 26 个 | tick 27
2026-05-29 15:48:08,506 [INFO] paper-strat: ♥ 心跳 | 策略 26 个 | tick 27
2026-05-29 15:48:23,507 [INFO] paper-strat: ♥ 心跳 | 策略 26 个 | tick 27
2026-05-29 15:48:38,508 [INFO] paper-strat: ♥ 心跳 | 策略 26 个 | tick 27
2026-05-29 15:48:53,508 [INFO] paper-strat: ♥ 心跳 | 策略 26 个 | tick 27
2026-05-29 15:49:08,508 [INFO] paper-strat: ♥ 心跳 | 策略 26 个 | tick 27
2026-05-29 15:49:23,509 [INFO] paper-strat: ♥ 心跳 | 策略 26 个 | tick 27
2026-05-29 15:49:38,510 [INFO] paper-strat: ♥ 心跳 | 策略 26 个 | tick 27
2026-05-29 15:49:53,511 [INFO] paper-strat: ♥ 心跳 | 策略 26 个 | tick 27
2026-05-29 15:50:08,512 [INFO] paper-strat: ♥ 心跳 | 策略 26 个 | tick 27
2026-05-29 15:50:23,514 [INFO] paper-strat: ♥ 心跳 | 策略 26 个 | tick 27
2026-05-29 15:50:38,515 [INFO] paper-strat: ♥ 心跳 | 策略 26 个 | tick 27
2026-05-29 15:50:53,516 [INFO] paper-strat: ♥ 心跳 | 策略 26 个 | tick 27
2026-05-29 15:51:08,516 [INFO] paper-strat: ♥ 心跳 | 策略 26 个 | tick 27
2026-05-29 15:51:23,517 [INFO] paper-strat: ♥ 心跳 | 策略 26 个 | tick 27
2026-05-29 15:51:38,518 [INFO] paper-strat: ♥ 心跳 | 策略 26 个 | tick 27
2026-05-29 15:51:53,519 [INFO] paper-strat: ♥ 心跳 | 策略 26 个 | tick 27
2026-05-29 15:52:08,520 [INFO] paper-strat: ♥ 心跳 | 策略 26 个 | tick 27
2026-05-29 15:52:23,522 [INFO] paper-strat: ♥ 心跳 | 策略 26 个 | tick 27
2026-05-29 15:52:38,522 [INFO] paper-strat: ♥ 心跳 | 策略 26 个 | tick 27
2026-05-29 15:52:53,523 [INFO] paper-strat: ♥ 心跳 | 策略 26 个 | tick 27
2026-05-29 15:53:08,524 [INFO] paper-strat: ♥ 心跳 | 策略 26 个 | tick 27
2026-05-29 15:53:23,524 [INFO] paper-strat: ♥ 心跳 | 策略 26 个 | tick 27
2026-05-29 15:53:38,526 [INFO] paper-strat: ♥ 心跳 | 策略 26 个 | tick 27
2026-05-29 15:53:53,527 [INFO] paper-strat: ♥ 心跳 | 策略 26 个 | tick 27
2026-05-29 15:54:08,528 [INFO] paper-strat: ♥ 心跳 | 策略 26 个 | tick 27
2026-05-29 15:54:23,529 [INFO] paper-strat: ♥ 心跳 | 策略 26 个 | tick 27
2026-05-29 15:54:38,531 [INFO] paper-strat: ♥ 心跳 | 策略 26 个 | tick 27
2026-05-29 15:54:53,532 [INFO] paper-strat: ♥ 心跳 | 策略 26 个 | tick 27
2026-05-29 15:55:08,533 [INFO] paper-strat: ♥ 心跳 | 策略 26 个 | tick 27
2026-05-29 15:55:23,534 [INFO] paper-strat: ♥ 心跳 | 策略 26 个 | tick 27
2026-05-29 15:55:38,535 [INFO] paper-strat: ♥ 心跳 | 策略 26 个 | tick 27
2026-05-29 15:55:53,536 [INFO] paper-strat: ♥ 心跳 | 策略 26 个 | tick 27
2026-05-29 15:56:08,537 [INFO] paper-strat: ♥ 心跳 | 策略 26 个 | tick 27
  📡 获取实时行情（新浪）...
  📡 获取实时行情（新浪）...
  📡 获取实时行情（新浪）...
  📡 获取实时行情（新浪）...
  📡 获取实时行情（新浪）...
  📡 获取实时行情（新浪）...
  📡 获取实时行情（新浪）...
  📡 获取实时行情（新浪）...
  📡 获取实时行情（新浪）...
  📡 获取实时行情（新浪）...
  📡 获取实时行情（新浪）...
  📡 获取实时行情（新浪）...
  📡 获取实时行情（新浪）...
  📡 获取实时行情（新浪）...
  📡 获取实时行情（新浪）...
  📡 获取实时行情（新浪）...
  📡 获取实时行情（新浪）...
  📡 获取实时行情（新浪）...
  📡 获取实时行情（新浪）...
  📡 获取实时行情（新浪）...
  📡 获取实时行情（新浪）...
  📡 获取实时行情（新浪）...
  📡 获取实时行情（新浪）...
  📡 获取实时行情（新浪）...
  📡 获取实时行情（新浪）...
  📡 获取实时行情（新浪）...
  📡 获取实时行情（新浪）...
  📡 获取实时行情（新浪）...
  📡 获取实时行情（新浪）...
  📡 获取实时行情（新浪）...
  📡 获取实时行情（新浪）...
  📡 获取实时行情（新浪）...
  📡 获取实时行情（新浪）...
  📡 获取实时行情（新浪）...
  📡 获取实时行情（新浪）...
  📡 获取实时行情（新浪）...
  📡 获取实时行情（新浪）...
  📡 获取实时行情（新浪）...
  📡 获取实时行情（新浪）...
  📡 获取实时行情（新浪）...
  📡 获取实时行情（新浪）...
  📡 获取实时行情（新浪）...
  📡 获取实时行情（新浪）...
  📡 获取实时行情（新浪）...
  📡 获取实时行情（新浪）...
  📡 获取实时行情（新浪）...
  📡 获取实时行情（新浪）...
  📡 获取实时行情（新浪）...
  📡 获取实时行情（新浪）...
  📡 获取实时行情（新浪）...
  📡 获取实时行情（新浪）...
  📡 获取实时行情（新浪）...
  📡 获取实时行情（新浪）...
  📡 获取实时行情（新浪）...
  📡 获取实时行情（新浪）...
  📡 获取实时行情（新浪）...
  📡 获取实时行情（新浪）...
  📡 获取实时行情（新浪）...
  📡 获取实时行情（新浪）...
  📡 获取实时行情（新浪）...
  📡 获取实时行情（新浪）...
  📡 获取实时行情（新浪）...
  📡 获取实时行情（新浪）...
  📡 获取实时行情（新浪）...
  📡 获取实时行情（新浪）...
  📡 获取实时行情（新浪）...
  📡 获取实时行情（新浪）...
  📡 获取实时行情（新浪）...
  📡 获取实时行情（新浪）...
  📡 获取实时行情（新浪）...
  📡 获取实时行情（新浪）...
  📡 获取实时行情（新浪）...
  📡 获取实时行情（新浪）...
  📡 获取实时行情（新浪）...
  📡 获取实时行情（新浪）...
  📡 获取实时行情（新浪）...
  📡 获取实时行情（新浪）...
  📡 获取实时行情（新浪）...
  📡 获取实时行情（新浪）...
  📡 获取实时行情（新浪）...
  📡 获取实时行情（新浪）...
  📡 获取实时行情（新浪）...
  📡 获取实时行情（新浪）...
  📡 获取实时行情（新浪）...
  📡 获取实时行情（新浪）...
  📡 获取实时行情（新浪）...
  📡 获取实时行情（新浪）...
  📡 获取实时行情（新浪）...
  📡 获取实时行情（新浪）...
  📡 获取实时行情（新浪）...
  📡 获取实时行情（新浪）...
  📡 获取实时行情（新浪）...
  📡 获取实时行情（新浪）...
  📡 获取实时行情（新浪）...
  📡 获取实时行情（新浪）...
  📡 获取实时行情（新浪）...
  📡 获取实时行情（新浪）...
  📡 获取实时行情（新浪）...
  📡 获取实时行情（新浪）...
  📡 获取实时行情（新浪）...
  📡 获取实时行情（新浪）...
  📡 获取实时行情（新浪）...
  📡 获取实时行情（新浪）...
  📡 获取实时行情（新浪）...
  📡 获取实时行情（新浪）...
  📡 获取实时行情（新浪）...
  📡 获取实时行情（新浪）...
  📡 获取实时行情（新浪）...
  📡 获取实时行情（新浪）...
  📡 获取实时行情（新浪）...
  📡 获取实时行情（新浪）...
  📡 获取实时行情（新浪）...
  📡 获取实时行情（新浪）...
  📡 获取实时行情（新浪）...
  📡 获取实时行情（新浪）...
  📡 获取实时行情（新浪）...
  📡 获取实时行情（新浪）...
  📡 获取实时行情（新浪）...
  📡 获取实时行情（新浪）...
  📡 获取实时行情（新浪）...
  📡 获取实时行情（新浪）...
  📡 获取实时行情（新浪）...
  📡 获取实时行情（新浪）...
  📡 获取实时行情（新浪）...
  📡 获取实时行情（新浪）...
  📡 获取实时行情（新浪）...
  📡 获取实时行情（新浪）...
  📡 获取实时行情（新浪）...
  📡 获取实时行情（新浪）...
  📡 获取实时行情（新浪）...
  📡 获取实时行情（新浪）...
  📡 获取实时行情（新浪）...
  📡 获取实时行情（新浪）...
  📡 获取实时行情（新浪）...
  📡 获取实时行情（新浪）...
  📡 获取实时行情（新浪）...
  📡 获取实时行情（新浪）...
  📡 获取实时行情（新浪）...
  📡 获取实时行情（新浪）...
  📡 获取实时行情（新浪）...
  📡 获取实时行情（新浪）...
  📡 获取实时行情（新浪）...
  📡 获取实时行情（新浪）...
  📡 获取实时行情（新浪）...
  📡 获取实时行情（新浪）...
  📡 获取实时行情（新浪）...
  📡 获取实时行情（新浪）...
  📡 获取实时行情（新浪）...
  📡 获取实时行情（新浪）...
  📡 获取实时行情（新浪）...
  📡 获取实时行情（新浪）...
  📡 获取实时行情（新浪）...
  📡 获取实时行情（新浪）...
  📡 获取实时行情（新浪）...
  📡 获取实时行情（新浪）...
  📡 获取实时行情（新浪）...
  📡 获取实时行情（新浪）...
  📡 获取实时行情（新浪）...
  📡 获取实时行情（新浪）...
  📡 获取实时行情（新浪）...
  📡 获取实时行情（新浪）...
  📡 获取实时行情（新浪）...
  📡 获取实时行情（新浪）...
  📡 获取实时行情（新浪）...
  📡 获取实时行情（新浪）...
  📡 获取实时行情（新浪）...
  📡 获取实时行情（新浪）...
  📡 获取实时行情（新浪）...
  📡 获取实时行情（新浪）...
  📡 获取实时行情（新浪）...
  📡 获取实时行情（新浪）...
  📡 获取实时行情（新浪）...
  📡 获取实时行情（新浪）...
  📡 获取实时行情（新浪）...
  📡 获取实时行情（新浪）...
  📡 获取实时行情（新浪）...
  📡 获取实时行情（新浪）...
  📡 获取实时行情（新浪）...
  📡 获取实时行情（新浪）...
  📡 获取实时行情（新浪）...
  📡 获取实时行情（新浪）...
  📡 获取实时行情（新浪）...
  📡 获取实时行情（新浪）...
  📡 获取实时行情（新浪）...
  📡 获取实时行情（新浪）...
  📡 获取实时行情（新浪）...
  📡 获取实时行情（新浪）...
  📡 获取实时行情（新浪）...
  📡 获取实时行情（新浪）...
  📡 获取实时行情（新浪）...
  📡 获取实时行情（新浪）...
  📡 获取实时行情（新浪）...
  📡 获取实时行情（新浪）...
  📡 获取实时行情（新浪）...
  📡 获取实时行情（新浪）...
2026-05-29 15:56:23,539 [INFO] paper-strat: ♥ 心跳 | 策略 26 个 | tick 27
2026-05-29 15:56:38,539 [INFO] paper-strat: ♥ 心跳 | 策略 26 个 | tick 27
2026-05-29 15:56:53,540 [INFO] paper-strat: ♥ 心跳 | 策略 26 个 | tick 27
2026-05-29 15:57:08,541 [INFO] paper-strat: ♥ 心跳 | 策略 26 个 | tick 27
2026-05-29 15:57:23,542 [INFO] paper-strat: ♥ 心跳 | 策略 26 个 | tick 27
2026-05-29 15:57:38,543 [INFO] paper-strat: ♥ 心跳 | 策略 26 个 | tick 27
2026-05-29 15:57:53,544 [INFO] paper-strat: ♥ 心跳 | 策略 26 个 | tick 27
2026-05-29 15:58:08,545 [INFO] paper-strat: ♥ 心跳 | 策略 26 个 | tick 27
2026-05-29 15:58:23,546 [INFO] paper-strat: ♥ 心跳 | 策略 26 个 | tick 27
2026-05-29 15:58:38,547 [INFO] paper-strat: ♥ 心跳 | 策略 26 个 | tick 27
2026-05-29 15:58:53,548 [INFO] paper-strat: ♥ 心跳 | 策略 26 个 | tick 27
2026-05-29 15:59:08,549 [INFO] paper-strat: ♥ 心跳 | 策略 26 个 | tick 27
2026-05-29 15:59:23,550 [INFO] paper-strat: ♥ 心跳 | 策略 26 个 | tick 27
2026-05-29 15:59:38,551 [INFO] paper-strat: ♥ 心跳 | 策略 26 个 | tick 27
2026-05-29 15:59:53,553 [INFO] paper-strat: ♥ 心跳 | 策略 26 个 | tick 27
2026-05-29 16:00:08,554 [INFO] paper-strat: ♥ 心跳 | 策略 26 个 | tick 27
2026-05-29 16:00:23,554 [INFO] paper-strat: ♥ 心跳 | 策略 26 个 | tick 27
2026-05-29 16:00:38,555 [INFO] paper-strat: ♥ 心跳 | 策略 26 个 | tick 27
2026-05-29 16:00:53,555 [INFO] paper-strat: ♥ 心跳 | 策略 26 个 | tick 27
2026-05-29 16:01:08,556 [INFO] paper-strat: ♥ 心跳 | 策略 26 个 | tick 27
2026-05-29 16:01:23,558 [INFO] paper-strat: ♥ 心跳 | 策略 26 个 | tick 27
2026-05-29 16:01:38,559 [INFO] paper-strat: ♥ 心跳 | 策略 26 个 | tick 27
2026-05-29 16:01:53,561 [INFO] paper-strat: ♥ 心跳 | 策略 26 个 | tick 27
2026-05-29 16:02:08,561 [INFO] paper-strat: ♥ 心跳 | 策略 26 个 | tick 27
2026-05-29 16:02:23,562 [INFO] paper-strat: ♥ 心跳 | 策略 26 个 | tick 27
2026-05-29 16:02:38,563 [INFO] paper-strat: ♥ 心跳 | 策略 26 个 | tick 27
2026-05-29 16:02:53,563 [INFO] paper-strat: ♥ 心跳 | 策略 26 个 | tick 27
2026-05-29 16:03:08,565 [INFO] paper-strat: ♥ 心跳 | 策略 26 个 | tick 27
2026-05-29 16:03:23,566 [INFO] paper-strat: ♥ 心跳 | 策略 26 个 | tick 27
2026-05-29 16:03:38,567 [INFO] paper-strat: ♥ 心跳 | 策略 26 个 | tick 27
2026-05-29 16:03:53,568 [INFO] paper-strat: ♥ 心跳 | 策略 26 个 | tick 27
2026-05-29 16:04:08,569 [INFO] paper-strat: ♥ 心跳 | 策略 26 个 | tick 27
2026-05-29 16:04:23,570 [INFO] paper-strat: ♥ 心跳 | 策略 26 个 | tick 27
2026-05-29 16:04:38,571 [INFO] paper-strat: ♥ 心跳 | 策略 26 个 | tick 27
2026-05-29 16:04:53,571 [INFO] paper-strat: ♥ 心跳 | 策略 26 个 | tick 27
2026-05-29 16:05:08,572 [INFO] paper-strat: ♥ 心跳 | 策略 26 个 | tick 27
2026-05-29 16:05:23,573 [INFO] paper-strat: ♥ 心跳 | 策略 26 个 | tick 27
2026-05-29 16:05:38,574 [INFO] paper-strat: ♥ 心跳 | 策略 26 个 | tick 27
2026-05-29 16:05:53,576 [INFO] paper-strat: ♥ 心跳 | 策略 26 个 | tick 27
2026-05-29 16:06:08,576 [INFO] paper-strat: ♥ 心跳 | 策略 26 个 | tick 27
2026-05-29 16:06:23,577 [INFO] paper-strat: ♥ 心跳 | 策略 26 个 | tick 27
2026-05-29 16:06:38,578 [INFO] paper-strat: ♥ 心跳 | 策略 26 个 | tick 27
2026-05-29 16:06:53,580 [INFO] paper-strat: ♥ 心跳 | 策略 26 个 | tick 27
2026-05-29 16:07:08,581 [INFO] paper-strat: ♥ 心跳 | 策略 26 个 | tick 27
2026-05-29 16:07:23,582 [INFO] paper-strat: ♥ 心跳 | 策略 26 个 | tick 27
2026-05-29 16:07:38,583 [INFO] paper-strat: ♥ 心跳 | 策略 26 个 | tick 27
2026-05-29 16:07:53,583 [INFO] paper-strat: ♥ 心跳 | 策略 26 个 | tick 27
2026-05-29 16:08:08,584 [INFO] paper-strat: ♥ 心跳 | 策略 26 个 | tick 27
2026-05-29 16:08:23,584 [INFO] paper-strat: ♥ 心跳 | 策略 26 个 | tick 27
2026-05-29 16:08:38,585 [INFO] paper-strat: ♥ 心跳 | 策略 26 个 | tick 27
2026-05-29 16:08:53,586 [INFO] paper-strat: ♥ 心跳 | 策略 26 个 | tick 27
2026-05-29 16:09:08,587 [INFO] paper-strat: ♥ 心跳 | 策略 26 个 | tick 27
2026-05-29 16:09:23,587 [INFO] paper-strat: ♥ 心跳 | 策略 26 个 | tick 27
2026-05-29 16:09:38,588 [INFO] paper-strat: ♥ 心跳 | 策略 26 个 | tick 27
2026-05-29 16:09:53,588 [INFO] paper-strat: ♥ 心跳 | 策略 26 个 | tick 27
2026-05-29 16:10:08,589 [INFO] paper-strat: ♥ 心跳 | 策略 26 个 | tick 27
2026-05-29 16:10:23,589 [INFO] paper-strat: ♥ 心跳 | 策略 26 个 | tick 27
2026-05-29 16:10:38,590 [INFO] paper-strat: ♥ 心跳 | 策略 26 个 | tick 27
2026-05-29 16:10:53,593 [INFO] paper-strat: ♥ 心跳 | 策略 26 个 | tick 27
2026-05-29 16:11:08,594 [INFO] paper-strat: ♥ 心跳 | 策略 26 个 | tick 27
2026-05-29 16:11:23,596 [INFO] paper-strat: ♥ 心跳 | 策略 26 个 | tick 27
2026-05-29 16:11:38,597 [INFO] paper-strat: ♥ 心跳 | 策略 26 个 | tick 27
2026-05-29 16:11:53,598 [INFO] paper-strat: ♥ 心跳 | 策略 26 个 | tick 27
2026-05-29 16:12:08,598 [INFO] paper-strat: ♥ 心跳 | 策略 26 个 | tick 27
2026-05-29 16:12:23,599 [INFO] paper-strat: ♥ 心跳 | 策略 26 个 | tick 27
2026-05-29 16:12:38,600 [INFO] paper-strat: ♥ 心跳 | 策略 26 个 | tick 27
2026-05-29 16:12:53,601 [INFO] paper-strat: ♥ 心跳 | 策略 26 个 | tick 27
2026-05-29 16:13:08,602 [INFO] paper-strat: ♥ 心跳 | 策略 26 个 | tick 27
  📡 获取实时行情（新浪）...
  📡 获取实时行情（新浪）...
  📡 获取实时行情（新浪）...
  📡 获取实时行情（新浪）...
  📡 获取实时行情（新浪）...
  📡 获取实时行情（新浪）...
  📡 获取实时行情（新浪）...
  📡 获取实时行情（新浪）...
  📡 获取实时行情（新浪）...
  📡 获取实时行情（新浪）...
  📡 获取实时行情（新浪）...
  📡 获取实时行情（新浪）...
  📡 获取实时行情（新浪）...
  📡 获取实时行情（新浪）...
  📡 获取实时行情（新浪）...
  📡 获取实时行情（新浪）...
  📡 获取实时行情（新浪）...
  📡 获取实时行情（新浪）...
  📡 获取实时行情（新浪）...
  📡 获取实时行情（新浪）...
  📡 获取实时行情（新浪）...
  📡 获取实时行情（新浪）...
  📡 获取实时行情（新浪）...
  📡 获取实时行情（新浪）...
  📡 获取实时行情（新浪）...
  📡 获取实时行情（新浪）...
  📡 获取实时行情（新浪）...
  📡 获取实时行情（新浪）...
  📡 获取实时行情（新浪）...
  📡 获取实时行情（新浪）...
  📡 获取实时行情（新浪）...
  📡 获取实时行情（新浪）...
  📡 获取实时行情（新浪）...
  📡 获取实时行情（新浪）...
  📡 获取实时行情（新浪）...
  📡 获取实时行情（新浪）...
  📡 获取实时行情（新浪）...
  📡 获取实时行情（新浪）...
  📡 获取实时行情（新浪）...
  📡 获取实时行情（新浪）...
  📡 获取实时行情（新浪）...
  📡 获取实时行情（新浪）...
  📡 获取实时行情（新浪）...
  📡 获取实时行情（新浪）...
  📡 获取实时行情（新浪）...
  📡 获取实时行情（新浪）...
  📡 获取实时行情（新浪）...
  📡 获取实时行情（新浪）...
  📡 获取实时行情（新浪）...
  📡 获取实时行情（新浪）...
  📡 获取实时行情（新浪）...
  📡 获取实时行情（新浪）...
  📡 获取实时行情（新浪）...
  📡 获取实时行情（新浪）...
  📡 获取实时行情（新浪）...
  📡 获取实时行情（新浪）...
  📡 获取实时行情（新浪）...
  📡 获取实时行情（新浪）...
  📡 获取实时行情（新浪）...
  📡 获取实时行情（新浪）...
  📡 获取实时行情（新浪）...
  📡 获取实时行情（新浪）...
  📡 获取实时行情（新浪）...
  📡 获取实时行情（新浪）...
  📡 获取实时行情（新浪）...
  📡 获取实时行情（新浪）...
  📡 获取实时行情（新浪）...
  📡 获取实时行情（新浪）...
  📡 获取实时行情（新浪）...
  📡 获取实时行情（新浪）...
  📡 获取实时行情（新浪）...
  📡 获取实时行情（新浪）...
  📡 获取实时行情（新浪）...
  📡 获取实时行情（新浪）...
  📡 获取实时行情（新浪）...
  📡 获取实时行情（新浪）...
  📡 获取实时行情（新浪）...
  📡 获取实时行情（新浪）...
  📡 获取实时行情（新浪）...
  📡 获取实时行情（新浪）...
  📡 获取实时行情（新浪）...
  📡 获取实时行情（新浪）...
  📡 获取实时行情（新浪）...
  📡 获取实时行情（新浪）...
  📡 获取实时行情（新浪）...
  📡 获取实时行情（新浪）...
  📡 获取实时行情（新浪）...
  📡 获取实时行情（新浪）...
  📡 获取实时行情（新浪）...
  📡 获取实时行情（新浪）...
  📡 获取实时行情（新浪）...
  📡 获取实时行情（新浪）...
  📡 获取实时行情（新浪）...
  📡 获取实时行情（新浪）...
  📡 获取实时行情（新浪）...
  📡 获取实时行情（新浪）...
  📡 获取实时行情（新浪）...
  📡 获取实时行情（新浪）...
  📡 获取实时行情（新浪）...
  📡 获取实时行情（新浪）...
  📡 获取实时行情（新浪）...
  📡 获取实时行情（新浪）...
  📡 获取实时行情（新浪）...
  📡 获取实时行情（新浪）...
  📡 获取实时行情（新浪）...
  📡 获取实时行情（新浪）...
  📡 获取实时行情（新浪）...
  📡 获取实时行情（新浪）...
  📡 获取实时行情（新浪）...
  📡 获取实时行情（新浪）...
  📡 获取实时行情（新浪）...
  📡 获取实时行情（新浪）...
  📡 获取实时行情（新浪）...
  📡 获取实时行情（新浪）...
  📡 获取实时行情（新浪）...
  📡 获取实时行情（新浪）...
  📡 获取实时行情（新浪）...
  📡 获取实时行情（新浪）...
  📡 获取实时行情（新浪）...
  📡 获取实时行情（新浪）...
  📡 获取实时行情（新浪）...
  📡 获取实时行情（新浪）...
  📡 获取实时行情（新浪）...
  📡 获取实时行情（新浪）...
  📡 获取实时行情（新浪）...
  📡 获取实时行情（新浪）...
  📡 获取实时行情（新浪）...
  📡 获取实时行情（新浪）...
  📡 获取实时行情（新浪）...
  📡 获取实时行情（新浪）...
  📡 获取实时行情（新浪）...
  📡 获取实时行情（新浪）...
  📡 获取实时行情（新浪）...
  📡 获取实时行情（新浪）...
  📡 获取实时行情（新浪）...
  📡 获取实时行情（新浪）...
  📡 获取实时行情（新浪）...
  📡 获取实时行情（新浪）...
  📡 获取实时行情（新浪）...
  📡 获取实时行情（新浪）...
  📡 获取实时行情（新浪）...
  📡 获取实时行情（新浪）...
  📡 获取实时行情（新浪）...
  📡 获取实时行情（新浪）...
  📡 获取实时行情（新浪）...
  📡 获取实时行情（新浪）...
  📡 获取实时行情（新浪）...
  📡 获取实时行情（新浪）...
  📡 获取实时行情（新浪）...
  📡 获取实时行情（新浪）...
  📡 获取实时行情（新浪）...
  📡 获取实时行情（新浪）...
  📡 获取实时行情（新浪）...
  📡 获取实时行情（新浪）...
  📡 获取实时行情（新浪）...
  📡 获取实时行情（新浪）...
  📡 获取实时行情（新浪）...
  📡 获取实时行情（新浪）...
  📡 获取实时行情（新浪）...
  📡 获取实时行情（新浪）...
  📡 获取实时行情（新浪）...
  📡 获取实时行情（新浪）...
  📡 获取实时行情（新浪）...
  📡 获取实时行情（新浪）...
  📡 获取实时行情（新浪）...
  📡 获取实时行情（新浪）...
  📡 获取实时行情（新浪）...
  📡 获取实时行情（新浪）...
  📡 获取实时行情（新浪）...
  📡 获取实时行情（新浪）...
  📡 获取实时行情（新浪）...
  📡 获取实时行情（新浪）...
  📡 获取实时行情（新浪）...
  📡 获取实时行情（新浪）...
  📡 获取实时行情（新浪）...
  📡 获取实时行情（新浪）...
  📡 获取实时行情（新浪）...
  📡 获取实时行情（新浪）...
  📡 获取实时行情（新浪）...
  📡 获取实时行情（新浪）...
  📡 获取实时行情（新浪）...
  📡 获取实时行情（新浪）...
  📡 获取实时行情（新浪）...
  📡 获取实时行情（新浪）...
  📡 获取实时行情（新浪）...
  📡 获取实时行情（新浪）...
  📡 获取实时行情（新浪）...
  📡 获取实时行情（新浪）...
  📡 获取实时行情（新浪）...
  📡 获取实时行情（新浪）...
  📡 获取实时行情（新浪）...
  📡 获取实时行情（新浪）...
  📡 获取实时行情（新浪）...
  📡 获取实时行情（新浪）...
  📡 获取实时行情（新浪）...
2026-05-29 16:13:23,603 [INFO] paper-strat: ♥ 心跳 | 策略 26 个 | tick 27
2026-05-29 16:13:38,603 [INFO] paper-strat: ♥ 心跳 | 策略 26 个 | tick 27
2026-05-29 16:13:53,605 [INFO] paper-strat: ♥ 心跳 | 策略 26 个 | tick 27
2026-05-29 16:14:08,606 [INFO] paper-strat: ♥ 心跳 | 策略 26 个 | tick 27
2026-05-29 16:14:23,607 [INFO] paper-strat: ♥ 心跳 | 策略 26 个 | tick 27
2026-05-29 16:14:38,608 [INFO] paper-strat: ♥ 心跳 | 策略 26 个 | tick 27
2026-05-29 16:14:53,609 [INFO] paper-strat: ♥ 心跳 | 策略 26 个 | tick 27
2026-05-29 16:15:08,610 [INFO] paper-strat: ♥ 心跳 | 策略 26 个 | tick 27
2026-05-29 16:15:23,611 [INFO] paper-strat: ♥ 心跳 | 策略 26 个 | tick 27
2026-05-29 16:15:38,612 [INFO] paper-strat: ♥ 心跳 | 策略 26 个 | tick 27
2026-05-29 16:15:53,614 [INFO] paper-strat: ♥ 心跳 | 策略 26 个 | tick 27
2026-05-29 16:16:08,614 [INFO] paper-strat: ♥ 心跳 | 策略 26 个 | tick 27
2026-05-29 16:16:23,615 [INFO] paper-strat: ♥ 心跳 | 策略 26 个 | tick 27
2026-05-29 16:16:38,616 [INFO] paper-strat: ♥ 心跳 | 策略 26 个 | tick 27
2026-05-29 16:16:53,617 [INFO] paper-strat: ♥ 心跳 | 策略 26 个 | tick 27
2026-05-29 16:17:08,618 [INFO] paper-strat: ♥ 心跳 | 策略 26 个 | tick 27
2026-05-29 16:17:23,619 [INFO] paper-strat: ♥ 心跳 | 策略 26 个 | tick 27
2026-05-29 16:17:38,620 [INFO] paper-strat: ♥ 心跳 | 策略 26 个 | tick 27
2026-05-29 16:17:53,621 [INFO] paper-strat: ♥ 心跳 | 策略 26 个 | tick 27
2026-05-29 16:18:08,622 [INFO] paper-strat: ♥ 心跳 | 策略 26 个 | tick 27
2026-05-29 16:18:23,623 [INFO] paper-strat: ♥ 心跳 | 策略 26 个 | tick 27
2026-05-29 16:18:38,625 [INFO] paper-strat: ♥ 心跳 | 策略 26 个 | tick 27
2026-05-29 16:18:53,626 [INFO] paper-strat: ♥ 心跳 | 策略 26 个 | tick 27
2026-05-29 16:19:08,626 [INFO] paper-strat: ♥ 心跳 | 策略 26 个 | tick 27
2026-05-29 16:19:23,627 [INFO] paper-strat: ♥ 心跳 | 策略 26 个 | tick 27
2026-05-29 16:19:38,628 [INFO] paper-strat: ♥ 心跳 | 策略 26 个 | tick 27
2026-05-29 16:19:53,629 [INFO] paper-strat: ♥ 心跳 | 策略 26 个 | tick 27
2026-05-29 16:20:08,630 [INFO] paper-strat: ♥ 心跳 | 策略 26 个 | tick 27
2026-05-29 16:20:23,631 [INFO] paper-strat: ♥ 心跳 | 策略 26 个 | tick 27
2026-05-29 16:20:38,632 [INFO] paper-strat: ♥ 心跳 | 策略 26 个 | tick 27
2026-05-29 16:20:53,633 [INFO] paper-strat: ♥ 心跳 | 策略 26 个 | tick 27
2026-05-29 16:21:08,634 [INFO] paper-strat: ♥ 心跳 | 策略 26 个 | tick 27
2026-05-29 16:21:23,635 [INFO] paper-strat: ♥ 心跳 | 策略 26 个 | tick 27
2026-05-29 16:21:38,636 [INFO] paper-strat: ♥ 心跳 | 策略 26 个 | tick 27
2026-05-29 16:21:53,637 [INFO] paper-strat: ♥ 心跳 | 策略 26 个 | tick 27
2026-05-29 16:22:08,638 [INFO] paper-strat: ♥ 心跳 | 策略 26 个 | tick 27
2026-05-29 16:22:23,639 [INFO] paper-strat: ♥ 心跳 | 策略 26 个 | tick 27
2026-05-29 16:22:38,640 [INFO] paper-strat: ♥ 心跳 | 策略 26 个 | tick 27
2026-05-29 16:22:53,641 [INFO] paper-strat: ♥ 心跳 | 策略 26 个 | tick 27
2026-05-29 16:23:08,642 [INFO] paper-strat: ♥ 心跳 | 策略 26 个 | tick 27
2026-05-29 16:23:23,643 [INFO] paper-strat: ♥ 心跳 | 策略 26 个 | tick 27
2026-05-29 16:23:38,643 [INFO] paper-strat: ♥ 心跳 | 策略 26 个 | tick 27
2026-05-29 16:23:53,644 [INFO] paper-strat: ♥ 心跳 | 策略 26 个 | tick 27
2026-05-29 16:24:08,645 [INFO] paper-strat: ♥ 心跳 | 策略 26 个 | tick 27
2026-05-29 16:24:23,647 [INFO] paper-strat: ♥ 心跳 | 策略 26 个 | tick 27
2026-05-29 16:24:38,648 [INFO] paper-strat: ♥ 心跳 | 策略 26 个 | tick 27
2026-05-29 16:24:53,649 [INFO] paper-strat: ♥ 心跳 | 策略 26 个 | tick 27
2026-05-29 16:25:08,650 [INFO] paper-strat: ♥ 心跳 | 策略 26 个 | tick 27
2026-05-29 16:25:23,651 [INFO] paper-strat: ♥ 心跳 | 策略 26 个 | tick 27
2026-05-29 16:25:38,652 [INFO] paper-strat: ♥ 心跳 | 策略 26 个 | tick 27
2026-05-29 16:25:53,652 [INFO] paper-strat: ♥ 心跳 | 策略 26 个 | tick 27
2026-05-29 16:26:08,654 [INFO] paper-strat: ♥ 心跳 | 策略 26 个 | tick 27
2026-05-29 16:26:23,654 [INFO] paper-strat: ♥ 心跳 | 策略 26 个 | tick 27
2026-05-29 16:26:38,656 [INFO] paper-strat: ♥ 心跳 | 策略 26 个 | tick 27
2026-05-29 16:26:53,657 [INFO] paper-strat: ♥ 心跳 | 策略 26 个 | tick 27
2026-05-29 16:27:08,657 [INFO] paper-strat: ♥ 心跳 | 策略 26 个 | tick 27
2026-05-29 16:27:23,658 [INFO] paper-strat: ♥ 心跳 | 策略 26 个 | tick 27
2026-05-29 16:27:38,660 [INFO] paper-strat: ♥ 心跳 | 策略 26 个 | tick 27
2026-05-29 16:27:53,661 [INFO] paper-strat: ♥ 心跳 | 策略 26 个 | tick 27
2026-05-29 16:28:08,662 [INFO] paper-strat: ♥ 心跳 | 策略 26 个 | tick 27
2026-05-29 16:28:23,663 [INFO] paper-strat: ♥ 心跳 | 策略 26 个 | tick 27
2026-05-29 16:28:38,664 [INFO] paper-strat: ♥ 心跳 | 策略 26 个 | tick 27
2026-05-29 16:28:53,665 [INFO] paper-strat: ♥ 心跳 | 策略 26 个 | tick 27
2026-05-29 16:29:08,665 [INFO] paper-strat: ♥ 心跳 | 策略 26 个 | tick 27
2026-05-29 16:29:23,666 [INFO] paper-strat: ♥ 心跳 | 策略 26 个 | tick 27
2026-05-29 16:29:38,667 [INFO] paper-strat: ♥ 心跳 | 策略 26 个 | tick 27
2026-05-29 16:29:53,668 [INFO] paper-strat: ♥ 心跳 | 策略 26 个 | tick 27
2026-05-29 16:30:08,669 [INFO] paper-strat: ♥ 心跳 | 策略 26 个 | tick 27
2026-05-29 16:30:23,670 [INFO] paper-strat: ♥ 心跳 | 策略 26 个 | tick 27
  📡 获取实时行情（新浪）...
  📡 获取实时行情（新浪）...
  📡 获取实时行情（新浪）...
  📡 获取实时行情（新浪）...
  📡 获取实时行情（新浪）...
  📡 获取实时行情（新浪）...
  📡 获取实时行情（新浪）...
  📡 获取实时行情（新浪）...
  📡 获取实时行情（新浪）...
  📡 获取实时行情（新浪）...
  📡 获取实时行情（新浪）...
  📡 获取实时行情（新浪）...
  📡 获取实时行情（新浪）...
  📡 获取实时行情（新浪）...
  📡 获取实时行情（新浪）...
  📡 获取实时行情（新浪）...
  📡 获取实时行情（新浪）...
  📡 获取实时行情（新浪）...
  📡 获取实时行情（新浪）...
  📡 获取实时行情（新浪）...
  📡 获取实时行情（新浪）...
  📡 获取实时行情（新浪）...
  📡 获取实时行情（新浪）...
  📡 获取实时行情（新浪）...
  📡 获取实时行情（新浪）...
  📡 获取实时行情（新浪）...
  📡 获取实时行情（新浪）...
  📡 获取实时行情（新浪）...
  📡 获取实时行情（新浪）...
  📡 获取实时行情（新浪）...
  📡 获取实时行情（新浪）...
  📡 获取实时行情（新浪）...
  📡 获取实时行情（新浪）...
  📡 获取实时行情（新浪）...
  📡 获取实时行情（新浪）...
  📡 获取实时行情（新浪）...
  📡 获取实时行情（新浪）...
  📡 获取实时行情（新浪）...
  📡 获取实时行情（新浪）...
  📡 获取实时行情（新浪）...
  📡 获取实时行情（新浪）...
  📡 获取实时行情（新浪）...
  📡 获取实时行情（新浪）...
  📡 获取实时行情（新浪）...
  📡 获取实时行情（新浪）...
  📡 获取实时行情（新浪）...
  📡 获取实时行情（新浪）...
  📡 获取实时行情（新浪）...
  📡 获取实时行情（新浪）...
  📡 获取实时行情（新浪）...
  📡 获取实时行情（新浪）...
  📡 获取实时行情（新浪）...
  📡 获取实时行情（新浪）...
  📡 获取实时行情（新浪）...
  📡 获取实时行情（新浪）...
  📡 获取实时行情（新浪）...
  📡 获取实时行情（新浪）...
  📡 获取实时行情（新浪）...
  📡 获取实时行情（新浪）...
  📡 获取实时行情（新浪）...
  📡 获取实时行情（新浪）...
  📡 获取实时行情（新浪）...
  📡 获取实时行情（新浪）...
  📡 获取实时行情（新浪）...
  📡 获取实时行情（新浪）...
  📡 获取实时行情（新浪）...
  📡 获取实时行情（新浪）...
  📡 获取实时行情（新浪）...
  📡 获取实时行情（新浪）...
  📡 获取实时行情（新浪）...
  📡 获取实时行情（新浪）...
  📡 获取实时行情（新浪）...
  📡 获取实时行情（新浪）...
  📡 获取实时行情（新浪）...
  📡 获取实时行情（新浪）...
  📡 获取实时行情（新浪）...
  📡 获取实时行情（新浪）...
  📡 获取实时行情（新浪）...
  📡 获取实时行情（新浪）...
  📡 获取实时行情（新浪）...
  📡 获取实时行情（新浪）...
  📡 获取实时行情（新浪）...
  📡 获取实时行情（新浪）...
  📡 获取实时行情（新浪）...
  📡 获取实时行情（新浪）...
  📡 获取实时行情（新浪）...
  📡 获取实时行情（新浪）...
  📡 获取实时行情（新浪）...
  📡 获取实时行情（新浪）...
  📡 获取实时行情（新浪）...
  📡 获取实时行情（新浪）...
  📡 获取实时行情（新浪）...
  📡 获取实时行情（新浪）...
  📡 获取实时行情（新浪）...
  📡 获取实时行情（新浪）...
  📡 获取实时行情（新浪）...
  📡 获取实时行情（新浪）...
  📡 获取实时行情（新浪）...
  📡 获取实时行情（新浪）...
  📡 获取实时行情（新浪）...
  📡 获取实时行情（新浪）...
  📡 获取实时行情（新浪）...
  📡 获取实时行情（新浪）...
  📡 获取实时行情（新浪）...
  📡 获取实时行情（新浪）...
  📡 获取实时行情（新浪）...
  📡 获取实时行情（新浪）...
  📡 获取实时行情（新浪）...
  📡 获取实时行情（新浪）...
  📡 获取实时行情（新浪）...
  📡 获取实时行情（新浪）...
  📡 获取实时行情（新浪）...
  📡 获取实时行情（新浪）...
  📡 获取实时行情（新浪）...
  📡 获取实时行情（新浪）...
  📡 获取实时行情（新浪）...
  📡 获取实时行情（新浪）...
  📡 获取实时行情（新浪）...
  📡 获取实时行情（新浪）...
  📡 获取实时行情（新浪）...
  📡 获取实时行情（新浪）...
  📡 获取实时行情（新浪）...
  📡 获取实时行情（新浪）...
  📡 获取实时行情（新浪）...
  📡 获取实时行情（新浪）...
  📡 获取实时行情（新浪）...
  📡 获取实时行情（新浪）...
  📡 获取实时行情（新浪）...
  📡 获取实时行情（新浪）...
  📡 获取实时行情（新浪）...
  📡 获取实时行情（新浪）...
  📡 获取实时行情（新浪）...
  📡 获取实时行情（新浪）...
  📡 获取实时行情（新浪）...
  📡 获取实时行情（新浪）...
  📡 获取实时行情（新浪）...
  📡 获取实时行情（新浪）...
  📡 获取实时行情（新浪）...
  📡 获取实时行情（新浪）...
  📡 获取实时行情（新浪）...
  📡 获取实时行情（新浪）...
  📡 获取实时行情（新浪）...
  📡 获取实时行情（新浪）...
  📡 获取实时行情（新浪）...
  📡 获取实时行情（新浪）...
  📡 获取实时行情（新浪）...
  📡 获取实时行情（新浪）...
  📡 获取实时行情（新浪）...
  📡 获取实时行情（新浪）...
  📡 获取实时行情（新浪）...
  📡 获取实时行情（新浪）...
  📡 获取实时行情（新浪）...
  📡 获取实时行情（新浪）...
  📡 获取实时行情（新浪）...
  📡 获取实时行情（新浪）...
  📡 获取实时行情（新浪）...
  📡 获取实时行情（新浪）...
  📡 获取实时行情（新浪）...
  📡 获取实时行情（新浪）...
  📡 获取实时行情（新浪）...
  📡 获取实时行情（新浪）...
  📡 获取实时行情（新浪）...
  📡 获取实时行情（新浪）...
  📡 获取实时行情（新浪）...
  📡 获取实时行情（新浪）...
  📡 获取实时行情（新浪）...
  📡 获取实时行情（新浪）...
  📡 获取实时行情（新浪）...
  📡 获取实时行情（新浪）...
  📡 获取实时行情（新浪）...
  📡 获取实时行情（新浪）...
  📡 获取实时行情（新浪）...
  📡 获取实时行情（新浪）...
  📡 获取实时行情（新浪）...
  📡 获取实时行情（新浪）...
  📡 获取实时行情（新浪）...
  📡 获取实时行情（新浪）...
  📡 获取实时行情（新浪）...
  📡 获取实时行情（新浪）...
  📡 获取实时行情（新浪）...
  📡 获取实时行情（新浪）...
  📡 获取实时行情（新浪）...
  📡 获取实时行情（新浪）...
  📡 获取实时行情（新浪）...
  📡 获取实时行情（新浪）...
  📡 获取实时行情（新浪）...
  📡 获取实时行情（新浪）...
  📡 获取实时行情（新浪）...
  📡 获取实时行情（新浪）...
  📡 获取实时行情（新浪）...
  📡 获取实时行情（新浪）...
  📡 获取实时行情（新浪）...
  📡 获取实时行情（新浪）...
  📡 获取实时行情（新浪）...
  📡 获取实时行情（新浪）...
2026-05-29 16:30:38,671 [INFO] paper-strat: ♥ 心跳 | 策略 26 个 | tick 27
2026-05-29 16:30:53,673 [INFO] paper-strat: ♥ 心跳 | 策略 26 个 | tick 27
2026-05-29 16:31:08,673 [INFO] paper-strat: ♥ 心跳 | 策略 26 个 | tick 27
2026-05-29 16:31:23,674 [INFO] paper-strat: ♥ 心跳 | 策略 26 个 | tick 27
2026-05-29 16:31:38,675 [INFO] paper-strat: ♥ 心跳 | 策略 26 个 | tick 27
2026-05-29 16:31:53,676 [INFO] paper-strat: ♥ 心跳 | 策略 26 个 | tick 27
2026-05-29 16:32:08,677 [INFO] paper-strat: ♥ 心跳 | 策略 26 个 | tick 27
2026-05-29 16:32:23,678 [INFO] paper-strat: ♥ 心跳 | 策略 26 个 | tick 27
2026-05-29 16:32:38,679 [INFO] paper-strat: ♥ 心跳 | 策略 26 个 | tick 27
2026-05-29 16:32:53,679 [INFO] paper-strat: ♥ 心跳 | 策略 26 个 | tick 27
2026-05-29 16:33:08,681 [INFO] paper-strat: ♥ 心跳 | 策略 26 个 | tick 27
2026-05-29 16:33:23,682 [INFO] paper-strat: ♥ 心跳 | 策略 26 个 | tick 27
2026-05-29 16:33:38,683 [INFO] paper-strat: ♥ 心跳 | 策略 26 个 | tick 27
2026-05-29 16:33:53,684 [INFO] paper-strat: ♥ 心跳 | 策略 26 个 | tick 27
2026-05-29 16:34:08,686 [INFO] paper-strat: ♥ 心跳 | 策略 26 个 | tick 27
2026-05-29 16:34:23,686 [INFO] paper-strat: ♥ 心跳 | 策略 26 个 | tick 27
2026-05-29 16:34:38,688 [INFO] paper-strat: ♥ 心跳 | 策略 26 个 | tick 27
2026-05-29 16:34:53,688 [INFO] paper-strat: ♥ 心跳 | 策略 26 个 | tick 27
2026-05-29 16:35:08,689 [INFO] paper-strat: ♥ 心跳 | 策略 26 个 | tick 27
2026-05-29 16:35:23,690 [INFO] paper-strat: ♥ 心跳 | 策略 26 个 | tick 27
2026-05-29 16:35:38,691 [INFO] paper-strat: ♥ 心跳 | 策略 26 个 | tick 27
2026-05-29 16:35:53,691 [INFO] paper-strat: ♥ 心跳 | 策略 26 个 | tick 27
2026-05-29 16:36:08,691 [INFO] paper-strat: ♥ 心跳 | 策略 26 个 | tick 27
2026-05-29 16:36:23,693 [INFO] paper-strat: ♥ 心跳 | 策略 26 个 | tick 27
2026-05-29 16:36:38,695 [INFO] paper-strat: ♥ 心跳 | 策略 26 个 | tick 27
2026-05-29 16:36:53,696 [INFO] paper-strat: ♥ 心跳 | 策略 26 个 | tick 27
2026-05-29 16:37:08,698 [INFO] paper-strat: ♥ 心跳 | 策略 26 个 | tick 27
2026-05-29 16:37:23,698 [INFO] paper-strat: ♥ 心跳 | 策略 26 个 | tick 27
2026-05-29 16:37:38,699 [INFO] paper-strat: ♥ 心跳 | 策略 26 个 | tick 27
2026-05-29 16:37:53,700 [INFO] paper-strat: ♥ 心跳 | 策略 26 个 | tick 27
2026-05-29 16:38:08,700 [INFO] paper-strat: ♥ 心跳 | 策略 26 个 | tick 27
2026-05-29 16:38:23,701 [INFO] paper-strat: ♥ 心跳 | 策略 26 个 | tick 27
2026-05-29 16:38:38,702 [INFO] paper-strat: ♥ 心跳 | 策略 26 个 | tick 27
2026-05-29 16:38:53,703 [INFO] paper-strat: ♥ 心跳 | 策略 26 个 | tick 27
2026-05-29 16:39:08,703 [INFO] paper-strat: ♥ 心跳 | 策略 26 个 | tick 27
2026-05-29 16:39:23,704 [INFO] paper-strat: ♥ 心跳 | 策略 26 个 | tick 27
2026-05-29 16:39:38,705 [INFO] paper-strat: ♥ 心跳 | 策略 26 个 | tick 27
2026-05-29 16:39:53,705 [INFO] paper-strat: ♥ 心跳 | 策略 26 个 | tick 27
2026-05-29 16:40:08,707 [INFO] paper-strat: ♥ 心跳 | 策略 26 个 | tick 27
2026-05-29 16:40:23,708 [INFO] paper-strat: ♥ 心跳 | 策略 26 个 | tick 27
2026-05-29 16:40:38,708 [INFO] paper-strat: ♥ 心跳 | 策略 26 个 | tick 27
2026-05-29 16:40:53,709 [INFO] paper-strat: ♥ 心跳 | 策略 26 个 | tick 27
2026-05-29 16:41:08,711 [INFO] paper-strat: ♥ 心跳 | 策略 26 个 | tick 27
2026-05-29 16:41:23,713 [INFO] paper-strat: ♥ 心跳 | 策略 26 个 | tick 27
2026-05-29 16:41:38,714 [INFO] paper-strat: ♥ 心跳 | 策略 26 个 | tick 27
2026-05-29 16:41:53,715 [INFO] paper-strat: ♥ 心跳 | 策略 26 个 | tick 27
2026-05-29 16:42:08,716 [INFO] paper-strat: ♥ 心跳 | 策略 26 个 | tick 27
2026-05-29 16:42:23,717 [INFO] paper-strat: ♥ 心跳 | 策略 26 个 | tick 27
2026-05-29 16:42:38,718 [INFO] paper-strat: ♥ 心跳 | 策略 26 个 | tick 27
2026-05-29 16:42:53,719 [INFO] paper-strat: ♥ 心跳 | 策略 26 个 | tick 27
2026-05-29 16:43:08,721 [INFO] paper-strat: ♥ 心跳 | 策略 26 个 | tick 27
2026-05-29 16:43:23,722 [INFO] paper-strat: ♥ 心跳 | 策略 26 个 | tick 27
2026-05-29 16:43:38,722 [INFO] paper-strat: ♥ 心跳 | 策略 26 个 | tick 27
2026-05-29 16:43:53,723 [INFO] paper-strat: ♥ 心跳 | 策略 26 个 | tick 27
2026-05-29 16:44:08,724 [INFO] paper-strat: ♥ 心跳 | 策略 26 个 | tick 27
2026-05-29 16:44:23,724 [INFO] paper-strat: ♥ 心跳 | 策略 26 个 | tick 27
2026-05-29 16:44:38,724 [INFO] paper-strat: ♥ 心跳 | 策略 26 个 | tick 27
2026-05-29 16:44:53,725 [INFO] paper-strat: ♥ 心跳 | 策略 26 个 | tick 27
2026-05-29 16:45:08,727 [INFO] paper-strat: ♥ 心跳 | 策略 26 个 | tick 27
2026-05-29 16:45:23,727 [INFO] paper-strat: ♥ 心跳 | 策略 26 个 | tick 27
2026-05-29 16:45:38,728 [INFO] paper-strat: ♥ 心跳 | 策略 26 个 | tick 27
2026-05-29 16:45:53,729 [INFO] paper-strat: ♥ 心跳 | 策略 26 个 | tick 27
2026-05-29 16:46:08,731 [INFO] paper-strat: ♥ 心跳 | 策略 26 个 | tick 27
2026-05-29 16:46:23,732 [INFO] paper-strat: ♥ 心跳 | 策略 26 个 | tick 27
2026-05-29 16:46:38,734 [INFO] paper-strat: ♥ 心跳 | 策略 26 个 | tick 27
2026-05-29 16:46:53,735 [INFO] paper-strat: ♥ 心跳 | 策略 26 个 | tick 27
2026-05-29 16:47:08,736 [INFO] paper-strat: ♥ 心跳 | 策略 26 个 | tick 27
2026-05-29 16:47:23,737 [INFO] paper-strat: ♥ 心跳 | 策略 26 个 | tick 27
2026-05-29 16:47:38,738 [INFO] paper-strat: ♥ 心跳 | 策略 26 个 | tick 27
  📡 获取实时行情（新浪）...
  📡 获取实时行情（新浪）...
  📡 获取实时行情（新浪）...
  📡 获取实时行情（新浪）...
  📡 获取实时行情（新浪）...
  📡 获取实时行情（新浪）...
  📡 获取实时行情（新浪）...
  📡 获取实时行情（新浪）...
  📡 获取实时行情（新浪）...
  📡 获取实时行情（新浪）...
  📡 获取实时行情（新浪）...
  📡 获取实时行情（新浪）...
  📡 获取实时行情（新浪）...
  📡 获取实时行情（新浪）...
  📡 获取实时行情（新浪）...
  📡 获取实时行情（新浪）...
  📡 获取实时行情（新浪）...
  📡 获取实时行情（新浪）...
  📡 获取实时行情（新浪）...
  📡 获取实时行情（新浪）...
  📡 获取实时行情（新浪）...
  📡 获取实时行情（新浪）...
  📡 获取实时行情（新浪）...
  📡 获取实时行情（新浪）...
  📡 获取实时行情（新浪）...
  📡 获取实时行情（新浪）...
  📡 获取实时行情（新浪）...
  📡 获取实时行情（新浪）...
  📡 获取实时行情（新浪）...
  📡 获取实时行情（新浪）...
  📡 获取实时行情（新浪）...
  📡 获取实时行情（新浪）...
  📡 获取实时行情（新浪）...
  📡 获取实时行情（新浪）...
  📡 获取实时行情（新浪）...
  📡 获取实时行情（新浪）...
  📡 获取实时行情（新浪）...
  📡 获取实时行情（新浪）...
  📡 获取实时行情（新浪）...
  📡 获取实时行情（新浪）...
  📡 获取实时行情（新浪）...
  📡 获取实时行情（新浪）...
  📡 获取实时行情（新浪）...
  📡 获取实时行情（新浪）...
  📡 获取实时行情（新浪）...
  📡 获取实时行情（新浪）...
  📡 获取实时行情（新浪）...
  📡 获取实时行情（新浪）...
  📡 获取实时行情（新浪）...
  📡 获取实时行情（新浪）...
  📡 获取实时行情（新浪）...
  📡 获取实时行情（新浪）...
  📡 获取实时行情（新浪）...
  📡 获取实时行情（新浪）...
  📡 获取实时行情（新浪）...
  📡 获取实时行情（新浪）...
  📡 获取实时行情（新浪）...
  📡 获取实时行情（新浪）...
  📡 获取实时行情（新浪）...
  📡 获取实时行情（新浪）...
  📡 获取实时行情（新浪）...
  📡 获取实时行情（新浪）...
  📡 获取实时行情（新浪）...
  📡 获取实时行情（新浪）...
  📡 获取实时行情（新浪）...
  📡 获取实时行情（新浪）...
  📡 获取实时行情（新浪）...
  📡 获取实时行情（新浪）...
  📡 获取实时行情（新浪）...
  📡 获取实时行情（新浪）...
  📡 获取实时行情（新浪）...
  📡 获取实时行情（新浪）...
  📡 获取实时行情（新浪）...
  📡 获取实时行情（新浪）...
  📡 获取实时行情（新浪）...
  📡 获取实时行情（新浪）...
  📡 获取实时行情（新浪）...
  📡 获取实时行情（新浪）...
  📡 获取实时行情（新浪）...
  📡 获取实时行情（新浪）...
  📡 获取实时行情（新浪）...
  📡 获取实时行情（新浪）...
  📡 获取实时行情（新浪）...
  📡 获取实时行情（新浪）...
  📡 获取实时行情（新浪）...
  📡 获取实时行情（新浪）...
  📡 获取实时行情（新浪）...
  📡 获取实时行情（新浪）...
  📡 获取实时行情（新浪）...
  📡 获取实时行情（新浪）...
  📡 获取实时行情（新浪）...
  📡 获取实时行情（新浪）...
  📡 获取实时行情（新浪）...
  📡 获取实时行情（新浪）...
  📡 获取实时行情（新浪）...
  📡 获取实时行情（新浪）...
  📡 获取实时行情（新浪）...
  📡 获取实时行情（新浪）...
  📡 获取实时行情（新浪）...
  📡 获取实时行情（新浪）...
  📡 获取实时行情（新浪）...
  📡 获取实时行情（新浪）...
  📡 获取实时行情（新浪）...
  📡 获取实时行情（新浪）...
  📡 获取实时行情（新浪）...
  📡 获取实时行情（新浪）...
  📡 获取实时行情（新浪）...
  📡 获取实时行情（新浪）...
  📡 获取实时行情（新浪）...
  📡 获取实时行情（新浪）...
  📡 获取实时行情（新浪）...
  📡 获取实时行情（新浪）...
  📡 获取实时行情（新浪）...
  📡 获取实时行情（新浪）...
  📡 获取实时行情（新浪）...
  📡 获取实时行情（新浪）...
  📡 获取实时行情（新浪）...
  📡 获取实时行情（新浪）...
  📡 获取实时行情（新浪）...
  📡 获取实时行情（新浪）...
  📡 获取实时行情（新浪）...
  📡 获取实时行情（新浪）...
  📡 获取实时行情（新浪）...
  📡 获取实时行情（新浪）...
  📡 获取实时行情（新浪）...
  📡 获取实时行情（新浪）...
  📡 获取实时行情（新浪）...
  📡 获取实时行情（新浪）...
  📡 获取实时行情（新浪）...
  📡 获取实时行情（新浪）...
  📡 获取实时行情（新浪）...
  📡 获取实时行情（新浪）...
  📡 获取实时行情（新浪）...
  📡 获取实时行情（新浪）...
  📡 获取实时行情（新浪）...
  📡 获取实时行情（新浪）...
  📡 获取实时行情（新浪）...
  📡 获取实时行情（新浪）...
  📡 获取实时行情（新浪）...
  📡 获取实时行情（新浪）...
  📡 获取实时行情（新浪）...
  📡 获取实时行情（新浪）...
  📡 获取实时行情（新浪）...
  📡 获取实时行情（新浪）...
  📡 获取实时行情（新浪）...
  📡 获取实时行情（新浪）...
  📡 获取实时行情（新浪）...
  📡 获取实时行情（新浪）...
  📡 获取实时行情（新浪）...
  📡 获取实时行情（新浪）...
  📡 获取实时行情（新浪）...
  📡 获取实时行情（新浪）...
  📡 获取实时行情（新浪）...
  📡 获取实时行情（新浪）...
  📡 获取实时行情（新浪）...
  📡 获取实时行情（新浪）...
  📡 获取实时行情（新浪）...
  📡 获取实时行情（新浪）...
  📡 获取实时行情（新浪）...
  📡 获取实时行情（新浪）...
  📡 获取实时行情（新浪）...
  📡 获取实时行情（新浪）...
  📡 获取实时行情（新浪）...
  📡 获取实时行情（新浪）...
  📡 获取实时行情（新浪）...
  📡 获取实时行情（新浪）...
  📡 获取实时行情（新浪）...
  📡 获取实时行情（新浪）...
  📡 获取实时行情（新浪）...
  📡 获取实时行情（新浪）...
  📡 获取实时行情（新浪）...
  📡 获取实时行情（新浪）...
  📡 获取实时行情（新浪）...
  📡 获取实时行情（新浪）...
  📡 获取实时行情（新浪）...
  📡 获取实时行情（新浪）...
  📡 获取实时行情（新浪）...
  📡 获取实时行情（新浪）...
  📡 获取实时行情（新浪）...
  📡 获取实时行情（新浪）...
  📡 获取实时行情（新浪）...
  📡 获取实时行情（新浪）...
  📡 获取实时行情（新浪）...
  📡 获取实时行情（新浪）...
  📡 获取实时行情（新浪）...
  📡 获取实时行情（新浪）...
  📡 获取实时行情（新浪）...
  📡 获取实时行情（新浪）...
  📡 获取实时行情（新浪）...
  📡 获取实时行情（新浪）...
  📡 获取实时行情（新浪）...
  📡 获取实时行情（新浪）...
  📡 获取实时行情（新浪）...
  📡 获取实时行情（新浪）...
  📡 获取实时行情（新浪）...
2026-05-29 16:47:53,739 [INFO] paper-strat: ♥ 心跳 | 策略 26 个 | tick 27
2026-05-29 16:48:08,739 [INFO] paper-strat: ♥ 心跳 | 策略 26 个 | tick 27
2026-05-29 16:48:23,740 [INFO] paper-strat: ♥ 心跳 | 策略 26 个 | tick 27
2026-05-29 16:48:38,741 [INFO] paper-strat: ♥ 心跳 | 策略 26 个 | tick 27
2026-05-29 16:48:53,743 [INFO] paper-strat: ♥ 心跳 | 策略 26 个 | tick 27
2026-05-29 16:49:08,743 [INFO] paper-strat: ♥ 心跳 | 策略 26 个 | tick 27
2026-05-29 16:49:23,745 [INFO] paper-strat: ♥ 心跳 | 策略 26 个 | tick 27
2026-05-29 16:49:38,746 [INFO] paper-strat: ♥ 心跳 | 策略 26 个 | tick 27
2026-05-29 16:49:53,747 [INFO] paper-strat: ♥ 心跳 | 策略 26 个 | tick 27
2026-05-29 16:50:08,748 [INFO] paper-strat: ♥ 心跳 | 策略 26 个 | tick 27
2026-05-29 16:50:23,749 [INFO] paper-strat: ♥ 心跳 | 策略 26 个 | tick 27
2026-05-29 16:50:38,750 [INFO] paper-strat: ♥ 心跳 | 策略 26 个 | tick 27
2026-05-29 16:50:53,750 [INFO] paper-strat: ♥ 心跳 | 策略 26 个 | tick 27
2026-05-29 16:51:08,751 [INFO] paper-strat: ♥ 心跳 | 策略 26 个 | tick 27
2026-05-29 16:51:23,752 [INFO] paper-strat: ♥ 心跳 | 策略 26 个 | tick 27
2026-05-29 16:51:38,753 [INFO] paper-strat: ♥ 心跳 | 策略 26 个 | tick 27
2026-05-29 16:51:53,754 [INFO] paper-strat: ♥ 心跳 | 策略 26 个 | tick 27
2026-05-29 16:52:08,755 [INFO] paper-strat: ♥ 心跳 | 策略 26 个 | tick 27
2026-05-29 16:52:23,756 [INFO] paper-strat: ♥ 心跳 | 策略 26 个 | tick 27
2026-05-29 16:52:38,756 [INFO] paper-strat: ♥ 心跳 | 策略 26 个 | tick 27
2026-05-29 16:52:53,756 [INFO] paper-strat: ♥ 心跳 | 策略 26 个 | tick 27
2026-05-29 16:53:08,758 [INFO] paper-strat: ♥ 心跳 | 策略 26 个 | tick 27
2026-05-29 16:53:23,759 [INFO] paper-strat: ♥ 心跳 | 策略 26 个 | tick 27
2026-05-29 16:53:38,761 [INFO] paper-strat: ♥ 心跳 | 策略 26 个 | tick 27
2026-05-29 16:53:53,761 [INFO] paper-strat: ♥ 心跳 | 策略 26 个 | tick 27
2026-05-29 16:54:08,762 [INFO] paper-strat: ♥ 心跳 | 策略 26 个 | tick 27
2026-05-29 16:54:23,762 [INFO] paper-strat: ♥ 心跳 | 策略 26 个 | tick 27
2026-05-29 16:54:38,763 [INFO] paper-strat: ♥ 心跳 | 策略 26 个 | tick 27
2026-05-29 16:54:53,765 [INFO] paper-strat: ♥ 心跳 | 策略 26 个 | tick 27
2026-05-29 16:55:08,765 [INFO] paper-strat: ♥ 心跳 | 策略 26 个 | tick 27
2026-05-29 16:55:23,767 [INFO] paper-strat: ♥ 心跳 | 策略 26 个 | tick 27
2026-05-29 16:55:38,767 [INFO] paper-strat: ♥ 心跳 | 策略 26 个 | tick 27
2026-05-29 16:55:53,767 [INFO] paper-strat: ♥ 心跳 | 策略 26 个 | tick 27
2026-05-29 16:56:08,769 [INFO] paper-strat: ♥ 心跳 | 策略 26 个 | tick 27
2026-05-29 16:56:23,770 [INFO] paper-strat: ♥ 心跳 | 策略 26 个 | tick 27
2026-05-29 16:56:38,771 [INFO] paper-strat: ♥ 心跳 | 策略 26 个 | tick 27
2026-05-29 16:56:53,773 [INFO] paper-strat: ♥ 心跳 | 策略 26 个 | tick 27
2026-05-29 16:57:08,774 [INFO] paper-strat: ♥ 心跳 | 策略 26 个 | tick 27
2026-05-29 16:57:23,774 [INFO] paper-strat: ♥ 心跳 | 策略 26 个 | tick 27
2026-05-29 16:57:38,775 [INFO] paper-strat: ♥ 心跳 | 策略 26 个 | tick 27
2026-05-29 16:57:53,776 [INFO] paper-strat: ♥ 心跳 | 策略 26 个 | tick 27
2026-05-29 16:58:08,778 [INFO] paper-strat: ♥ 心跳 | 策略 26 个 | tick 27
2026-05-29 16:58:23,779 [INFO] paper-strat: ♥ 心跳 | 策略 26 个 | tick 27
2026-05-29 16:58:38,780 [INFO] paper-strat: ♥ 心跳 | 策略 26 个 | tick 27
2026-05-29 16:58:53,781 [INFO] paper-strat: ♥ 心跳 | 策略 26 个 | tick 27
2026-05-29 16:59:08,781 [INFO] paper-strat: ♥ 心跳 | 策略 26 个 | tick 27
2026-05-29 16:59:23,782 [INFO] paper-strat: ♥ 心跳 | 策略 26 个 | tick 27
2026-05-29 16:59:38,782 [INFO] paper-strat: ♥ 心跳 | 策略 26 个 | tick 27
2026-05-29 16:59:53,784 [INFO] paper-strat: ♥ 心跳 | 策略 26 个 | tick 27
2026-05-29 17:00:08,785 [INFO] paper-strat: ♥ 心跳 | 策略 26 个 | tick 27
2026-05-29 17:00:23,786 [INFO] paper-strat: ♥ 心跳 | 策略 26 个 | tick 27
2026-05-29 17:00:38,787 [INFO] paper-strat: ♥ 心跳 | 策略 26 个 | tick 27
2026-05-29 17:00:53,787 [INFO] paper-strat: ♥ 心跳 | 策略 26 个 | tick 27
2026-05-29 17:01:08,788 [INFO] paper-strat: ♥ 心跳 | 策略 26 个 | tick 27
2026-05-29 17:01:23,790 [INFO] paper-strat: ♥ 心跳 | 策略 26 个 | tick 27
2026-05-29 17:01:38,791 [INFO] paper-strat: ♥ 心跳 | 策略 26 个 | tick 27
2026-05-29 17:01:53,791 [INFO] paper-strat: ♥ 心跳 | 策略 26 个 | tick 27
2026-05-29 17:02:08,792 [INFO] paper-strat: ♥ 心跳 | 策略 26 个 | tick 27
2026-05-29 17:02:23,793 [INFO] paper-strat: ♥ 心跳 | 策略 26 个 | tick 27
2026-05-29 17:02:38,794 [INFO] paper-strat: ♥ 心跳 | 策略 26 个 | tick 27
2026-05-29 17:02:53,796 [INFO] paper-strat: ♥ 心跳 | 策略 26 个 | tick 27
2026-05-29 17:03:08,796 [INFO] paper-strat: ♥ 心跳 | 策略 26 个 | tick 27
2026-05-29 17:03:23,797 [INFO] paper-strat: ♥ 心跳 | 策略 26 个 | tick 27
2026-05-29 17:03:38,798 [INFO] paper-strat: ♥ 心跳 | 策略 26 个 | tick 27
2026-05-29 17:03:53,799 [INFO] paper-strat: ♥ 心跳 | 策略 26 个 | tick 27
2026-05-29 17:04:08,800 [INFO] paper-strat: ♥ 心跳 | 策略 26 个 | tick 27
2026-05-29 17:04:23,802 [INFO] paper-strat: ♥ 心跳 | 策略 26 个 | tick 27
2026-05-29 17:04:38,803 [INFO] paper-strat: ♥ 心跳 | 策略 26 个 | tick 27
  📡 获取实时行情（新浪）...
  📡 获取实时行情（新浪）...
  📡 获取实时行情（新浪）...
  📡 获取实时行情（新浪）...
  📡 获取实时行情（新浪）...
  📡 获取实时行情（新浪）...
  📡 获取实时行情（新浪）...
  📡 获取实时行情（新浪）...
  📡 获取实时行情（新浪）...
  📡 获取实时行情（新浪）...
  📡 获取实时行情（新浪）...
  📡 获取实时行情（新浪）...
  📡 获取实时行情（新浪）...
  📡 获取实时行情（新浪）...
  📡 获取实时行情（新浪）...
  📡 获取实时行情（新浪）...
  📡 获取实时行情（新浪）...
  📡 获取实时行情（新浪）...
  📡 获取实时行情（新浪）...
  📡 获取实时行情（新浪）...
  📡 获取实时行情（新浪）...
  📡 获取实时行情（新浪）...
  📡 获取实时行情（新浪）...
  📡 获取实时行情（新浪）...
  📡 获取实时行情（新浪）...
  📡 获取实时行情（新浪）...
  📡 获取实时行情（新浪）...
  📡 获取实时行情（新浪）...
  📡 获取实时行情（新浪）...
  📡 获取实时行情（新浪）...
  📡 获取实时行情（新浪）...
  📡 获取实时行情（新浪）...
  📡 获取实时行情（新浪）...
  📡 获取实时行情（新浪）...
  📡 获取实时行情（新浪）...
  📡 获取实时行情（新浪）...
  📡 获取实时行情（新浪）...
  📡 获取实时行情（新浪）...
  📡 获取实时行情（新浪）...
  📡 获取实时行情（新浪）...
  📡 获取实时行情（新浪）...
  📡 获取实时行情（新浪）...
  📡 获取实时行情（新浪）...
  📡 获取实时行情（新浪）...
  📡 获取实时行情（新浪）...
  📡 获取实时行情（新浪）...
  📡 获取实时行情（新浪）...
  📡 获取实时行情（新浪）...
  📡 获取实时行情（新浪）...
  📡 获取实时行情（新浪）...
  📡 获取实时行情（新浪）...
  📡 获取实时行情（新浪）...
  📡 获取实时行情（新浪）...
  📡 获取实时行情（新浪）...
  📡 获取实时行情（新浪）...
  📡 获取实时行情（新浪）...
  📡 获取实时行情（新浪）...
  📡 获取实时行情（新浪）...
  📡 获取实时行情（新浪）...
  📡 获取实时行情（新浪）...
  📡 获取实时行情（新浪）...
  📡 获取实时行情（新浪）...
  📡 获取实时行情（新浪）...
  📡 获取实时行情（新浪）...
  📡 获取实时行情（新浪）...
  📡 获取实时行情（新浪）...
  📡 获取实时行情（新浪）...
  📡 获取实时行情（新浪）...
  📡 获取实时行情（新浪）...
  📡 获取实时行情（新浪）...
  📡 获取实时行情（新浪）...
  📡 获取实时行情（新浪）...
  📡 获取实时行情（新浪）...
  📡 获取实时行情（新浪）...
  📡 获取实时行情（新浪）...
  📡 获取实时行情（新浪）...
  📡 获取实时行情（新浪）...
  📡 获取实时行情（新浪）...
  📡 获取实时行情（新浪）...
  📡 获取实时行情（新浪）...
  📡 获取实时行情（新浪）...
  📡 获取实时行情（新浪）...
  📡 获取实时行情（新浪）...
  📡 获取实时行情（新浪）...
  📡 获取实时行情（新浪）...
  📡 获取实时行情（新浪）...
  📡 获取实时行情（新浪）...
  📡 获取实时行情（新浪）...
  📡 获取实时行情（新浪）...
  📡 获取实时行情（新浪）...
  📡 获取实时行情（新浪）...
  📡 获取实时行情（新浪）...
  📡 获取实时行情（新浪）...
  📡 获取实时行情（新浪）...
  📡 获取实时行情（新浪）...
  📡 获取实时行情（新浪）...
  📡 获取实时行情（新浪）...
  📡 获取实时行情（新浪）...
  📡 获取实时行情（新浪）...
  📡 获取实时行情（新浪）...
  📡 获取实时行情（新浪）...
  📡 获取实时行情（新浪）...
  📡 获取实时行情（新浪）...
  📡 获取实时行情（新浪）...
  📡 获取实时行情（新浪）...
  📡 获取实时行情（新浪）...
  📡 获取实时行情（新浪）...
  📡 获取实时行情（新浪）...
  📡 获取实时行情（新浪）...
  📡 获取实时行情（新浪）...
  📡 获取实时行情（新浪）...
  📡 获取实时行情（新浪）...
  📡 获取实时行情（新浪）...
  📡 获取实时行情（新浪）...
  📡 获取实时行情（新浪）...
  📡 获取实时行情（新浪）...
  📡 获取实时行情（新浪）...
  📡 获取实时行情（新浪）...
  📡 获取实时行情（新浪）...
  📡 获取实时行情（新浪）...
  📡 获取实时行情（新浪）...
  📡 获取实时行情（新浪）...
  📡 获取实时行情（新浪）...
  📡 获取实时行情（新浪）...
  📡 获取实时行情（新浪）...
  📡 获取实时行情（新浪）...
  📡 获取实时行情（新浪）...
  📡 获取实时行情（新浪）...
  📡 获取实时行情（新浪）...
  📡 获取实时行情（新浪）...
  📡 获取实时行情（新浪）...
  📡 获取实时行情（新浪）...
  📡 获取实时行情（新浪）...
  📡 获取实时行情（新浪）...
  📡 获取实时行情（新浪）...
  📡 获取实时行情（新浪）...
  📡 获取实时行情（新浪）...
  📡 获取实时行情（新浪）...
  📡 获取实时行情（新浪）...
  📡 获取实时行情（新浪）...
  📡 获取实时行情（新浪）...
  📡 获取实时行情（新浪）...
  📡 获取实时行情（新浪）...
  📡 获取实时行情（新浪）...
  📡 获取实时行情（新浪）...
  📡 获取实时行情（新浪）...
  📡 获取实时行情（新浪）...
  📡 获取实时行情（新浪）...
  📡 获取实时行情（新浪）...
  📡 获取实时行情（新浪）...
  📡 获取实时行情（新浪）...
  📡 获取实时行情（新浪）...
  📡 获取实时行情（新浪）...
  📡 获取实时行情（新浪）...
  📡 获取实时行情（新浪）...
  📡 获取实时行情（新浪）...
  📡 获取实时行情（新浪）...
  📡 获取实时行情（新浪）...
  📡 获取实时行情（新浪）...
  📡 获取实时行情（新浪）...
  📡 获取实时行情（新浪）...
  📡 获取实时行情（新浪）...
  📡 获取实时行情（新浪）...
  📡 获取实时行情（新浪）...
  📡 获取实时行情（新浪）...
  📡 获取实时行情（新浪）...
  📡 获取实时行情（新浪）...
  📡 获取实时行情（新浪）...
  📡 获取实时行情（新浪）...
  📡 获取实时行情（新浪）...
  📡 获取实时行情（新浪）...
  📡 获取实时行情（新浪）...
  📡 获取实时行情（新浪）...
  📡 获取实时行情（新浪）...
  📡 获取实时行情（新浪）...
  📡 获取实时行情（新浪）...
  📡 获取实时行情（新浪）...
  📡 获取实时行情（新浪）...
  📡 获取实时行情（新浪）...
  📡 获取实时行情（新浪）...
  📡 获取实时行情（新浪）...
  📡 获取实时行情（新浪）...
  📡 获取实时行情（新浪）...
  📡 获取实时行情（新浪）...
  📡 获取实时行情（新浪）...
  📡 获取实时行情（新浪）...
  📡 获取实时行情（新浪）...
  📡 获取实时行情（新浪）...
  📡 获取实时行情（新浪）...
  📡 获取实时行情（新浪）...
  📡 获取实时行情（新浪）...
  📡 获取实时行情（新浪）...
  📡 获取实时行情（新浪）...
  📡 获取实时行情（新浪）...
  📡 获取实时行情（新浪）...
2026-05-29 17:04:53,803 [INFO] paper-strat: ♥ 心跳 | 策略 26 个 | tick 27
2026-05-29 17:05:08,804 [INFO] paper-strat: ♥ 心跳 | 策略 26 个 | tick 27
2026-05-29 17:05:23,805 [INFO] paper-strat: ♥ 心跳 | 策略 26 个 | tick 27
2026-05-29 17:05:38,806 [INFO] paper-strat: ♥ 心跳 | 策略 26 个 | tick 27
2026-05-29 17:05:53,808 [INFO] paper-strat: ♥ 心跳 | 策略 26 个 | tick 27
2026-05-29 17:06:08,809 [INFO] paper-strat: ♥ 心跳 | 策略 26 个 | tick 27
2026-05-29 17:06:23,809 [INFO] paper-strat: ♥ 心跳 | 策略 26 个 | tick 27
2026-05-29 17:06:38,810 [INFO] paper-strat: ♥ 心跳 | 策略 26 个 | tick 27
2026-05-29 17:06:53,811 [INFO] paper-strat: ♥ 心跳 | 策略 26 个 | tick 27
2026-05-29 17:07:08,813 [INFO] paper-strat: ♥ 心跳 | 策略 26 个 | tick 27
2026-05-29 17:07:23,814 [INFO] paper-strat: ♥ 心跳 | 策略 26 个 | tick 27
2026-05-29 17:07:38,815 [INFO] paper-strat: ♥ 心跳 | 策略 26 个 | tick 27
2026-05-29 17:07:53,816 [INFO] paper-strat: ♥ 心跳 | 策略 26 个 | tick 27
2026-05-29 17:08:08,817 [INFO] paper-strat: ♥ 心跳 | 策略 26 个 | tick 27
2026-05-29 17:08:23,818 [INFO] paper-strat: ♥ 心跳 | 策略 26 个 | tick 27
2026-05-29 17:08:38,820 [INFO] paper-strat: ♥ 心跳 | 策略 26 个 | tick 27
2026-05-29 17:08:53,820 [INFO] paper-strat: ♥ 心跳 | 策略 26 个 | tick 27
2026-05-29 17:09:08,821 [INFO] paper-strat: ♥ 心跳 | 策略 26 个 | tick 27
2026-05-29 17:09:23,822 [INFO] paper-strat: ♥ 心跳 | 策略 26 个 | tick 27
2026-05-29 17:09:38,823 [INFO] paper-strat: ♥ 心跳 | 策略 26 个 | tick 27
2026-05-29 17:09:53,823 [INFO] paper-strat: ♥ 心跳 | 策略 26 个 | tick 27
2026-05-29 17:10:08,825 [INFO] paper-strat: ♥ 心跳 | 策略 26 个 | tick 27
2026-05-29 17:10:23,825 [INFO] paper-strat: ♥ 心跳 | 策略 26 个 | tick 27
2026-05-29 17:10:38,826 [INFO] paper-strat: ♥ 心跳 | 策略 26 个 | tick 27
2026-05-29 17:10:53,826 [INFO] paper-strat: ♥ 心跳 | 策略 26 个 | tick 27
2026-05-29 17:11:08,828 [INFO] paper-strat: ♥ 心跳 | 策略 26 个 | tick 27
2026-05-29 17:11:23,829 [INFO] paper-strat: ♥ 心跳 | 策略 26 个 | tick 27
2026-05-29 17:11:38,830 [INFO] paper-strat: ♥ 心跳 | 策略 26 个 | tick 27
2026-05-29 17:11:53,832 [INFO] paper-strat: ♥ 心跳 | 策略 26 个 | tick 27
2026-05-29 17:12:08,833 [INFO] paper-strat: ♥ 心跳 | 策略 26 个 | tick 27
2026-05-29 17:12:23,834 [INFO] paper-strat: ♥ 心跳 | 策略 26 个 | tick 27
2026-05-29 17:12:38,836 [INFO] paper-strat: ♥ 心跳 | 策略 26 个 | tick 27
2026-05-29 17:12:53,837 [INFO] paper-strat: ♥ 心跳 | 策略 26 个 | tick 27
2026-05-29 17:13:08,838 [INFO] paper-strat: ♥ 心跳 | 策略 26 个 | tick 27
2026-05-29 17:13:23,839 [INFO] paper-strat: ♥ 心跳 | 策略 26 个 | tick 27
2026-05-29 17:13:38,839 [INFO] paper-strat: ♥ 心跳 | 策略 26 个 | tick 27
2026-05-29 17:13:53,841 [INFO] paper-strat: ♥ 心跳 | 策略 26 个 | tick 27
2026-05-29 17:14:08,841 [INFO] paper-strat: ♥ 心跳 | 策略 26 个 | tick 27
2026-05-29 17:14:23,842 [INFO] paper-strat: ♥ 心跳 | 策略 26 个 | tick 27
2026-05-29 17:14:38,843 [INFO] paper-strat: ♥ 心跳 | 策略 26 个 | tick 27
2026-05-29 17:14:53,845 [INFO] paper-strat: ♥ 心跳 | 策略 26 个 | tick 27
2026-05-29 17:15:08,846 [INFO] paper-strat: ♥ 心跳 | 策略 26 个 | tick 27
2026-05-29 17:15:23,846 [INFO] paper-strat: ♥ 心跳 | 策略 26 个 | tick 27
2026-05-29 17:15:38,848 [INFO] paper-strat: ♥ 心跳 | 策略 26 个 | tick 27
2026-05-29 17:15:53,849 [INFO] paper-strat: ♥ 心跳 | 策略 26 个 | tick 27
2026-05-29 17:16:08,851 [INFO] paper-strat: ♥ 心跳 | 策略 26 个 | tick 27
2026-05-29 17:16:23,852 [INFO] paper-strat: ♥ 心跳 | 策略 26 个 | tick 27
2026-05-29 17:16:38,854 [INFO] paper-strat: ♥ 心跳 | 策略 26 个 | tick 27
2026-05-29 17:16:53,854 [INFO] paper-strat: ♥ 心跳 | 策略 26 个 | tick 27
2026-05-29 17:17:08,856 [INFO] paper-strat: ♥ 心跳 | 策略 26 个 | tick 27
2026-05-29 17:17:23,857 [INFO] paper-strat: ♥ 心跳 | 策略 26 个 | tick 27
2026-05-29 17:17:38,857 [INFO] paper-strat: ♥ 心跳 | 策略 26 个 | tick 27
2026-05-29 17:17:53,858 [INFO] paper-strat: ♥ 心跳 | 策略 26 个 | tick 27
2026-05-29 17:18:08,859 [INFO] paper-strat: ♥ 心跳 | 策略 26 个 | tick 27
2026-05-29 17:18:23,860 [INFO] paper-strat: ♥ 心跳 | 策略 26 个 | tick 27
2026-05-29 17:18:38,862 [INFO] paper-strat: ♥ 心跳 | 策略 26 个 | tick 27
2026-05-29 17:18:53,863 [INFO] paper-strat: ♥ 心跳 | 策略 26 个 | tick 27
2026-05-29 17:19:08,864 [INFO] paper-strat: ♥ 心跳 | 策略 26 个 | tick 27
2026-05-29 17:19:23,866 [INFO] paper-strat: ♥ 心跳 | 策略 26 个 | tick 27
2026-05-29 17:19:38,867 [INFO] paper-strat: ♥ 心跳 | 策略 26 个 | tick 27
2026-05-29 17:19:53,868 [INFO] paper-strat: ♥ 心跳 | 策略 26 个 | tick 27
2026-05-29 17:20:08,869 [INFO] paper-strat: ♥ 心跳 | 策略 26 个 | tick 27
2026-05-29 17:20:23,871 [INFO] paper-strat: ♥ 心跳 | 策略 26 个 | tick 27
2026-05-29 17:20:38,872 [INFO] paper-strat: ♥ 心跳 | 策略 26 个 | tick 27
2026-05-29 17:20:53,873 [INFO] paper-strat: ♥ 心跳 | 策略 26 个 | tick 27
2026-05-29 17:21:08,874 [INFO] paper-strat: ♥ 心跳 | 策略 26 个 | tick 27
2026-05-29 17:21:23,875 [INFO] paper-strat: ♥ 心跳 | 策略 26 个 | tick 27
2026-05-29 17:21:38,876 [INFO] paper-strat: ♥ 心跳 | 策略 26 个 | tick 27
  📡 获取实时行情（新浪）...
  📡 获取实时行情（新浪）...
  📡 获取实时行情（新浪）...
  📡 获取实时行情（新浪）...
  📡 获取实时行情（新浪）...
  📡 获取实时行情（新浪）...
  📡 获取实时行情（新浪）...
  📡 获取实时行情（新浪）...
  📡 获取实时行情（新浪）...
  📡 获取实时行情（新浪）...
  📡 获取实时行情（新浪）...
  📡 获取实时行情（新浪）...
  📡 获取实时行情（新浪）...
  📡 获取实时行情（新浪）...
  📡 获取实时行情（新浪）...
  📡 获取实时行情（新浪）...
  📡 获取实时行情（新浪）...
  📡 获取实时行情（新浪）...
  📡 获取实时行情（新浪）...
  📡 获取实时行情（新浪）...
  📡 获取实时行情（新浪）...
  📡 获取实时行情（新浪）...
  📡 获取实时行情（新浪）...
  📡 获取实时行情（新浪）...
  📡 获取实时行情（新浪）...
  📡 获取实时行情（新浪）...
  📡 获取实时行情（新浪）...
  📡 获取实时行情（新浪）...
  📡 获取实时行情（新浪）...
  📡 获取实时行情（新浪）...
  📡 获取实时行情（新浪）...
  📡 获取实时行情（新浪）...
  📡 获取实时行情（新浪）...
  📡 获取实时行情（新浪）...
  📡 获取实时行情（新浪）...
  📡 获取实时行情（新浪）...
  📡 获取实时行情（新浪）...
  📡 获取实时行情（新浪）...
  📡 获取实时行情（新浪）...
  📡 获取实时行情（新浪）...
  📡 获取实时行情（新浪）...
  📡 获取实时行情（新浪）...
  📡 获取实时行情（新浪）...
  📡 获取实时行情（新浪）...
  📡 获取实时行情（新浪）...
  📡 获取实时行情（新浪）...
  📡 获取实时行情（新浪）...
  📡 获取实时行情（新浪）...
  📡 获取实时行情（新浪）...
  📡 获取实时行情（新浪）...
  📡 获取实时行情（新浪）...
  📡 获取实时行情（新浪）...
  📡 获取实时行情（新浪）...
  📡 获取实时行情（新浪）...
  📡 获取实时行情（新浪）...
  📡 获取实时行情（新浪）...
  📡 获取实时行情（新浪）...
  📡 获取实时行情（新浪）...
  📡 获取实时行情（新浪）...
  📡 获取实时行情（新浪）...
  📡 获取实时行情（新浪）...
  📡 获取实时行情（新浪）...
  📡 获取实时行情（新浪）...
  📡 获取实时行情（新浪）...
  📡 获取实时行情（新浪）...
  📡 获取实时行情（新浪）...
  📡 获取实时行情（新浪）...
  📡 获取实时行情（新浪）...
  📡 获取实时行情（新浪）...
  📡 获取实时行情（新浪）...
  📡 获取实时行情（新浪）...
  📡 获取实时行情（新浪）...
  📡 获取实时行情（新浪）...
  📡 获取实时行情（新浪）...
  📡 获取实时行情（新浪）...
  📡 获取实时行情（新浪）...
  📡 获取实时行情（新浪）...
  📡 获取实时行情（新浪）...
  📡 获取实时行情（新浪）...
  📡 获取实时行情（新浪）...
  📡 获取实时行情（新浪）...
  📡 获取实时行情（新浪）...
  📡 获取实时行情（新浪）...
  📡 获取实时行情（新浪）...
  📡 获取实时行情（新浪）...
  📡 获取实时行情（新浪）...
  📡 获取实时行情（新浪）...
  📡 获取实时行情（新浪）...
  📡 获取实时行情（新浪）...
  📡 获取实时行情（新浪）...
  📡 获取实时行情（新浪）...
  📡 获取实时行情（新浪）...
  📡 获取实时行情（新浪）...
  📡 获取实时行情（新浪）...
  📡 获取实时行情（新浪）...
  📡 获取实时行情（新浪）...
  📡 获取实时行情（新浪）...
  📡 获取实时行情（新浪）...
  📡 获取实时行情（新浪）...
  📡 获取实时行情（新浪）...
  📡 获取实时行情（新浪）...
  📡 获取实时行情（新浪）...
  📡 获取实时行情（新浪）...
  📡 获取实时行情（新浪）...
  📡 获取实时行情（新浪）...
  📡 获取实时行情（新浪）...
  📡 获取实时行情（新浪）...
  📡 获取实时行情（新浪）...
  📡 获取实时行情（新浪）...
  📡 获取实时行情（新浪）...
  📡 获取实时行情（新浪）...
  📡 获取实时行情（新浪）...
  📡 获取实时行情（新浪）...
  📡 获取实时行情（新浪）...
  📡 获取实时行情（新浪）...
  📡 获取实时行情（新浪）...
  📡 获取实时行情（新浪）...
  📡 获取实时行情（新浪）...
  📡 获取实时行情（新浪）...
  📡 获取实时行情（新浪）...
  📡 获取实时行情（新浪）...
  📡 获取实时行情（新浪）...
  📡 获取实时行情（新浪）...
  📡 获取实时行情（新浪）...
  📡 获取实时行情（新浪）...
  📡 获取实时行情（新浪）...
  📡 获取实时行情（新浪）...
  📡 获取实时行情（新浪）...
  📡 获取实时行情（新浪）...
  📡 获取实时行情（新浪）...
  📡 获取实时行情（新浪）...
  📡 获取实时行情（新浪）...
  📡 获取实时行情（新浪）...
  📡 获取实时行情（新浪）...
  📡 获取实时行情（新浪）...
  📡 获取实时行情（新浪）...
  📡 获取实时行情（新浪）...
  📡 获取实时行情（新浪）...
  📡 获取实时行情（新浪）...
  📡 获取实时行情（新浪）...
  📡 获取实时行情（新浪）...
  📡 获取实时行情（新浪）...
  📡 获取实时行情（新浪）...
  📡 获取实时行情（新浪）...
  📡 获取实时行情（新浪）...
  📡 获取实时行情（新浪）...
  📡 获取实时行情（新浪）...
  📡 获取实时行情（新浪）...
  📡 获取实时行情（新浪）...
  📡 获取实时行情（新浪）...
  📡 获取实时行情（新浪）...
  📡 获取实时行情（新浪）...
  📡 获取实时行情（新浪）...
  📡 获取实时行情（新浪）...
  📡 获取实时行情（新浪）...
  📡 获取实时行情（新浪）...
  📡 获取实时行情（新浪）...
  📡 获取实时行情（新浪）...
  📡 获取实时行情（新浪）...
  📡 获取实时行情（新浪）...
  📡 获取实时行情（新浪）...
  📡 获取实时行情（新浪）...
  📡 获取实时行情（新浪）...
  📡 获取实时行情（新浪）...
  📡 获取实时行情（新浪）...
  📡 获取实时行情（新浪）...
  📡 获取实时行情（新浪）...
  📡 获取实时行情（新浪）...
  📡 获取实时行情（新浪）...
  📡 获取实时行情（新浪）...
  📡 获取实时行情（新浪）...
  📡 获取实时行情（新浪）...
  📡 获取实时行情（新浪）...
  📡 获取实时行情（新浪）...
  📡 获取实时行情（新浪）...
  📡 获取实时行情（新浪）...
  📡 获取实时行情（新浪）...
  📡 获取实时行情（新浪）...
  📡 获取实时行情（新浪）...
  📡 获取实时行情（新浪）...
  📡 获取实时行情（新浪）...
  📡 获取实时行情（新浪）...
  📡 获取实时行情（新浪）...
  📡 获取实时行情（新浪）...
  📡 获取实时行情（新浪）...
  📡 获取实时行情（新浪）...
  📡 获取实时行情（新浪）...
  📡 获取实时行情（新浪）...
  📡 获取实时行情（新浪）...
  📡 获取实时行情（新浪）...
  📡 获取实时行情（新浪）...
  📡 获取实时行情（新浪）...
  📡 获取实时行情（新浪）...
  📡 获取实时行情（新浪）...
  📡 获取实时行情（新浪）...
2026-05-29 17:21:53,877 [INFO] paper-strat: ♥ 心跳 | 策略 26 个 | tick 27
2026-05-29 17:22:08,878 [INFO] paper-strat: ♥ 心跳 | 策略 26 个 | tick 27
2026-05-29 17:22:23,879 [INFO] paper-strat: ♥ 心跳 | 策略 26 个 | tick 27
2026-05-29 17:22:38,880 [INFO] paper-strat: ♥ 心跳 | 策略 26 个 | tick 27
2026-05-29 17:22:53,881 [INFO] paper-strat: ♥ 心跳 | 策略 26 个 | tick 27
2026-05-29 17:23:08,881 [INFO] paper-strat: ♥ 心跳 | 策略 26 个 | tick 27
2026-05-29 17:23:23,882 [INFO] paper-strat: ♥ 心跳 | 策略 26 个 | tick 27
2026-05-29 17:23:38,883 [INFO] paper-strat: ♥ 心跳 | 策略 26 个 | tick 27
2026-05-29 17:23:53,884 [INFO] paper-strat: ♥ 心跳 | 策略 26 个 | tick 27
2026-05-29 17:24:08,884 [INFO] paper-strat: ♥ 心跳 | 策略 26 个 | tick 27
2026-05-29 17:24:23,885 [INFO] paper-strat: ♥ 心跳 | 策略 26 个 | tick 27
2026-05-29 17:24:38,886 [INFO] paper-strat: ♥ 心跳 | 策略 26 个 | tick 27
2026-05-29 17:24:53,888 [INFO] paper-strat: ♥ 心跳 | 策略 26 个 | tick 27
2026-05-29 17:25:08,889 [INFO] paper-strat: ♥ 心跳 | 策略 26 个 | tick 27
2026-05-29 17:25:23,890 [INFO] paper-strat: ♥ 心跳 | 策略 26 个 | tick 27
2026-05-29 17:25:38,891 [INFO] paper-strat: ♥ 心跳 | 策略 26 个 | tick 27
2026-05-29 17:25:53,893 [INFO] paper-strat: ♥ 心跳 | 策略 26 个 | tick 27
2026-05-29 17:26:08,894 [INFO] paper-strat: ♥ 心跳 | 策略 26 个 | tick 27
2026-05-29 17:26:23,895 [INFO] paper-strat: ♥ 心跳 | 策略 26 个 | tick 27
2026-05-29 17:26:38,897 [INFO] paper-strat: ♥ 心跳 | 策略 26 个 | tick 27
2026-05-29 17:26:53,898 [INFO] paper-strat: ♥ 心跳 | 策略 26 个 | tick 27
2026-05-29 17:27:08,899 [INFO] paper-strat: ♥ 心跳 | 策略 26 个 | tick 27
2026-05-29 17:27:23,900 [INFO] paper-strat: ♥ 心跳 | 策略 26 个 | tick 27
2026-05-29 17:27:38,901 [INFO] paper-strat: ♥ 心跳 | 策略 26 个 | tick 27
2026-05-29 17:27:53,901 [INFO] paper-strat: ♥ 心跳 | 策略 26 个 | tick 27
2026-05-29 17:28:08,903 [INFO] paper-strat: ♥ 心跳 | 策略 26 个 | tick 27
2026-05-29 17:28:23,903 [INFO] paper-strat: ♥ 心跳 | 策略 26 个 | tick 27
2026-05-29 17:28:38,904 [INFO] paper-strat: ♥ 心跳 | 策略 26 个 | tick 27
2026-05-29 17:28:53,905 [INFO] paper-strat: ♥ 心跳 | 策略 26 个 | tick 27
2026-05-29 17:29:08,906 [INFO] paper-strat: ♥ 心跳 | 策略 26 个 | tick 27
2026-05-29 17:29:23,907 [INFO] paper-strat: ♥ 心跳 | 策略 26 个 | tick 27
2026-05-29 17:29:38,908 [INFO] paper-strat: ♥ 心跳 | 策略 26 个 | tick 27
2026-05-29 17:29:53,909 [INFO] paper-strat: ♥ 心跳 | 策略 26 个 | tick 27
2026-05-29 17:30:08,910 [INFO] paper-strat: ♥ 心跳 | 策略 26 个 | tick 27
2026-05-29 17:30:23,911 [INFO] paper-strat: ♥ 心跳 | 策略 26 个 | tick 27
2026-05-29 17:30:38,912 [INFO] paper-strat: ♥ 心跳 | 策略 26 个 | tick 27
2026-05-29 17:30:53,913 [INFO] paper-strat: ♥ 心跳 | 策略 26 个 | tick 27
2026-05-29 17:31:08,914 [INFO] paper-strat: ♥ 心跳 | 策略 26 个 | tick 27
2026-05-29 17:31:23,914 [INFO] paper-strat: ♥ 心跳 | 策略 26 个 | tick 27
2026-05-29 17:31:38,916 [INFO] paper-strat: ♥ 心跳 | 策略 26 个 | tick 27
2026-05-29 17:31:53,917 [INFO] paper-strat: ♥ 心跳 | 策略 26 个 | tick 27
2026-05-29 17:32:08,918 [INFO] paper-strat: ♥ 心跳 | 策略 26 个 | tick 27
2026-05-29 17:32:23,919 [INFO] paper-strat: ♥ 心跳 | 策略 26 个 | tick 27
2026-05-29 17:32:38,920 [INFO] paper-strat: ♥ 心跳 | 策略 26 个 | tick 27
2026-05-29 17:32:53,920 [INFO] paper-strat: ♥ 心跳 | 策略 26 个 | tick 27
2026-05-29 17:33:08,921 [INFO] paper-strat: ♥ 心跳 | 策略 26 个 | tick 27
2026-05-29 17:33:23,921 [INFO] paper-strat: ♥ 心跳 | 策略 26 个 | tick 27
2026-05-29 17:33:38,922 [INFO] paper-strat: ♥ 心跳 | 策略 26 个 | tick 27
2026-05-29 17:33:53,923 [INFO] paper-strat: ♥ 心跳 | 策略 26 个 | tick 27
2026-05-29 17:34:08,924 [INFO] paper-strat: ♥ 心跳 | 策略 26 个 | tick 27
2026-05-29 17:34:23,924 [INFO] paper-strat: ♥ 心跳 | 策略 26 个 | tick 27
2026-05-29 17:34:38,925 [INFO] paper-strat: ♥ 心跳 | 策略 26 个 | tick 27
2026-05-29 17:34:53,926 [INFO] paper-strat: ♥ 心跳 | 策略 26 个 | tick 27
2026-05-29 17:35:08,927 [INFO] paper-strat: ♥ 心跳 | 策略 26 个 | tick 27
2026-05-29 17:35:23,929 [INFO] paper-strat: ♥ 心跳 | 策略 26 个 | tick 27
2026-05-29 17:35:38,929 [INFO] paper-strat: ♥ 心跳 | 策略 26 个 | tick 27
2026-05-29 17:35:53,931 [INFO] paper-strat: ♥ 心跳 | 策略 26 个 | tick 27
2026-05-29 17:36:08,931 [INFO] paper-strat: ♥ 心跳 | 策略 26 个 | tick 27
2026-05-29 17:36:23,932 [INFO] paper-strat: ♥ 心跳 | 策略 26 个 | tick 27
2026-05-29 17:36:38,933 [INFO] paper-strat: ♥ 心跳 | 策略 26 个 | tick 27
2026-05-29 17:36:53,934 [INFO] paper-strat: ♥ 心跳 | 策略 26 个 | tick 27
2026-05-29 17:37:08,935 [INFO] paper-strat: ♥ 心跳 | 策略 26 个 | tick 27
2026-05-29 17:37:23,936 [INFO] paper-strat: ♥ 心跳 | 策略 26 个 | tick 27
2026-05-29 17:37:38,938 [INFO] paper-strat: ♥ 心跳 | 策略 26 个 | tick 27
2026-05-29 17:37:53,939 [INFO] paper-strat: ♥ 心跳 | 策略 26 个 | tick 27
2026-05-29 17:38:08,939 [INFO] paper-strat: ♥ 心跳 | 策略 26 个 | tick 27
2026-05-29 17:38:23,941 [INFO] paper-strat: ♥ 心跳 | 策略 26 个 | tick 27
2026-05-29 17:38:38,941 [INFO] paper-strat: ♥ 心跳 | 策略 26 个 | tick 27
2026-05-29 17:38:53,943 [INFO] paper-strat: ♥ 心跳 | 策略 26 个 | tick 27
  📡 获取实时行情（新浪）...
  📡 获取实时行情（新浪）...
  📡 获取实时行情（新浪）...
  📡 获取实时行情（新浪）...
  📡 获取实时行情（新浪）...
  📡 获取实时行情（新浪）...
  📡 获取实时行情（新浪）...
  📡 获取实时行情（新浪）...
  📡 获取实时行情（新浪）...
  📡 获取实时行情（新浪）...
  📡 获取实时行情（新浪）...
  📡 获取实时行情（新浪）...
  📡 获取实时行情（新浪）...
  📡 获取实时行情（新浪）...
  📡 获取实时行情（新浪）...
  📡 获取实时行情（新浪）...
  📡 获取实时行情（新浪）...
  📡 获取实时行情（新浪）...
  📡 获取实时行情（新浪）...
  📡 获取实时行情（新浪）...
  📡 获取实时行情（新浪）...
  📡 获取实时行情（新浪）...
  📡 获取实时行情（新浪）...
  📡 获取实时行情（新浪）...
  📡 获取实时行情（新浪）...
  📡 获取实时行情（新浪）...
  📡 获取实时行情（新浪）...
  📡 获取实时行情（新浪）...
  📡 获取实时行情（新浪）...
  📡 获取实时行情（新浪）...
  📡 获取实时行情（新浪）...
  📡 获取实时行情（新浪）...
  📡 获取实时行情（新浪）...
  📡 获取实时行情（新浪）...
  📡 获取实时行情（新浪）...
  📡 获取实时行情（新浪）...
  📡 获取实时行情（新浪）...
  📡 获取实时行情（新浪）...
  📡 获取实时行情（新浪）...
  📡 获取实时行情（新浪）...
  📡 获取实时行情（新浪）...
  📡 获取实时行情（新浪）...
  📡 获取实时行情（新浪）...
  📡 获取实时行情（新浪）...
  📡 获取实时行情（新浪）...
  📡 获取实时行情（新浪）...
  📡 获取实时行情（新浪）...
  📡 获取实时行情（新浪）...
  📡 获取实时行情（新浪）...
  📡 获取实时行情（新浪）...
  📡 获取实时行情（新浪）...
  📡 获取实时行情（新浪）...
  📡 获取实时行情（新浪）...
  📡 获取实时行情（新浪）...
  📡 获取实时行情（新浪）...
  📡 获取实时行情（新浪）...
  📡 获取实时行情（新浪）...
  📡 获取实时行情（新浪）...
  📡 获取实时行情（新浪）...
  📡 获取实时行情（新浪）...
  📡 获取实时行情（新浪）...
  📡 获取实时行情（新浪）...
  📡 获取实时行情（新浪）...
  📡 获取实时行情（新浪）...
  📡 获取实时行情（新浪）...
  📡 获取实时行情（新浪）...
  📡 获取实时行情（新浪）...
  📡 获取实时行情（新浪）...
  📡 获取实时行情（新浪）...
  📡 获取实时行情（新浪）...
  📡 获取实时行情（新浪）...
  📡 获取实时行情（新浪）...
  📡 获取实时行情（新浪）...
  📡 获取实时行情（新浪）...
  📡 获取实时行情（新浪）...
  📡 获取实时行情（新浪）...
  📡 获取实时行情（新浪）...
  📡 获取实时行情（新浪）...
  📡 获取实时行情（新浪）...
  📡 获取实时行情（新浪）...
  📡 获取实时行情（新浪）...
  📡 获取实时行情（新浪）...
  📡 获取实时行情（新浪）...
  📡 获取实时行情（新浪）...
  📡 获取实时行情（新浪）...
  📡 获取实时行情（新浪）...
  📡 获取实时行情（新浪）...
  📡 获取实时行情（新浪）...
  📡 获取实时行情（新浪）...
  📡 获取实时行情（新浪）...
  📡 获取实时行情（新浪）...
  📡 获取实时行情（新浪）...
  📡 获取实时行情（新浪）...
  📡 获取实时行情（新浪）...
  📡 获取实时行情（新浪）...
  📡 获取实时行情（新浪）...
  📡 获取实时行情（新浪）...
  📡 获取实时行情（新浪）...
  📡 获取实时行情（新浪）...
  📡 获取实时行情（新浪）...
  📡 获取实时行情（新浪）...
  📡 获取实时行情（新浪）...
  📡 获取实时行情（新浪）...
  📡 获取实时行情（新浪）...
  📡 获取实时行情（新浪）...
  📡 获取实时行情（新浪）...
  📡 获取实时行情（新浪）...
  📡 获取实时行情（新浪）...
  📡 获取实时行情（新浪）...
  📡 获取实时行情（新浪）...
  📡 获取实时行情（新浪）...
  📡 获取实时行情（新浪）...
  📡 获取实时行情（新浪）...
  📡 获取实时行情（新浪）...
  📡 获取实时行情（新浪）...
  📡 获取实时行情（新浪）...
  📡 获取实时行情（新浪）...
  📡 获取实时行情（新浪）...
  📡 获取实时行情（新浪）...
  📡 获取实时行情（新浪）...
  📡 获取实时行情（新浪）...
  📡 获取实时行情（新浪）...
  📡 获取实时行情（新浪）...
  📡 获取实时行情（新浪）...
  📡 获取实时行情（新浪）...
  📡 获取实时行情（新浪）...
  📡 获取实时行情（新浪）...
  📡 获取实时行情（新浪）...
  📡 获取实时行情（新浪）...
  📡 获取实时行情（新浪）...
  📡 获取实时行情（新浪）...
  📡 获取实时行情（新浪）...
  📡 获取实时行情（新浪）...
  📡 获取实时行情（新浪）...
  📡 获取实时行情（新浪）...
  📡 获取实时行情（新浪）...
  📡 获取实时行情（新浪）...
  📡 获取实时行情（新浪）...
  📡 获取实时行情（新浪）...
  📡 获取实时行情（新浪）...
  📡 获取实时行情（新浪）...
  📡 获取实时行情（新浪）...
  📡 获取实时行情（新浪）...
  📡 获取实时行情（新浪）...
  📡 获取实时行情（新浪）...
  📡 获取实时行情（新浪）...
  📡 获取实时行情（新浪）...
  📡 获取实时行情（新浪）...
  📡 获取实时行情（新浪）...
  📡 获取实时行情（新浪）...
  📡 获取实时行情（新浪）...
  📡 获取实时行情（新浪）...
  📡 获取实时行情（新浪）...
  📡 获取实时行情（新浪）...
  📡 获取实时行情（新浪）...
  📡 获取实时行情（新浪）...
  📡 获取实时行情（新浪）...
  📡 获取实时行情（新浪）...
  📡 获取实时行情（新浪）...
  📡 获取实时行情（新浪）...
  📡 获取实时行情（新浪）...
  📡 获取实时行情（新浪）...
  📡 获取实时行情（新浪）...
  📡 获取实时行情（新浪）...
  📡 获取实时行情（新浪）...
  📡 获取实时行情（新浪）...
  📡 获取实时行情（新浪）...
  📡 获取实时行情（新浪）...
  📡 获取实时行情（新浪）...
  📡 获取实时行情（新浪）...
  📡 获取实时行情（新浪）...
  📡 获取实时行情（新浪）...
  📡 获取实时行情（新浪）...
  📡 获取实时行情（新浪）...
  📡 获取实时行情（新浪）...
  📡 获取实时行情（新浪）...
  📡 获取实时行情（新浪）...
  📡 获取实时行情（新浪）...
  📡 获取实时行情（新浪）...
  📡 获取实时行情（新浪）...
  📡 获取实时行情（新浪）...
  📡 获取实时行情（新浪）...
  📡 获取实时行情（新浪）...
  📡 获取实时行情（新浪）...
  📡 获取实时行情（新浪）...
  📡 获取实时行情（新浪）...
  📡 获取实时行情（新浪）...
  📡 获取实时行情（新浪）...
  📡 获取实时行情（新浪）...
  📡 获取实时行情（新浪）...
  📡 获取实时行情（新浪）...
  📡 获取实时行情（新浪）...
  📡 获取实时行情（新浪）...
  📡 获取实时行情（新浪）...
  📡 获取实时行情（新浪）...
2026-05-29 17:39:08,944 [INFO] paper-strat: ♥ 心跳 | 策略 26 个 | tick 27
2026-05-29 17:39:23,944 [INFO] paper-strat: ♥ 心跳 | 策略 26 个 | tick 27
2026-05-29 17:39:38,945 [INFO] paper-strat: ♥ 心跳 | 策略 26 个 | tick 27
2026-05-29 17:39:53,946 [INFO] paper-strat: ♥ 心跳 | 策略 26 个 | tick 27
2026-05-29 17:40:08,947 [INFO] paper-strat: ♥ 心跳 | 策略 26 个 | tick 27
2026-05-29 17:40:23,948 [INFO] paper-strat: ♥ 心跳 | 策略 26 个 | tick 27
2026-05-29 17:40:38,949 [INFO] paper-strat: ♥ 心跳 | 策略 26 个 | tick 27
2026-05-29 17:40:53,951 [INFO] paper-strat: ♥ 心跳 | 策略 26 个 | tick 27
2026-05-29 17:41:08,953 [INFO] paper-strat: ♥ 心跳 | 策略 26 个 | tick 27
2026-05-29 17:41:23,953 [INFO] paper-strat: ♥ 心跳 | 策略 26 个 | tick 27
2026-05-29 17:41:38,954 [INFO] paper-strat: ♥ 心跳 | 策略 26 个 | tick 27
2026-05-29 17:41:53,955 [INFO] paper-strat: ♥ 心跳 | 策略 26 个 | tick 27
2026-05-29 17:42:08,955 [INFO] paper-strat: ♥ 心跳 | 策略 26 个 | tick 27
2026-05-29 17:42:23,956 [INFO] paper-strat: ♥ 心跳 | 策略 26 个 | tick 27
2026-05-29 17:42:38,957 [INFO] paper-strat: ♥ 心跳 | 策略 26 个 | tick 27
2026-05-29 17:42:53,958 [INFO] paper-strat: ♥ 心跳 | 策略 26 个 | tick 27
2026-05-29 17:43:08,959 [INFO] paper-strat: ♥ 心跳 | 策略 26 个 | tick 27
2026-05-29 17:43:23,959 [INFO] paper-strat: ♥ 心跳 | 策略 26 个 | tick 27
2026-05-29 17:43:38,960 [INFO] paper-strat: ♥ 心跳 | 策略 26 个 | tick 27
2026-05-29 17:43:53,961 [INFO] paper-strat: ♥ 心跳 | 策略 26 个 | tick 27
2026-05-29 17:44:08,963 [INFO] paper-strat: ♥ 心跳 | 策略 26 个 | tick 27
2026-05-29 17:44:23,964 [INFO] paper-strat: ♥ 心跳 | 策略 26 个 | tick 27
2026-05-29 17:44:38,964 [INFO] paper-strat: ♥ 心跳 | 策略 26 个 | tick 27
2026-05-29 17:44:53,965 [INFO] paper-strat: ♥ 心跳 | 策略 26 个 | tick 27
2026-05-29 17:45:08,966 [INFO] paper-strat: ♥ 心跳 | 策略 26 个 | tick 27
2026-05-29 17:45:23,967 [INFO] paper-strat: ♥ 心跳 | 策略 26 个 | tick 27
2026-05-29 17:45:38,967 [INFO] paper-strat: ♥ 心跳 | 策略 26 个 | tick 27
2026-05-29 17:45:53,968 [INFO] paper-strat: ♥ 心跳 | 策略 26 个 | tick 27
2026-05-29 17:46:08,970 [INFO] paper-strat: ♥ 心跳 | 策略 26 个 | tick 27
2026-05-29 17:46:23,970 [INFO] paper-strat: ♥ 心跳 | 策略 26 个 | tick 27
2026-05-29 17:46:38,971 [INFO] paper-strat: ♥ 心跳 | 策略 26 个 | tick 27
2026-05-29 17:46:53,971 [INFO] paper-strat: ♥ 心跳 | 策略 26 个 | tick 27
2026-05-29 17:47:08,972 [INFO] paper-strat: ♥ 心跳 | 策略 26 个 | tick 27
2026-05-29 17:47:23,973 [INFO] paper-strat: ♥ 心跳 | 策略 26 个 | tick 27
2026-05-29 17:47:38,974 [INFO] paper-strat: ♥ 心跳 | 策略 26 个 | tick 27
2026-05-29 17:47:53,974 [INFO] paper-strat: ♥ 心跳 | 策略 26 个 | tick 27
2026-05-29 17:48:08,975 [INFO] paper-strat: ♥ 心跳 | 策略 26 个 | tick 27
2026-05-29 17:48:23,976 [INFO] paper-strat: ♥ 心跳 | 策略 26 个 | tick 27
2026-05-29 17:48:38,976 [INFO] paper-strat: ♥ 心跳 | 策略 26 个 | tick 27
2026-05-29 17:48:53,977 [INFO] paper-strat: ♥ 心跳 | 策略 26 个 | tick 27
2026-05-29 17:49:08,980 [INFO] paper-strat: ♥ 心跳 | 策略 26 个 | tick 27
2026-05-29 17:49:23,981 [INFO] paper-strat: ♥ 心跳 | 策略 26 个 | tick 27
2026-05-29 17:49:38,982 [INFO] paper-strat: ♥ 心跳 | 策略 26 个 | tick 27
2026-05-29 17:49:53,983 [INFO] paper-strat: ♥ 心跳 | 策略 26 个 | tick 27
2026-05-29 17:50:08,984 [INFO] paper-strat: ♥ 心跳 | 策略 26 个 | tick 27
2026-05-29 17:50:23,985 [INFO] paper-strat: ♥ 心跳 | 策略 26 个 | tick 27
2026-05-29 17:50:38,986 [INFO] paper-strat: ♥ 心跳 | 策略 26 个 | tick 27
2026-05-29 17:50:53,987 [INFO] paper-strat: ♥ 心跳 | 策略 26 个 | tick 27
2026-05-29 17:51:08,987 [INFO] paper-strat: ♥ 心跳 | 策略 26 个 | tick 27
2026-05-29 17:51:23,989 [INFO] paper-strat: ♥ 心跳 | 策略 26 个 | tick 27
2026-05-29 17:51:38,990 [INFO] paper-strat: ♥ 心跳 | 策略 26 个 | tick 27
2026-05-29 17:51:53,991 [INFO] paper-strat: ♥ 心跳 | 策略 26 个 | tick 27
2026-05-29 17:52:08,992 [INFO] paper-strat: ♥ 心跳 | 策略 26 个 | tick 27
2026-05-29 17:52:23,993 [INFO] paper-strat: ♥ 心跳 | 策略 26 个 | tick 27
2026-05-29 17:52:38,994 [INFO] paper-strat: ♥ 心跳 | 策略 26 个 | tick 27
2026-05-29 17:52:53,994 [INFO] paper-strat: ♥ 心跳 | 策略 26 个 | tick 27
2026-05-29 17:53:08,995 [INFO] paper-strat: ♥ 心跳 | 策略 26 个 | tick 27
2026-05-29 17:53:23,997 [INFO] paper-strat: ♥ 心跳 | 策略 26 个 | tick 27
2026-05-29 17:53:38,998 [INFO] paper-strat: ♥ 心跳 | 策略 26 个 | tick 27
2026-05-29 17:53:53,999 [INFO] paper-strat: ♥ 心跳 | 策略 26 个 | tick 27
2026-05-29 17:54:09,000 [INFO] paper-strat: ♥ 心跳 | 策略 26 个 | tick 27
2026-05-29 17:54:24,001 [INFO] paper-strat: ♥ 心跳 | 策略 26 个 | tick 27
2026-05-29 17:54:39,001 [INFO] paper-strat: ♥ 心跳 | 策略 26 个 | tick 27
2026-05-29 17:54:54,002 [INFO] paper-strat: ♥ 心跳 | 策略 26 个 | tick 27
2026-05-29 17:55:09,003 [INFO] paper-strat: ♥ 心跳 | 策略 26 个 | tick 27
2026-05-29 17:55:24,004 [INFO] paper-strat: ♥ 心跳 | 策略 26 个 | tick 27
2026-05-29 17:55:39,006 [INFO] paper-strat: ♥ 心跳 | 策略 26 个 | tick 27
2026-05-29 17:55:54,007 [INFO] paper-strat: ♥ 心跳 | 策略 26 个 | tick 27
  📡 获取实时行情（新浪）...
  📡 获取实时行情（新浪）...
  📡 获取实时行情（新浪）...
  📡 获取实时行情（新浪）...
  📡 获取实时行情（新浪）...
  📡 获取实时行情（新浪）...
  📡 获取实时行情（新浪）...
  📡 获取实时行情（新浪）...
  📡 获取实时行情（新浪）...
  📡 获取实时行情（新浪）...
  📡 获取实时行情（新浪）...
  📡 获取实时行情（新浪）...
  📡 获取实时行情（新浪）...
  📡 获取实时行情（新浪）...
  📡 获取实时行情（新浪）...
  📡 获取实时行情（新浪）...
  📡 获取实时行情（新浪）...
  📡 获取实时行情（新浪）...
  📡 获取实时行情（新浪）...
  📡 获取实时行情（新浪）...
  📡 获取实时行情（新浪）...
  📡 获取实时行情（新浪）...
  📡 获取实时行情（新浪）...
  📡 获取实时行情（新浪）...
  📡 获取实时行情（新浪）...
  📡 获取实时行情（新浪）...
  📡 获取实时行情（新浪）...
  📡 获取实时行情（新浪）...
  📡 获取实时行情（新浪）...
  📡 获取实时行情（新浪）...
  📡 获取实时行情（新浪）...
  📡 获取实时行情（新浪）...
  📡 获取实时行情（新浪）...
  📡 获取实时行情（新浪）...
  📡 获取实时行情（新浪）...
  📡 获取实时行情（新浪）...
  📡 获取实时行情（新浪）...
  📡 获取实时行情（新浪）...
  📡 获取实时行情（新浪）...
  📡 获取实时行情（新浪）...
  📡 获取实时行情（新浪）...
  📡 获取实时行情（新浪）...
  📡 获取实时行情（新浪）...
  📡 获取实时行情（新浪）...
  📡 获取实时行情（新浪）...
  📡 获取实时行情（新浪）...
  📡 获取实时行情（新浪）...
  📡 获取实时行情（新浪）...
  📡 获取实时行情（新浪）...
  📡 获取实时行情（新浪）...
  📡 获取实时行情（新浪）...
  📡 获取实时行情（新浪）...
  📡 获取实时行情（新浪）...
  📡 获取实时行情（新浪）...
  📡 获取实时行情（新浪）...
  📡 获取实时行情（新浪）...
  📡 获取实时行情（新浪）...
  📡 获取实时行情（新浪）...
  📡 获取实时行情（新浪）...
  📡 获取实时行情（新浪）...
  📡 获取实时行情（新浪）...
  📡 获取实时行情（新浪）...
  📡 获取实时行情（新浪）...
  📡 获取实时行情（新浪）...
  📡 获取实时行情（新浪）...
  📡 获取实时行情（新浪）...
  📡 获取实时行情（新浪）...
  📡 获取实时行情（新浪）...
  📡 获取实时行情（新浪）...
  📡 获取实时行情（新浪）...
  📡 获取实时行情（新浪）...
  📡 获取实时行情（新浪）...
  📡 获取实时行情（新浪）...
  📡 获取实时行情（新浪）...
  📡 获取实时行情（新浪）...
  📡 获取实时行情（新浪）...
  📡 获取实时行情（新浪）...
  📡 获取实时行情（新浪）...
  📡 获取实时行情（新浪）...
  📡 获取实时行情（新浪）...
  📡 获取实时行情（新浪）...
  📡 获取实时行情（新浪）...
  📡 获取实时行情（新浪）...
  📡 获取实时行情（新浪）...
  📡 获取实时行情（新浪）...
  📡 获取实时行情（新浪）...
  📡 获取实时行情（新浪）...
  📡 获取实时行情（新浪）...
  📡 获取实时行情（新浪）...
  📡 获取实时行情（新浪）...
  📡 获取实时行情（新浪）...
  📡 获取实时行情（新浪）...
  📡 获取实时行情（新浪）...
  📡 获取实时行情（新浪）...
  📡 获取实时行情（新浪）...
  📡 获取实时行情（新浪）...
  📡 获取实时行情（新浪）...
  📡 获取实时行情（新浪）...
  📡 获取实时行情（新浪）...
  📡 获取实时行情（新浪）...
  📡 获取实时行情（新浪）...
  📡 获取实时行情（新浪）...
  📡 获取实时行情（新浪）...
  📡 获取实时行情（新浪）...
  📡 获取实时行情（新浪）...
  📡 获取实时行情（新浪）...
  📡 获取实时行情（新浪）...
  📡 获取实时行情（新浪）...
  📡 获取实时行情（新浪）...
  📡 获取实时行情（新浪）...
  📡 获取实时行情（新浪）...
  📡 获取实时行情（新浪）...
  📡 获取实时行情（新浪）...
  📡 获取实时行情（新浪）...
  📡 获取实时行情（新浪）...
  📡 获取实时行情（新浪）...
  📡 获取实时行情（新浪）...
  📡 获取实时行情（新浪）...
  📡 获取实时行情（新浪）...
  📡 获取实时行情（新浪）...
  📡 获取实时行情（新浪）...
  📡 获取实时行情（新浪）...
  📡 获取实时行情（新浪）...
  📡 获取实时行情（新浪）...
  📡 获取实时行情（新浪）...
  📡 获取实时行情（新浪）...
  📡 获取实时行情（新浪）...
  📡 获取实时行情（新浪）...
  📡 获取实时行情（新浪）...
  📡 获取实时行情（新浪）...
  📡 获取实时行情（新浪）...
  📡 获取实时行情（新浪）...
  📡 获取实时行情（新浪）...
  📡 获取实时行情（新浪）...
  📡 获取实时行情（新浪）...
  📡 获取实时行情（新浪）...
  📡 获取实时行情（新浪）...
  📡 获取实时行情（新浪）...
  📡 获取实时行情（新浪）...
  📡 获取实时行情（新浪）...
  📡 获取实时行情（新浪）...
  📡 获取实时行情（新浪）...
  📡 获取实时行情（新浪）...
  📡 获取实时行情（新浪）...
  📡 获取实时行情（新浪）...
  📡 获取实时行情（新浪）...
  📡 获取实时行情（新浪）...
  📡 获取实时行情（新浪）...
  📡 获取实时行情（新浪）...
  📡 获取实时行情（新浪）...
  📡 获取实时行情（新浪）...
  📡 获取实时行情（新浪）...
  📡 获取实时行情（新浪）...
  📡 获取实时行情（新浪）...
  📡 获取实时行情（新浪）...
  📡 获取实时行情（新浪）...
  📡 获取实时行情（新浪）...
  📡 获取实时行情（新浪）...
  📡 获取实时行情（新浪）...
  📡 获取实时行情（新浪）...
  📡 获取实时行情（新浪）...
  📡 获取实时行情（新浪）...
  📡 获取实时行情（新浪）...
  📡 获取实时行情（新浪）...
  📡 获取实时行情（新浪）...
  📡 获取实时行情（新浪）...
  📡 获取实时行情（新浪）...
  📡 获取实时行情（新浪）...
  📡 获取实时行情（新浪）...
  📡 获取实时行情（新浪）...
  📡 获取实时行情（新浪）...
  📡 获取实时行情（新浪）...
  📡 获取实时行情（新浪）...
  📡 获取实时行情（新浪）...
  📡 获取实时行情（新浪）...
  📡 获取实时行情（新浪）...
  📡 获取实时行情（新浪）...
  📡 获取实时行情（新浪）...
  📡 获取实时行情（新浪）...
  📡 获取实时行情（新浪）...
  📡 获取实时行情（新浪）...
  📡 获取实时行情（新浪）...
  📡 获取实时行情（新浪）...
  📡 获取实时行情（新浪）...
  📡 获取实时行情（新浪）...
  📡 获取实时行情（新浪）...
  📡 获取实时行情（新浪）...
  📡 获取实时行情（新浪）...
  📡 获取实时行情（新浪）...
  📡 获取实时行情（新浪）...
  📡 获取实时行情（新浪）...
  📡 获取实时行情（新浪）...
  📡 获取实时行情（新浪）...
  📡 获取实时行情（新浪）...
  📡 获取实时行情（新浪）...
2026-05-29 17:56:09,008 [INFO] paper-strat: ♥ 心跳 | 策略 26 个 | tick 27
2026-05-29 17:56:24,009 [INFO] paper-strat: ♥ 心跳 | 策略 26 个 | tick 27
2026-05-29 17:56:39,010 [INFO] paper-strat: ♥ 心跳 | 策略 26 个 | tick 27
2026-05-29 17:56:54,011 [INFO] paper-strat: ♥ 心跳 | 策略 26 个 | tick 27
2026-05-29 17:57:09,011 [INFO] paper-strat: ♥ 心跳 | 策略 26 个 | tick 27
2026-05-29 17:57:24,012 [INFO] paper-strat: ♥ 心跳 | 策略 26 个 | tick 27
2026-05-29 17:57:39,013 [INFO] paper-strat: ♥ 心跳 | 策略 26 个 | tick 27
2026-05-29 17:57:54,015 [INFO] paper-strat: ♥ 心跳 | 策略 26 个 | tick 27
2026-05-29 17:58:09,015 [INFO] paper-strat: ♥ 心跳 | 策略 26 个 | tick 27
2026-05-29 17:58:24,017 [INFO] paper-strat: ♥ 心跳 | 策略 26 个 | tick 27
2026-05-29 17:58:39,018 [INFO] paper-strat: ♥ 心跳 | 策略 26 个 | tick 27
2026-05-29 17:58:54,020 [INFO] paper-strat: ♥ 心跳 | 策略 26 个 | tick 27
2026-05-29 17:59:09,021 [INFO] paper-strat: ♥ 心跳 | 策略 26 个 | tick 27
2026-05-29 17:59:24,022 [INFO] paper-strat: ♥ 心跳 | 策略 26 个 | tick 27
2026-05-29 17:59:39,024 [INFO] paper-strat: ♥ 心跳 | 策略 26 个 | tick 27
2026-05-29 17:59:54,024 [INFO] paper-strat: ♥ 心跳 | 策略 26 个 | tick 27
2026-05-29 18:00:09,026 [INFO] paper-strat: ♥ 心跳 | 策略 26 个 | tick 27
2026-05-29 18:00:24,027 [INFO] paper-strat: ♥ 心跳 | 策略 26 个 | tick 27
2026-05-29 18:00:39,028 [INFO] paper-strat: ♥ 心跳 | 策略 26 个 | tick 27
2026-05-29 18:00:54,029 [INFO] paper-strat: ♥ 心跳 | 策略 26 个 | tick 27
2026-05-29 18:01:09,029 [INFO] paper-strat: ♥ 心跳 | 策略 26 个 | tick 27
2026-05-29 18:01:24,030 [INFO] paper-strat: ♥ 心跳 | 策略 26 个 | tick 27
2026-05-29 18:01:39,031 [INFO] paper-strat: ♥ 心跳 | 策略 26 个 | tick 27
2026-05-29 18:01:54,032 [INFO] paper-strat: ♥ 心跳 | 策略 26 个 | tick 27
2026-05-29 18:02:09,033 [INFO] paper-strat: ♥ 心跳 | 策略 26 个 | tick 27
2026-05-29 18:02:24,033 [INFO] paper-strat: ♥ 心跳 | 策略 26 个 | tick 27
2026-05-29 18:02:39,035 [INFO] paper-strat: ♥ 心跳 | 策略 26 个 | tick 27
2026-05-29 18:02:54,036 [INFO] paper-strat: ♥ 心跳 | 策略 26 个 | tick 27
2026-05-29 18:03:09,037 [INFO] paper-strat: ♥ 心跳 | 策略 26 个 | tick 27
2026-05-29 18:03:24,038 [INFO] paper-strat: ♥ 心跳 | 策略 26 个 | tick 27
2026-05-29 18:03:39,039 [INFO] paper-strat: ♥ 心跳 | 策略 26 个 | tick 27
2026-05-29 18:03:54,041 [INFO] paper-strat: ♥ 心跳 | 策略 26 个 | tick 27
2026-05-29 18:04:09,042 [INFO] paper-strat: ♥ 心跳 | 策略 26 个 | tick 27
2026-05-29 18:04:24,043 [INFO] paper-strat: ♥ 心跳 | 策略 26 个 | tick 27
2026-05-29 18:04:39,044 [INFO] paper-strat: ♥ 心跳 | 策略 26 个 | tick 27
2026-05-29 18:04:54,045 [INFO] paper-strat: ♥ 心跳 | 策略 26 个 | tick 27
2026-05-29 18:05:09,046 [INFO] paper-strat: ♥ 心跳 | 策略 26 个 | tick 27
2026-05-29 18:05:24,047 [INFO] paper-strat: ♥ 心跳 | 策略 26 个 | tick 27
2026-05-29 18:05:39,048 [INFO] paper-strat: ♥ 心跳 | 策略 26 个 | tick 27
2026-05-29 18:05:54,049 [INFO] paper-strat: ♥ 心跳 | 策略 26 个 | tick 27
2026-05-29 18:06:09,050 [INFO] paper-strat: ♥ 心跳 | 策略 26 个 | tick 27
2026-05-29 18:06:24,051 [INFO] paper-strat: ♥ 心跳 | 策略 26 个 | tick 27
2026-05-29 18:06:39,051 [INFO] paper-strat: ♥ 心跳 | 策略 26 个 | tick 27
2026-05-29 18:06:54,052 [INFO] paper-strat: ♥ 心跳 | 策略 26 个 | tick 27
2026-05-29 18:07:09,054 [INFO] paper-strat: ♥ 心跳 | 策略 26 个 | tick 27
2026-05-29 18:07:24,055 [INFO] paper-strat: ♥ 心跳 | 策略 26 个 | tick 27
2026-05-29 18:07:39,056 [INFO] paper-strat: ♥ 心跳 | 策略 26 个 | tick 27
2026-05-29 18:07:54,056 [INFO] paper-strat: ♥ 心跳 | 策略 26 个 | tick 27
2026-05-29 18:08:09,057 [INFO] paper-strat: ♥ 心跳 | 策略 26 个 | tick 27
2026-05-29 18:08:24,058 [INFO] paper-strat: ♥ 心跳 | 策略 26 个 | tick 27
2026-05-29 18:08:39,060 [INFO] paper-strat: ♥ 心跳 | 策略 26 个 | tick 27
2026-05-29 18:08:54,061 [INFO] paper-strat: ♥ 心跳 | 策略 26 个 | tick 27
2026-05-29 18:09:09,063 [INFO] paper-strat: ♥ 心跳 | 策略 26 个 | tick 27
2026-05-29 18:09:24,064 [INFO] paper-strat: ♥ 心跳 | 策略 26 个 | tick 27
2026-05-29 18:09:39,066 [INFO] paper-strat: ♥ 心跳 | 策略 26 个 | tick 27
2026-05-29 18:09:54,066 [INFO] paper-strat: ♥ 心跳 | 策略 26 个 | tick 27
2026-05-29 18:10:09,067 [INFO] paper-strat: ♥ 心跳 | 策略 26 个 | tick 27
2026-05-29 18:10:24,068 [INFO] paper-strat: ♥ 心跳 | 策略 26 个 | tick 27
2026-05-29 18:10:39,068 [INFO] paper-strat: ♥ 心跳 | 策略 26 个 | tick 27
2026-05-29 18:10:54,069 [INFO] paper-strat: ♥ 心跳 | 策略 26 个 | tick 27
2026-05-29 18:11:09,070 [INFO] paper-strat: ♥ 心跳 | 策略 26 个 | tick 27
2026-05-29 18:11:24,071 [INFO] paper-strat: ♥ 心跳 | 策略 26 个 | tick 27
2026-05-29 18:11:39,072 [INFO] paper-strat: ♥ 心跳 | 策略 26 个 | tick 27
2026-05-29 18:11:54,073 [INFO] paper-strat: ♥ 心跳 | 策略 26 个 | tick 27
2026-05-29 18:12:09,074 [INFO] paper-strat: ♥ 心跳 | 策略 26 个 | tick 27
2026-05-29 18:12:24,074 [INFO] paper-strat: ♥ 心跳 | 策略 26 个 | tick 27
2026-05-29 18:12:39,076 [INFO] paper-strat: ♥ 心跳 | 策略 26 个 | tick 27
2026-05-29 18:12:54,076 [INFO] paper-strat: ♥ 心跳 | 策略 26 个 | tick 27
  📡 获取实时行情（新浪）...
  📡 获取实时行情（新浪）...
  📡 获取实时行情（新浪）...
  📡 获取实时行情（新浪）...
  📡 获取实时行情（新浪）...
  📡 获取实时行情（新浪）...
  📡 获取实时行情（新浪）...
  📡 获取实时行情（新浪）...
  📡 获取实时行情（新浪）...
  📡 获取实时行情（新浪）...
  📡 获取实时行情（新浪）...
  📡 获取实时行情（新浪）...
  📡 获取实时行情（新浪）...
  📡 获取实时行情（新浪）...
  📡 获取实时行情（新浪）...
  📡 获取实时行情（新浪）...
  📡 获取实时行情（新浪）...
  📡 获取实时行情（新浪）...
  📡 获取实时行情（新浪）...
  📡 获取实时行情（新浪）...
  📡 获取实时行情（新浪）...
  📡 获取实时行情（新浪）...
  📡 获取实时行情（新浪）...
  📡 获取实时行情（新浪）...
  📡 获取实时行情（新浪）...
  📡 获取实时行情（新浪）...
  📡 获取实时行情（新浪）...
  📡 获取实时行情（新浪）...
  📡 获取实时行情（新浪）...
  📡 获取实时行情（新浪）...
  📡 获取实时行情（新浪）...
  📡 获取实时行情（新浪）...
  📡 获取实时行情（新浪）...
  📡 获取实时行情（新浪）...
  📡 获取实时行情（新浪）...
  📡 获取实时行情（新浪）...
  📡 获取实时行情（新浪）...
  📡 获取实时行情（新浪）...
  📡 获取实时行情（新浪）...
  📡 获取实时行情（新浪）...
  📡 获取实时行情（新浪）...
  📡 获取实时行情（新浪）...
  📡 获取实时行情（新浪）...
  📡 获取实时行情（新浪）...
  📡 获取实时行情（新浪）...
  📡 获取实时行情（新浪）...
  📡 获取实时行情（新浪）...
  📡 获取实时行情（新浪）...
  📡 获取实时行情（新浪）...
  📡 获取实时行情（新浪）...
  📡 获取实时行情（新浪）...
  📡 获取实时行情（新浪）...
  📡 获取实时行情（新浪）...
  📡 获取实时行情（新浪）...
  📡 获取实时行情（新浪）...
  📡 获取实时行情（新浪）...
  📡 获取实时行情（新浪）...
  📡 获取实时行情（新浪）...
  📡 获取实时行情（新浪）...
  📡 获取实时行情（新浪）...
  📡 获取实时行情（新浪）...
  📡 获取实时行情（新浪）...
  📡 获取实时行情（新浪）...
  📡 获取实时行情（新浪）...
  📡 获取实时行情（新浪）...
  📡 获取实时行情（新浪）...
  📡 获取实时行情（新浪）...
  📡 获取实时行情（新浪）...
  📡 获取实时行情（新浪）...
  📡 获取实时行情（新浪）...
  📡 获取实时行情（新浪）...
  📡 获取实时行情（新浪）...
  📡 获取实时行情（新浪）...
  📡 获取实时行情（新浪）...
  📡 获取实时行情（新浪）...
  📡 获取实时行情（新浪）...
  📡 获取实时行情（新浪）...
  📡 获取实时行情（新浪）...
  📡 获取实时行情（新浪）...
  📡 获取实时行情（新浪）...
  📡 获取实时行情（新浪）...
  📡 获取实时行情（新浪）...
  📡 获取实时行情（新浪）...
  📡 获取实时行情（新浪）...
  📡 获取实时行情（新浪）...
  📡 获取实时行情（新浪）...
  📡 获取实时行情（新浪）...
  📡 获取实时行情（新浪）...
  📡 获取实时行情（新浪）...
  📡 获取实时行情（新浪）...
  📡 获取实时行情（新浪）...
  📡 获取实时行情（新浪）...
  📡 获取实时行情（新浪）...
  📡 获取实时行情（新浪）...
  📡 获取实时行情（新浪）...
  📡 获取实时行情（新浪）...
  📡 获取实时行情（新浪）...
  📡 获取实时行情（新浪）...
  📡 获取实时行情（新浪）...
  📡 获取实时行情（新浪）...
  📡 获取实时行情（新浪）...
  📡 获取实时行情（新浪）...
  📡 获取实时行情（新浪）...
  📡 获取实时行情（新浪）...
  📡 获取实时行情（新浪）...
  📡 获取实时行情（新浪）...
  📡 获取实时行情（新浪）...
  📡 获取实时行情（新浪）...
  📡 获取实时行情（新浪）...
  📡 获取实时行情（新浪）...
  📡 获取实时行情（新浪）...
  📡 获取实时行情（新浪）...
  📡 获取实时行情（新浪）...
  📡 获取实时行情（新浪）...
  📡 获取实时行情（新浪）...
  📡 获取实时行情（新浪）...
  📡 获取实时行情（新浪）...
  📡 获取实时行情（新浪）...
  📡 获取实时行情（新浪）...
  📡 获取实时行情（新浪）...
  📡 获取实时行情（新浪）...
  📡 获取实时行情（新浪）...
  📡 获取实时行情（新浪）...
  📡 获取实时行情（新浪）...
  📡 获取实时行情（新浪）...
  📡 获取实时行情（新浪）...
  📡 获取实时行情（新浪）...
  📡 获取实时行情（新浪）...
  📡 获取实时行情（新浪）...
  📡 获取实时行情（新浪）...
  📡 获取实时行情（新浪）...
  📡 获取实时行情（新浪）...
  📡 获取实时行情（新浪）...
  📡 获取实时行情（新浪）...
  📡 获取实时行情（新浪）...
  📡 获取实时行情（新浪）...
  📡 获取实时行情（新浪）...
  📡 获取实时行情（新浪）...
  📡 获取实时行情（新浪）...
  📡 获取实时行情（新浪）...
  📡 获取实时行情（新浪）...
  📡 获取实时行情（新浪）...
  📡 获取实时行情（新浪）...
  📡 获取实时行情（新浪）...
  📡 获取实时行情（新浪）...
  📡 获取实时行情（新浪）...
  📡 获取实时行情（新浪）...
  📡 获取实时行情（新浪）...
  📡 获取实时行情（新浪）...
  📡 获取实时行情（新浪）...
  📡 获取实时行情（新浪）...
  📡 获取实时行情（新浪）...
  📡 获取实时行情（新浪）...
  📡 获取实时行情（新浪）...
  📡 获取实时行情（新浪）...
  📡 获取实时行情（新浪）...
  📡 获取实时行情（新浪）...
  📡 获取实时行情（新浪）...
  📡 获取实时行情（新浪）...
  📡 获取实时行情（新浪）...
  📡 获取实时行情（新浪）...
  📡 获取实时行情（新浪）...
  📡 获取实时行情（新浪）...
  📡 获取实时行情（新浪）...
  📡 获取实时行情（新浪）...
  📡 获取实时行情（新浪）...
  📡 获取实时行情（新浪）...
  📡 获取实时行情（新浪）...
  📡 获取实时行情（新浪）...
  📡 获取实时行情（新浪）...
  📡 获取实时行情（新浪）...
  📡 获取实时行情（新浪）...
  📡 获取实时行情（新浪）...
  📡 获取实时行情（新浪）...
  📡 获取实时行情（新浪）...
  📡 获取实时行情（新浪）...
  📡 获取实时行情（新浪）...
  📡 获取实时行情（新浪）...
  📡 获取实时行情（新浪）...
  📡 获取实时行情（新浪）...
  📡 获取实时行情（新浪）...
  📡 获取实时行情（新浪）...
  📡 获取实时行情（新浪）...
  📡 获取实时行情（新浪）...
  📡 获取实时行情（新浪）...
  📡 获取实时行情（新浪）...
  📡 获取实时行情（新浪）...
  📡 获取实时行情（新浪）...
  📡 获取实时行情（新浪）...
  📡 获取实时行情（新浪）...
  📡 获取实时行情（新浪）...
  📡 获取实时行情（新浪）...
  📡 获取实时行情（新浪）...
  📡 获取实时行情（新浪）...
  📡 获取实时行情（新浪）...
2026-05-29 18:13:09,077 [INFO] paper-strat: ♥ 心跳 | 策略 26 个 | tick 27
2026-05-29 18:13:24,078 [INFO] paper-strat: ♥ 心跳 | 策略 26 个 | tick 27
2026-05-29 18:13:39,079 [INFO] paper-strat: ♥ 心跳 | 策略 26 个 | tick 27
2026-05-29 18:13:54,080 [INFO] paper-strat: ♥ 心跳 | 策略 26 个 | tick 27
2026-05-29 18:14:09,081 [INFO] paper-strat: ♥ 心跳 | 策略 26 个 | tick 27
2026-05-29 18:14:24,082 [INFO] paper-strat: ♥ 心跳 | 策略 26 个 | tick 27
2026-05-29 18:14:39,083 [INFO] paper-strat: ♥ 心跳 | 策略 26 个 | tick 27
2026-05-29 18:14:54,084 [INFO] paper-strat: ♥ 心跳 | 策略 26 个 | tick 27
2026-05-29 18:15:09,085 [INFO] paper-strat: ♥ 心跳 | 策略 26 个 | tick 27
2026-05-29 18:15:24,086 [INFO] paper-strat: ♥ 心跳 | 策略 26 个 | tick 27
2026-05-29 18:15:39,087 [INFO] paper-strat: ♥ 心跳 | 策略 26 个 | tick 27
2026-05-29 18:15:54,088 [INFO] paper-strat: ♥ 心跳 | 策略 26 个 | tick 27
2026-05-29 18:16:09,089 [INFO] paper-strat: ♥ 心跳 | 策略 26 个 | tick 27
2026-05-29 18:16:24,090 [INFO] paper-strat: ♥ 心跳 | 策略 26 个 | tick 27
2026-05-29 18:16:39,091 [INFO] paper-strat: ♥ 心跳 | 策略 26 个 | tick 27
2026-05-29 18:16:54,095 [INFO] paper-strat: ♥ 心跳 | 策略 26 个 | tick 27
2026-05-29 18:17:09,097 [INFO] paper-strat: ♥ 心跳 | 策略 26 个 | tick 27
2026-05-29 18:17:24,097 [INFO] paper-strat: ♥ 心跳 | 策略 26 个 | tick 27
2026-05-29 18:17:39,098 [INFO] paper-strat: ♥ 心跳 | 策略 26 个 | tick 27
2026-05-29 18:17:54,099 [INFO] paper-strat: ♥ 心跳 | 策略 26 个 | tick 27
2026-05-29 18:18:09,099 [INFO] paper-strat: ♥ 心跳 | 策略 26 个 | tick 27
2026-05-29 18:18:24,101 [INFO] paper-strat: ♥ 心跳 | 策略 26 个 | tick 27
2026-05-29 18:18:39,101 [INFO] paper-strat: ♥ 心跳 | 策略 26 个 | tick 27
2026-05-29 18:18:54,102 [INFO] paper-strat: ♥ 心跳 | 策略 26 个 | tick 27
2026-05-29 18:19:09,103 [INFO] paper-strat: ♥ 心跳 | 策略 26 个 | tick 27
2026-05-29 18:19:24,104 [INFO] paper-strat: ♥ 心跳 | 策略 26 个 | tick 27
2026-05-29 18:19:39,104 [INFO] paper-strat: ♥ 心跳 | 策略 26 个 | tick 27
2026-05-29 18:19:54,105 [INFO] paper-strat: ♥ 心跳 | 策略 26 个 | tick 27
2026-05-29 18:20:09,106 [INFO] paper-strat: ♥ 心跳 | 策略 26 个 | tick 27
2026-05-29 18:20:24,106 [INFO] paper-strat: ♥ 心跳 | 策略 26 个 | tick 27
2026-05-29 18:20:39,107 [INFO] paper-strat: ♥ 心跳 | 策略 26 个 | tick 27
2026-05-29 18:20:54,108 [INFO] paper-strat: ♥ 心跳 | 策略 26 个 | tick 27
2026-05-29 18:21:09,109 [INFO] paper-strat: ♥ 心跳 | 策略 26 个 | tick 27
2026-05-29 18:21:24,110 [INFO] paper-strat: ♥ 心跳 | 策略 26 个 | tick 27
2026-05-29 18:21:39,112 [INFO] paper-strat: ♥ 心跳 | 策略 26 个 | tick 27
2026-05-29 18:21:54,113 [INFO] paper-strat: ♥ 心跳 | 策略 26 个 | tick 27
2026-05-29 18:22:09,114 [INFO] paper-strat: ♥ 心跳 | 策略 26 个 | tick 27
2026-05-29 18:22:24,115 [INFO] paper-strat: ♥ 心跳 | 策略 26 个 | tick 27
2026-05-29 18:22:39,116 [INFO] paper-strat: ♥ 心跳 | 策略 26 个 | tick 27
2026-05-29 18:22:54,117 [INFO] paper-strat: ♥ 心跳 | 策略 26 个 | tick 27
2026-05-29 18:23:09,118 [INFO] paper-strat: ♥ 心跳 | 策略 26 个 | tick 27
2026-05-29 18:23:24,119 [INFO] paper-strat: ♥ 心跳 | 策略 26 个 | tick 27
2026-05-29 18:23:39,120 [INFO] paper-strat: ♥ 心跳 | 策略 26 个 | tick 27
2026-05-29 18:23:54,121 [INFO] paper-strat: ♥ 心跳 | 策略 26 个 | tick 27
2026-05-29 18:24:09,122 [INFO] paper-strat: ♥ 心跳 | 策略 26 个 | tick 27
2026-05-29 18:24:24,123 [INFO] paper-strat: ♥ 心跳 | 策略 26 个 | tick 27
2026-05-29 18:24:39,124 [INFO] paper-strat: ♥ 心跳 | 策略 26 个 | tick 27
2026-05-29 18:24:54,124 [INFO] paper-strat: ♥ 心跳 | 策略 26 个 | tick 27
2026-05-29 18:25:09,125 [INFO] paper-strat: ♥ 心跳 | 策略 26 个 | tick 27
2026-05-29 18:25:24,125 [INFO] paper-strat: ♥ 心跳 | 策略 26 个 | tick 27
2026-05-29 18:25:39,126 [INFO] paper-strat: ♥ 心跳 | 策略 26 个 | tick 27
2026-05-29 18:25:54,127 [INFO] paper-strat: ♥ 心跳 | 策略 26 个 | tick 27
2026-05-29 18:26:09,128 [INFO] paper-strat: ♥ 心跳 | 策略 26 个 | tick 27
2026-05-29 18:26:24,129 [INFO] paper-strat: ♥ 心跳 | 策略 26 个 | tick 27
2026-05-29 18:26:39,130 [INFO] paper-strat: ♥ 心跳 | 策略 26 个 | tick 27
2026-05-29 18:26:54,131 [INFO] paper-strat: ♥ 心跳 | 策略 26 个 | tick 27
2026-05-29 18:27:09,132 [INFO] paper-strat: ♥ 心跳 | 策略 26 个 | tick 27
2026-05-29 18:27:24,133 [INFO] paper-strat: ♥ 心跳 | 策略 26 个 | tick 27
2026-05-29 18:27:39,135 [INFO] paper-strat: ♥ 心跳 | 策略 26 个 | tick 27
2026-05-29 18:27:54,136 [INFO] paper-strat: ♥ 心跳 | 策略 26 个 | tick 27
2026-05-29 18:28:09,137 [INFO] paper-strat: ♥ 心跳 | 策略 26 个 | tick 27
2026-05-29 18:28:24,139 [INFO] paper-strat: ♥ 心跳 | 策略 26 个 | tick 27
2026-05-29 18:28:39,140 [INFO] paper-strat: ♥ 心跳 | 策略 26 个 | tick 27
2026-05-29 18:28:54,141 [INFO] paper-strat: ♥ 心跳 | 策略 26 个 | tick 27
2026-05-29 18:29:09,142 [INFO] paper-strat: ♥ 心跳 | 策略 26 个 | tick 27
2026-05-29 18:29:24,142 [INFO] paper-strat: ♥ 心跳 | 策略 26 个 | tick 27
2026-05-29 18:29:39,143 [INFO] paper-strat: ♥ 心跳 | 策略 26 个 | tick 27
2026-05-29 18:29:54,144 [INFO] paper-strat: ♥ 心跳 | 策略 26 个 | tick 27
  📡 获取实时行情（新浪）...
  📡 获取实时行情（新浪）...
  📡 获取实时行情（新浪）...
  📡 获取实时行情（新浪）...
  📡 获取实时行情（新浪）...
  📡 获取实时行情（新浪）...
  📡 获取实时行情（新浪）...
  📡 获取实时行情（新浪）...
  📡 获取实时行情（新浪）...
  📡 获取实时行情（新浪）...
  📡 获取实时行情（新浪）...
  📡 获取实时行情（新浪）...
  📡 获取实时行情（新浪）...
  📡 获取实时行情（新浪）...
  📡 获取实时行情（新浪）...
  📡 获取实时行情（新浪）...
  📡 获取实时行情（新浪）...
  📡 获取实时行情（新浪）...
  📡 获取实时行情（新浪）...
  📡 获取实时行情（新浪）...
  📡 获取实时行情（新浪）...
  📡 获取实时行情（新浪）...
  📡 获取实时行情（新浪）...
  📡 获取实时行情（新浪）...
  📡 获取实时行情（新浪）...
  📡 获取实时行情（新浪）...
  📡 获取实时行情（新浪）...
  📡 获取实时行情（新浪）...
  📡 获取实时行情（新浪）...
  📡 获取实时行情（新浪）...
  📡 获取实时行情（新浪）...
  📡 获取实时行情（新浪）...
  📡 获取实时行情（新浪）...
  📡 获取实时行情（新浪）...
  📡 获取实时行情（新浪）...
  📡 获取实时行情（新浪）...
  📡 获取实时行情（新浪）...
  📡 获取实时行情（新浪）...
  📡 获取实时行情（新浪）...
  📡 获取实时行情（新浪）...
  📡 获取实时行情（新浪）...
  📡 获取实时行情（新浪）...
  📡 获取实时行情（新浪）...
  📡 获取实时行情（新浪）...
  📡 获取实时行情（新浪）...
  📡 获取实时行情（新浪）...
  📡 获取实时行情（新浪）...
  📡 获取实时行情（新浪）...
  📡 获取实时行情（新浪）...
  📡 获取实时行情（新浪）...
  📡 获取实时行情（新浪）...
  📡 获取实时行情（新浪）...
  📡 获取实时行情（新浪）...
  📡 获取实时行情（新浪）...
  📡 获取实时行情（新浪）...
  📡 获取实时行情（新浪）...
  📡 获取实时行情（新浪）...
  📡 获取实时行情（新浪）...
  📡 获取实时行情（新浪）...
  📡 获取实时行情（新浪）...
  📡 获取实时行情（新浪）...
  📡 获取实时行情（新浪）...
  📡 获取实时行情（新浪）...
  📡 获取实时行情（新浪）...
  📡 获取实时行情（新浪）...
  📡 获取实时行情（新浪）...
  📡 获取实时行情（新浪）...
  📡 获取实时行情（新浪）...
  📡 获取实时行情（新浪）...
  📡 获取实时行情（新浪）...
  📡 获取实时行情（新浪）...
  📡 获取实时行情（新浪）...
  📡 获取实时行情（新浪）...
  📡 获取实时行情（新浪）...
  📡 获取实时行情（新浪）...
  📡 获取实时行情（新浪）...
  📡 获取实时行情（新浪）...
  📡 获取实时行情（新浪）...
  📡 获取实时行情（新浪）...
  📡 获取实时行情（新浪）...
  📡 获取实时行情（新浪）...
  📡 获取实时行情（新浪）...
  📡 获取实时行情（新浪）...
  📡 获取实时行情（新浪）...
  📡 获取实时行情（新浪）...
  📡 获取实时行情（新浪）...
  📡 获取实时行情（新浪）...
  📡 获取实时行情（新浪）...
  📡 获取实时行情（新浪）...
  📡 获取实时行情（新浪）...
  📡 获取实时行情（新浪）...
  📡 获取实时行情（新浪）...
  📡 获取实时行情（新浪）...
  📡 获取实时行情（新浪）...
  📡 获取实时行情（新浪）...
  📡 获取实时行情（新浪）...
  📡 获取实时行情（新浪）...
  📡 获取实时行情（新浪）...
  📡 获取实时行情（新浪）...
  📡 获取实时行情（新浪）...
  📡 获取实时行情（新浪）...
  📡 获取实时行情（新浪）...
  📡 获取实时行情（新浪）...
  📡 获取实时行情（新浪）...
  📡 获取实时行情（新浪）...
  📡 获取实时行情（新浪）...
  📡 获取实时行情（新浪）...
  📡 获取实时行情（新浪）...
  📡 获取实时行情（新浪）...
  📡 获取实时行情（新浪）...
  📡 获取实时行情（新浪）...
  📡 获取实时行情（新浪）...
  📡 获取实时行情（新浪）...
  📡 获取实时行情（新浪）...
  📡 获取实时行情（新浪）...
  📡 获取实时行情（新浪）...
  📡 获取实时行情（新浪）...
  📡 获取实时行情（新浪）...
  📡 获取实时行情（新浪）...
  📡 获取实时行情（新浪）...
  📡 获取实时行情（新浪）...
  📡 获取实时行情（新浪）...
  📡 获取实时行情（新浪）...
  📡 获取实时行情（新浪）...
  📡 获取实时行情（新浪）...
  📡 获取实时行情（新浪）...
  📡 获取实时行情（新浪）...
  📡 获取实时行情（新浪）...
  📡 获取实时行情（新浪）...
  📡 获取实时行情（新浪）...
  📡 获取实时行情（新浪）...
  📡 获取实时行情（新浪）...
  📡 获取实时行情（新浪）...
  📡 获取实时行情（新浪）...
  📡 获取实时行情（新浪）...
  📡 获取实时行情（新浪）...
  📡 获取实时行情（新浪）...
  📡 获取实时行情（新浪）...
  📡 获取实时行情（新浪）...
  📡 获取实时行情（新浪）...
  📡 获取实时行情（新浪）...
  📡 获取实时行情（新浪）...
  📡 获取实时行情（新浪）...
  📡 获取实时行情（新浪）...
  📡 获取实时行情（新浪）...
  📡 获取实时行情（新浪）...
  📡 获取实时行情（新浪）...
  📡 获取实时行情（新浪）...
  📡 获取实时行情（新浪）...
  📡 获取实时行情（新浪）...
  📡 获取实时行情（新浪）...
  📡 获取实时行情（新浪）...
  📡 获取实时行情（新浪）...
  📡 获取实时行情（新浪）...
  📡 获取实时行情（新浪）...
  📡 获取实时行情（新浪）...
  📡 获取实时行情（新浪）...
  📡 获取实时行情（新浪）...
  📡 获取实时行情（新浪）...
  📡 获取实时行情（新浪）...
  📡 获取实时行情（新浪）...
  📡 获取实时行情（新浪）...
  📡 获取实时行情（新浪）...
  📡 获取实时行情（新浪）...
  📡 获取实时行情（新浪）...
  📡 获取实时行情（新浪）...
  📡 获取实时行情（新浪）...
  📡 获取实时行情（新浪）...
  📡 获取实时行情（新浪）...
  📡 获取实时行情（新浪）...
  📡 获取实时行情（新浪）...
  📡 获取实时行情（新浪）...
  📡 获取实时行情（新浪）...
  📡 获取实时行情（新浪）...
  📡 获取实时行情（新浪）...
  📡 获取实时行情（新浪）...
  📡 获取实时行情（新浪）...
  📡 获取实时行情（新浪）...
  📡 获取实时行情（新浪）...
  📡 获取实时行情（新浪）...
  📡 获取实时行情（新浪）...
  📡 获取实时行情（新浪）...
  📡 获取实时行情（新浪）...
  📡 获取实时行情（新浪）...
  📡 获取实时行情（新浪）...
  📡 获取实时行情（新浪）...
  📡 获取实时行情（新浪）...
  📡 获取实时行情（新浪）...
  📡 获取实时行情（新浪）...
  📡 获取实时行情（新浪）...
  📡 获取实时行情（新浪）...
  📡 获取实时行情（新浪）...
  📡 获取实时行情（新浪）...
  📡 获取实时行情（新浪）...
  📡 获取实时行情（新浪）...
2026-05-29 18:30:09,145 [INFO] paper-strat: ♥ 心跳 | 策略 26 个 | tick 27
2026-05-29 18:30:24,147 [INFO] paper-strat: ♥ 心跳 | 策略 26 个 | tick 27
2026-05-29 18:30:39,148 [INFO] paper-strat: ♥ 心跳 | 策略 26 个 | tick 27
2026-05-29 18:30:54,150 [INFO] paper-strat: ♥ 心跳 | 策略 26 个 | tick 27
2026-05-29 18:31:09,151 [INFO] paper-strat: ♥ 心跳 | 策略 26 个 | tick 27
2026-05-29 18:31:24,152 [INFO] paper-strat: ♥ 心跳 | 策略 26 个 | tick 27
2026-05-29 18:31:39,153 [INFO] paper-strat: ♥ 心跳 | 策略 26 个 | tick 27
2026-05-29 18:31:54,154 [INFO] paper-strat: ♥ 心跳 | 策略 26 个 | tick 27
2026-05-29 18:32:09,155 [INFO] paper-strat: ♥ 心跳 | 策略 26 个 | tick 27
2026-05-29 18:32:24,156 [INFO] paper-strat: ♥ 心跳 | 策略 26 个 | tick 27
2026-05-29 18:32:39,157 [INFO] paper-strat: ♥ 心跳 | 策略 26 个 | tick 27
2026-05-29 18:32:54,158 [INFO] paper-strat: ♥ 心跳 | 策略 26 个 | tick 27
2026-05-29 18:33:09,159 [INFO] paper-strat: ♥ 心跳 | 策略 26 个 | tick 27
2026-05-29 18:33:24,160 [INFO] paper-strat: ♥ 心跳 | 策略 26 个 | tick 27
2026-05-29 18:33:39,160 [INFO] paper-strat: ♥ 心跳 | 策略 26 个 | tick 27
2026-05-29 18:33:54,162 [INFO] paper-strat: ♥ 心跳 | 策略 26 个 | tick 27
2026-05-29 18:34:09,162 [INFO] paper-strat: ♥ 心跳 | 策略 26 个 | tick 27
2026-05-29 18:34:24,163 [INFO] paper-strat: ♥ 心跳 | 策略 26 个 | tick 27
2026-05-29 18:34:39,163 [INFO] paper-strat: ♥ 心跳 | 策略 26 个 | tick 27
2026-05-29 18:34:54,164 [INFO] paper-strat: ♥ 心跳 | 策略 26 个 | tick 27
2026-05-29 18:35:09,165 [INFO] paper-strat: ♥ 心跳 | 策略 26 个 | tick 27
2026-05-29 18:35:24,167 [INFO] paper-strat: ♥ 心跳 | 策略 26 个 | tick 27
2026-05-29 18:35:39,168 [INFO] paper-strat: ♥ 心跳 | 策略 26 个 | tick 27
2026-05-29 18:35:54,169 [INFO] paper-strat: ♥ 心跳 | 策略 26 个 | tick 27
2026-05-29 18:36:09,170 [INFO] paper-strat: ♥ 心跳 | 策略 26 个 | tick 27
2026-05-29 18:36:24,171 [INFO] paper-strat: ♥ 心跳 | 策略 26 个 | tick 27
2026-05-29 18:36:39,172 [INFO] paper-strat: ♥ 心跳 | 策略 26 个 | tick 27
2026-05-29 18:36:54,173 [INFO] paper-strat: ♥ 心跳 | 策略 26 个 | tick 27
2026-05-29 18:37:09,174 [INFO] paper-strat: ♥ 心跳 | 策略 26 个 | tick 27
2026-05-29 18:37:24,176 [INFO] paper-strat: ♥ 心跳 | 策略 26 个 | tick 27
2026-05-29 18:37:39,177 [INFO] paper-strat: ♥ 心跳 | 策略 26 个 | tick 27
2026-05-29 18:37:54,178 [INFO] paper-strat: ♥ 心跳 | 策略 26 个 | tick 27
2026-05-29 18:38:09,179 [INFO] paper-strat: ♥ 心跳 | 策略 26 个 | tick 27
2026-05-29 18:38:24,181 [INFO] paper-strat: ♥ 心跳 | 策略 26 个 | tick 27
2026-05-29 18:38:39,182 [INFO] paper-strat: ♥ 心跳 | 策略 26 个 | tick 27
2026-05-29 18:38:54,183 [INFO] paper-strat: ♥ 心跳 | 策略 26 个 | tick 27
2026-05-29 18:39:09,184 [INFO] paper-strat: ♥ 心跳 | 策略 26 个 | tick 27
2026-05-29 18:39:24,185 [INFO] paper-strat: ♥ 心跳 | 策略 26 个 | tick 27
2026-05-29 18:39:39,185 [INFO] paper-strat: ♥ 心跳 | 策略 26 个 | tick 27
2026-05-29 18:39:54,187 [INFO] paper-strat: ♥ 心跳 | 策略 26 个 | tick 27
2026-05-29 18:40:09,187 [INFO] paper-strat: ♥ 心跳 | 策略 26 个 | tick 27
2026-05-29 18:40:24,189 [INFO] paper-strat: ♥ 心跳 | 策略 26 个 | tick 27
2026-05-29 18:40:39,190 [INFO] paper-strat: ♥ 心跳 | 策略 26 个 | tick 27
2026-05-29 18:40:54,191 [INFO] paper-strat: ♥ 心跳 | 策略 26 个 | tick 27
2026-05-29 18:41:09,192 [INFO] paper-strat: ♥ 心跳 | 策略 26 个 | tick 27
2026-05-29 18:41:24,193 [INFO] paper-strat: ♥ 心跳 | 策略 26 个 | tick 27
2026-05-29 18:41:39,193 [INFO] paper-strat: ♥ 心跳 | 策略 26 个 | tick 27
2026-05-29 18:41:54,195 [INFO] paper-strat: ♥ 心跳 | 策略 26 个 | tick 27
2026-05-29 18:42:09,196 [INFO] paper-strat: ♥ 心跳 | 策略 26 个 | tick 27
2026-05-29 18:42:24,196 [INFO] paper-strat: ♥ 心跳 | 策略 26 个 | tick 27
2026-05-29 18:42:39,198 [INFO] paper-strat: ♥ 心跳 | 策略 26 个 | tick 27
2026-05-29 18:42:54,198 [INFO] paper-strat: ♥ 心跳 | 策略 26 个 | tick 27
2026-05-29 18:43:09,198 [INFO] paper-strat: ♥ 心跳 | 策略 26 个 | tick 27
2026-05-29 18:43:24,199 [INFO] paper-strat: ♥ 心跳 | 策略 26 个 | tick 27
2026-05-29 18:43:39,200 [INFO] paper-strat: ♥ 心跳 | 策略 26 个 | tick 27
2026-05-29 18:43:54,201 [INFO] paper-strat: ♥ 心跳 | 策略 26 个 | tick 27
2026-05-29 18:44:09,201 [INFO] paper-strat: ♥ 心跳 | 策略 26 个 | tick 27
2026-05-29 18:44:24,203 [INFO] paper-strat: ♥ 心跳 | 策略 26 个 | tick 27
2026-05-29 18:44:39,204 [INFO] paper-strat: ♥ 心跳 | 策略 26 个 | tick 27
2026-05-29 18:44:54,205 [INFO] paper-strat: ♥ 心跳 | 策略 26 个 | tick 27
2026-05-29 18:45:09,206 [INFO] paper-strat: ♥ 心跳 | 策略 26 个 | tick 27
2026-05-29 18:45:24,208 [INFO] paper-strat: ♥ 心跳 | 策略 26 个 | tick 27
2026-05-29 18:45:39,209 [INFO] paper-strat: ♥ 心跳 | 策略 26 个 | tick 27
2026-05-29 18:45:54,210 [INFO] paper-strat: ♥ 心跳 | 策略 26 个 | tick 27
2026-05-29 18:46:09,211 [INFO] paper-strat: ♥ 心跳 | 策略 26 个 | tick 27
2026-05-29 18:46:24,213 [INFO] paper-strat: ♥ 心跳 | 策略 26 个 | tick 27
2026-05-29 18:46:39,214 [INFO] paper-strat: ♥ 心跳 | 策略 26 个 | tick 27
2026-05-29 18:46:54,214 [INFO] paper-strat: ♥ 心跳 | 策略 26 个 | tick 27
  📡 获取实时行情（新浪）...
  📡 获取实时行情（新浪）...
  📡 获取实时行情（新浪）...
  📡 获取实时行情（新浪）...
  📡 获取实时行情（新浪）...
  📡 获取实时行情（新浪）...
  📡 获取实时行情（新浪）...
  📡 获取实时行情（新浪）...
  📡 获取实时行情（新浪）...
  📡 获取实时行情（新浪）...
  📡 获取实时行情（新浪）...
  📡 获取实时行情（新浪）...
  📡 获取实时行情（新浪）...
  📡 获取实时行情（新浪）...
  📡 获取实时行情（新浪）...
  📡 获取实时行情（新浪）...
  📡 获取实时行情（新浪）...
  📡 获取实时行情（新浪）...
  📡 获取实时行情（新浪）...
  📡 获取实时行情（新浪）...
  📡 获取实时行情（新浪）...
  📡 获取实时行情（新浪）...
  📡 获取实时行情（新浪）...
  📡 获取实时行情（新浪）...
  📡 获取实时行情（新浪）...
  📡 获取实时行情（新浪）...
  📡 获取实时行情（新浪）...
  📡 获取实时行情（新浪）...
  📡 获取实时行情（新浪）...
  📡 获取实时行情（新浪）...
  📡 获取实时行情（新浪）...
  📡 获取实时行情（新浪）...
  📡 获取实时行情（新浪）...
  📡 获取实时行情（新浪）...
  📡 获取实时行情（新浪）...
  📡 获取实时行情（新浪）...
  📡 获取实时行情（新浪）...
  📡 获取实时行情（新浪）...
  📡 获取实时行情（新浪）...
  📡 获取实时行情（新浪）...
  📡 获取实时行情（新浪）...
  📡 获取实时行情（新浪）...
  📡 获取实时行情（新浪）...
  📡 获取实时行情（新浪）...
  📡 获取实时行情（新浪）...
  📡 获取实时行情（新浪）...
  📡 获取实时行情（新浪）...
  📡 获取实时行情（新浪）...
  📡 获取实时行情（新浪）...
  📡 获取实时行情（新浪）...
  📡 获取实时行情（新浪）...
  📡 获取实时行情（新浪）...
  📡 获取实时行情（新浪）...
  📡 获取实时行情（新浪）...
  📡 获取实时行情（新浪）...
  📡 获取实时行情（新浪）...
  📡 获取实时行情（新浪）...
  📡 获取实时行情（新浪）...
  📡 获取实时行情（新浪）...
  📡 获取实时行情（新浪）...
  📡 获取实时行情（新浪）...
  📡 获取实时行情（新浪）...
  📡 获取实时行情（新浪）...
  📡 获取实时行情（新浪）...
  📡 获取实时行情（新浪）...
  📡 获取实时行情（新浪）...
  📡 获取实时行情（新浪）...
  📡 获取实时行情（新浪）...
  📡 获取实时行情（新浪）...
  📡 获取实时行情（新浪）...
  📡 获取实时行情（新浪）...
  📡 获取实时行情（新浪）...
  📡 获取实时行情（新浪）...
  📡 获取实时行情（新浪）...
  📡 获取实时行情（新浪）...
  📡 获取实时行情（新浪）...
  📡 获取实时行情（新浪）...
  📡 获取实时行情（新浪）...
  📡 获取实时行情（新浪）...
  📡 获取实时行情（新浪）...
  📡 获取实时行情（新浪）...
  📡 获取实时行情（新浪）...
  📡 获取实时行情（新浪）...
  📡 获取实时行情（新浪）...
  📡 获取实时行情（新浪）...
  📡 获取实时行情（新浪）...
  📡 获取实时行情（新浪）...
  📡 获取实时行情（新浪）...
  📡 获取实时行情（新浪）...
  📡 获取实时行情（新浪）...
  📡 获取实时行情（新浪）...
  📡 获取实时行情（新浪）...
  📡 获取实时行情（新浪）...
  📡 获取实时行情（新浪）...
  📡 获取实时行情（新浪）...
  📡 获取实时行情（新浪）...
  📡 获取实时行情（新浪）...
  📡 获取实时行情（新浪）...
  📡 获取实时行情（新浪）...
  📡 获取实时行情（新浪）...
  📡 获取实时行情（新浪）...
  📡 获取实时行情（新浪）...
  📡 获取实时行情（新浪）...
  📡 获取实时行情（新浪）...
  📡 获取实时行情（新浪）...
  📡 获取实时行情（新浪）...
  📡 获取实时行情（新浪）...
  📡 获取实时行情（新浪）...
  📡 获取实时行情（新浪）...
  📡 获取实时行情（新浪）...
  📡 获取实时行情（新浪）...
  📡 获取实时行情（新浪）...
  📡 获取实时行情（新浪）...
  📡 获取实时行情（新浪）...
  📡 获取实时行情（新浪）...
  📡 获取实时行情（新浪）...
  📡 获取实时行情（新浪）...
  📡 获取实时行情（新浪）...
  📡 获取实时行情（新浪）...
  📡 获取实时行情（新浪）...
  📡 获取实时行情（新浪）...
  📡 获取实时行情（新浪）...
  📡 获取实时行情（新浪）...
  📡 获取实时行情（新浪）...
  📡 获取实时行情（新浪）...
  📡 获取实时行情（新浪）...
  📡 获取实时行情（新浪）...
  📡 获取实时行情（新浪）...
  📡 获取实时行情（新浪）...
  📡 获取实时行情（新浪）...
  📡 获取实时行情（新浪）...
  📡 获取实时行情（新浪）...
  📡 获取实时行情（新浪）...
  📡 获取实时行情（新浪）...
  📡 获取实时行情（新浪）...
  📡 获取实时行情（新浪）...
  📡 获取实时行情（新浪）...
  📡 获取实时行情（新浪）...
  📡 获取实时行情（新浪）...
  📡 获取实时行情（新浪）...
  📡 获取实时行情（新浪）...
  📡 获取实时行情（新浪）...
  📡 获取实时行情（新浪）...
  📡 获取实时行情（新浪）...
  📡 获取实时行情（新浪）...
  📡 获取实时行情（新浪）...
  📡 获取实时行情（新浪）...
  📡 获取实时行情（新浪）...
  📡 获取实时行情（新浪）...
  📡 获取实时行情（新浪）...
  📡 获取实时行情（新浪）...
  📡 获取实时行情（新浪）...
  📡 获取实时行情（新浪）...
  📡 获取实时行情（新浪）...
  📡 获取实时行情（新浪）...
  📡 获取实时行情（新浪）...
  📡 获取实时行情（新浪）...
  📡 获取实时行情（新浪）...
  📡 获取实时行情（新浪）...
  📡 获取实时行情（新浪）...
  📡 获取实时行情（新浪）...
  📡 获取实时行情（新浪）...
  📡 获取实时行情（新浪）...
  📡 获取实时行情（新浪）...
  📡 获取实时行情（新浪）...
  📡 获取实时行情（新浪）...
  📡 获取实时行情（新浪）...
  📡 获取实时行情（新浪）...
  📡 获取实时行情（新浪）...
  📡 获取实时行情（新浪）...
  📡 获取实时行情（新浪）...
  📡 获取实时行情（新浪）...
  📡 获取实时行情（新浪）...
  📡 获取实时行情（新浪）...
  📡 获取实时行情（新浪）...
  📡 获取实时行情（新浪）...
  📡 获取实时行情（新浪）...
  📡 获取实时行情（新浪）...
  📡 获取实时行情（新浪）...
  📡 获取实时行情（新浪）...
  📡 获取实时行情（新浪）...
  📡 获取实时行情（新浪）...
  📡 获取实时行情（新浪）...
  📡 获取实时行情（新浪）...
  📡 获取实时行情（新浪）...
  📡 获取实时行情（新浪）...
  📡 获取实时行情（新浪）...
  📡 获取实时行情（新浪）...
  📡 获取实时行情（新浪）...
  📡 获取实时行情（新浪）...
  📡 获取实时行情（新浪）...
  📡 获取实时行情（新浪）...
  📡 获取实时行情（新浪）...
  📡 获取实时行情（新浪）...
  📡 获取实时行情（新浪）...
2026-05-29 18:47:09,215 [INFO] paper-strat: ♥ 心跳 | 策略 26 个 | tick 27
2026-05-29 18:47:24,216 [INFO] paper-strat: ♥ 心跳 | 策略 26 个 | tick 27
2026-05-29 18:47:39,217 [INFO] paper-strat: ♥ 心跳 | 策略 26 个 | tick 27
2026-05-29 18:47:54,218 [INFO] paper-strat: ♥ 心跳 | 策略 26 个 | tick 27
2026-05-29 18:48:09,219 [INFO] paper-strat: ♥ 心跳 | 策略 26 个 | tick 27
2026-05-29 18:48:24,220 [INFO] paper-strat: ♥ 心跳 | 策略 26 个 | tick 27
2026-05-29 18:48:39,220 [INFO] paper-strat: ♥ 心跳 | 策略 26 个 | tick 27
2026-05-29 18:48:54,221 [INFO] paper-strat: ♥ 心跳 | 策略 26 个 | tick 27
2026-05-29 18:49:09,223 [INFO] paper-strat: ♥ 心跳 | 策略 26 个 | tick 27
2026-05-29 18:49:24,224 [INFO] paper-strat: ♥ 心跳 | 策略 26 个 | tick 27
2026-05-29 18:49:39,224 [INFO] paper-strat: ♥ 心跳 | 策略 26 个 | tick 27
2026-05-29 18:49:54,225 [INFO] paper-strat: ♥ 心跳 | 策略 26 个 | tick 27
2026-05-29 18:50:09,226 [INFO] paper-strat: ♥ 心跳 | 策略 26 个 | tick 27
2026-05-29 18:50:24,227 [INFO] paper-strat: ♥ 心跳 | 策略 26 个 | tick 27
2026-05-29 18:50:39,228 [INFO] paper-strat: ♥ 心跳 | 策略 26 个 | tick 27
2026-05-29 18:50:54,229 [INFO] paper-strat: ♥ 心跳 | 策略 26 个 | tick 27
2026-05-29 18:51:09,230 [INFO] paper-strat: ♥ 心跳 | 策略 26 个 | tick 27
2026-05-29 18:51:24,230 [INFO] paper-strat: ♥ 心跳 | 策略 26 个 | tick 27
2026-05-29 18:51:39,230 [INFO] paper-strat: ♥ 心跳 | 策略 26 个 | tick 27
2026-05-29 18:51:54,232 [INFO] paper-strat: ♥ 心跳 | 策略 26 个 | tick 27
2026-05-29 18:52:09,233 [INFO] paper-strat: ♥ 心跳 | 策略 26 个 | tick 27
2026-05-29 18:52:24,235 [INFO] paper-strat: ♥ 心跳 | 策略 26 个 | tick 27
2026-05-29 18:52:39,235 [INFO] paper-strat: ♥ 心跳 | 策略 26 个 | tick 27
2026-05-29 18:52:54,237 [INFO] paper-strat: ♥ 心跳 | 策略 26 个 | tick 27
2026-05-29 18:53:09,237 [INFO] paper-strat: ♥ 心跳 | 策略 26 个 | tick 27
2026-05-29 18:53:24,239 [INFO] paper-strat: ♥ 心跳 | 策略 26 个 | tick 27
2026-05-29 18:53:39,240 [INFO] paper-strat: ♥ 心跳 | 策略 26 个 | tick 27
2026-05-29 18:53:54,241 [INFO] paper-strat: ♥ 心跳 | 策略 26 个 | tick 27
2026-05-29 18:54:09,241 [INFO] paper-strat: ♥ 心跳 | 策略 26 个 | tick 27
2026-05-29 18:54:24,243 [INFO] paper-strat: ♥ 心跳 | 策略 26 个 | tick 27
2026-05-29 18:54:39,244 [INFO] paper-strat: ♥ 心跳 | 策略 26 个 | tick 27
2026-05-29 18:54:54,245 [INFO] paper-strat: ♥ 心跳 | 策略 26 个 | tick 27
2026-05-29 18:55:09,246 [INFO] paper-strat: ♥ 心跳 | 策略 26 个 | tick 27
2026-05-29 18:55:24,247 [INFO] paper-strat: ♥ 心跳 | 策略 26 个 | tick 27
2026-05-29 18:55:39,249 [INFO] paper-strat: ♥ 心跳 | 策略 26 个 | tick 27
2026-05-29 18:55:54,249 [INFO] paper-strat: ♥ 心跳 | 策略 26 个 | tick 27
2026-05-29 18:56:09,250 [INFO] paper-strat: ♥ 心跳 | 策略 26 个 | tick 27
2026-05-29 18:56:24,251 [INFO] paper-strat: ♥ 心跳 | 策略 26 个 | tick 27
2026-05-29 18:56:39,251 [INFO] paper-strat: ♥ 心跳 | 策略 26 个 | tick 27
2026-05-29 18:56:54,252 [INFO] paper-strat: ♥ 心跳 | 策略 26 个 | tick 27
2026-05-29 18:57:09,253 [INFO] paper-strat: ♥ 心跳 | 策略 26 个 | tick 27
2026-05-29 18:57:24,254 [INFO] paper-strat: ♥ 心跳 | 策略 26 个 | tick 27
2026-05-29 18:57:39,254 [INFO] paper-strat: ♥ 心跳 | 策略 26 个 | tick 27
2026-05-29 18:57:54,255 [INFO] paper-strat: ♥ 心跳 | 策略 26 个 | tick 27
2026-05-29 18:58:09,256 [INFO] paper-strat: ♥ 心跳 | 策略 26 个 | tick 27
2026-05-29 18:58:24,257 [INFO] paper-strat: ♥ 心跳 | 策略 26 个 | tick 27
2026-05-29 18:58:39,258 [INFO] paper-strat: ♥ 心跳 | 策略 26 个 | tick 27
2026-05-29 18:58:54,259 [INFO] paper-strat: ♥ 心跳 | 策略 26 个 | tick 27
2026-05-29 18:59:09,259 [INFO] paper-strat: ♥ 心跳 | 策略 26 个 | tick 27
2026-05-29 18:59:24,261 [INFO] paper-strat: ♥ 心跳 | 策略 26 个 | tick 27
2026-05-29 18:59:39,261 [INFO] paper-strat: ♥ 心跳 | 策略 26 个 | tick 27
2026-05-29 18:59:54,262 [INFO] paper-strat: ♥ 心跳 | 策略 26 个 | tick 27
2026-05-29 19:00:09,262 [INFO] paper-strat: ♥ 心跳 | 策略 26 个 | tick 27
2026-05-29 19:00:24,263 [INFO] paper-strat: ♥ 心跳 | 策略 26 个 | tick 27
2026-05-29 19:00:39,264 [INFO] paper-strat: ♥ 心跳 | 策略 26 个 | tick 27
2026-05-29 19:00:54,265 [INFO] paper-strat: ♥ 心跳 | 策略 26 个 | tick 27
2026-05-29 19:01:09,265 [INFO] paper-strat: ♥ 心跳 | 策略 26 个 | tick 27
2026-05-29 19:01:24,267 [INFO] paper-strat: ♥ 心跳 | 策略 26 个 | tick 27
2026-05-29 19:01:39,267 [INFO] paper-strat: ♥ 心跳 | 策略 26 个 | tick 27
2026-05-29 19:01:54,268 [INFO] paper-strat: ♥ 心跳 | 策略 26 个 | tick 27
2026-05-29 19:02:09,269 [INFO] paper-strat: ♥ 心跳 | 策略 26 个 | tick 27
2026-05-29 19:02:24,269 [INFO] paper-strat: ♥ 心跳 | 策略 26 个 | tick 27
2026-05-29 19:02:39,270 [INFO] paper-strat: ♥ 心跳 | 策略 26 个 | tick 27
2026-05-29 19:02:54,270 [INFO] paper-strat: ♥ 心跳 | 策略 26 个 | tick 27
2026-05-29 19:03:09,271 [INFO] paper-strat: ♥ 心跳 | 策略 26 个 | tick 27
2026-05-29 19:03:24,272 [INFO] paper-strat: ♥ 心跳 | 策略 26 个 | tick 27
2026-05-29 19:03:39,273 [INFO] paper-strat: ♥ 心跳 | 策略 26 个 | tick 27
2026-05-29 19:03:54,274 [INFO] paper-strat: ♥ 心跳 | 策略 26 个 | tick 27
2026-05-29 19:04:09,275 [INFO] paper-strat: ♥ 心跳 | 策略 26 个 | tick 27
  📡 获取实时行情（新浪）...
  📡 获取实时行情（新浪）...
  📡 获取实时行情（新浪）...
  📡 获取实时行情（新浪）...
  📡 获取实时行情（新浪）...
  📡 获取实时行情（新浪）...
  📡 获取实时行情（新浪）...
  📡 获取实时行情（新浪）...
  📡 获取实时行情（新浪）...
  📡 获取实时行情（新浪）...
  📡 获取实时行情（新浪）...
  📡 获取实时行情（新浪）...
  📡 获取实时行情（新浪）...
  📡 获取实时行情（新浪）...
  📡 获取实时行情（新浪）...
  📡 获取实时行情（新浪）...
  📡 获取实时行情（新浪）...
  📡 获取实时行情（新浪）...
  📡 获取实时行情（新浪）...
  📡 获取实时行情（新浪）...
  📡 获取实时行情（新浪）...
  📡 获取实时行情（新浪）...
  📡 获取实时行情（新浪）...
  📡 获取实时行情（新浪）...
  📡 获取实时行情（新浪）...
  📡 获取实时行情（新浪）...
  📡 获取实时行情（新浪）...
  📡 获取实时行情（新浪）...
  📡 获取实时行情（新浪）...
  📡 获取实时行情（新浪）...
  📡 获取实时行情（新浪）...
  📡 获取实时行情（新浪）...
  📡 获取实时行情（新浪）...
  📡 获取实时行情（新浪）...
  📡 获取实时行情（新浪）...
  📡 获取实时行情（新浪）...
  📡 获取实时行情（新浪）...
  📡 获取实时行情（新浪）...
  📡 获取实时行情（新浪）...
  📡 获取实时行情（新浪）...
  📡 获取实时行情（新浪）...
  📡 获取实时行情（新浪）...
  📡 获取实时行情（新浪）...
  📡 获取实时行情（新浪）...
  📡 获取实时行情（新浪）...
  📡 获取实时行情（新浪）...
  📡 获取实时行情（新浪）...
  📡 获取实时行情（新浪）...
  📡 获取实时行情（新浪）...
  📡 获取实时行情（新浪）...
  📡 获取实时行情（新浪）...
  📡 获取实时行情（新浪）...
  📡 获取实时行情（新浪）...
  📡 获取实时行情（新浪）...
  📡 获取实时行情（新浪）...
  📡 获取实时行情（新浪）...
  📡 获取实时行情（新浪）...
  📡 获取实时行情（新浪）...
  📡 获取实时行情（新浪）...
  📡 获取实时行情（新浪）...
  📡 获取实时行情（新浪）...
  📡 获取实时行情（新浪）...
  📡 获取实时行情（新浪）...
  📡 获取实时行情（新浪）...
  📡 获取实时行情（新浪）...
  📡 获取实时行情（新浪）...
  📡 获取实时行情（新浪）...
  📡 获取实时行情（新浪）...
  📡 获取实时行情（新浪）...
  📡 获取实时行情（新浪）...
  📡 获取实时行情（新浪）...
  📡 获取实时行情（新浪）...
  📡 获取实时行情（新浪）...
  📡 获取实时行情（新浪）...
  📡 获取实时行情（新浪）...
  📡 获取实时行情（新浪）...
  📡 获取实时行情（新浪）...
  📡 获取实时行情（新浪）...
  📡 获取实时行情（新浪）...
  📡 获取实时行情（新浪）...
  📡 获取实时行情（新浪）...
  📡 获取实时行情（新浪）...
  📡 获取实时行情（新浪）...
  📡 获取实时行情（新浪）...
  📡 获取实时行情（新浪）...
  📡 获取实时行情（新浪）...
  📡 获取实时行情（新浪）...
  📡 获取实时行情（新浪）...
  📡 获取实时行情（新浪）...
  📡 获取实时行情（新浪）...
  📡 获取实时行情（新浪）...
  📡 获取实时行情（新浪）...
  📡 获取实时行情（新浪）...
  📡 获取实时行情（新浪）...
  📡 获取实时行情（新浪）...
  📡 获取实时行情（新浪）...
  📡 获取实时行情（新浪）...
  📡 获取实时行情（新浪）...
  📡 获取实时行情（新浪）...
  📡 获取实时行情（新浪）...
  📡 获取实时行情（新浪）...
  📡 获取实时行情（新浪）...
  📡 获取实时行情（新浪）...
  📡 获取实时行情（新浪）...
  📡 获取实时行情（新浪）...
  📡 获取实时行情（新浪）...
  📡 获取实时行情（新浪）...
  📡 获取实时行情（新浪）...
  📡 获取实时行情（新浪）...
  📡 获取实时行情（新浪）...
  📡 获取实时行情（新浪）...
  📡 获取实时行情（新浪）...
  📡 获取实时行情（新浪）...
  📡 获取实时行情（新浪）...
  📡 获取实时行情（新浪）...
  📡 获取实时行情（新浪）...
  📡 获取实时行情（新浪）...
  📡 获取实时行情（新浪）...
  📡 获取实时行情（新浪）...
  📡 获取实时行情（新浪）...
  📡 获取实时行情（新浪）...
  📡 获取实时行情（新浪）...
  📡 获取实时行情（新浪）...
  📡 获取实时行情（新浪）...
  📡 获取实时行情（新浪）...
  📡 获取实时行情（新浪）...
  📡 获取实时行情（新浪）...
  📡 获取实时行情（新浪）...
  📡 获取实时行情（新浪）...
  📡 获取实时行情（新浪）...
  📡 获取实时行情（新浪）...
  📡 获取实时行情（新浪）...
  📡 获取实时行情（新浪）...
  📡 获取实时行情（新浪）...
  📡 获取实时行情（新浪）...
  📡 获取实时行情（新浪）...
  📡 获取实时行情（新浪）...
  📡 获取实时行情（新浪）...
  📡 获取实时行情（新浪）...
  📡 获取实时行情（新浪）...
  📡 获取实时行情（新浪）...
  📡 获取实时行情（新浪）...
  📡 获取实时行情（新浪）...
  📡 获取实时行情（新浪）...
  📡 获取实时行情（新浪）...
  📡 获取实时行情（新浪）...
  📡 获取实时行情（新浪）...
  📡 获取实时行情（新浪）...
  📡 获取实时行情（新浪）...
  📡 获取实时行情（新浪）...
  📡 获取实时行情（新浪）...
  📡 获取实时行情（新浪）...
  📡 获取实时行情（新浪）...
  📡 获取实时行情（新浪）...
  📡 获取实时行情（新浪）...
  📡 获取实时行情（新浪）...
  📡 获取实时行情（新浪）...
  📡 获取实时行情（新浪）...
  📡 获取实时行情（新浪）...
  📡 获取实时行情（新浪）...
  📡 获取实时行情（新浪）...
  📡 获取实时行情（新浪）...
  📡 获取实时行情（新浪）...
  📡 获取实时行情（新浪）...
  📡 获取实时行情（新浪）...
  📡 获取实时行情（新浪）...
  📡 获取实时行情（新浪）...
  📡 获取实时行情（新浪）...
  📡 获取实时行情（新浪）...
  📡 获取实时行情（新浪）...
  📡 获取实时行情（新浪）...
  📡 获取实时行情（新浪）...
  📡 获取实时行情（新浪）...
  📡 获取实时行情（新浪）...
  📡 获取实时行情（新浪）...
  📡 获取实时行情（新浪）...
  📡 获取实时行情（新浪）...
  📡 获取实时行情（新浪）...
  📡 获取实时行情（新浪）...
  📡 获取实时行情（新浪）...
  📡 获取实时行情（新浪）...
  📡 获取实时行情（新浪）...
  📡 获取实时行情（新浪）...
  📡 获取实时行情（新浪）...
  📡 获取实时行情（新浪）...
  📡 获取实时行情（新浪）...
  📡 获取实时行情（新浪）...
  📡 获取实时行情（新浪）...
  📡 获取实时行情（新浪）...
  📡 获取实时行情（新浪）...
  📡 获取实时行情（新浪）...
  📡 获取实时行情（新浪）...
  📡 获取实时行情（新浪）...
  📡 获取实时行情（新浪）...
  📡 获取实时行情（新浪）...
2026-05-29 19:04:24,276 [INFO] paper-strat: ♥ 心跳 | 策略 26 个 | tick 27
2026-05-29 19:04:39,277 [INFO] paper-strat: ♥ 心跳 | 策略 26 个 | tick 27
2026-05-29 19:04:54,278 [INFO] paper-strat: ♥ 心跳 | 策略 26 个 | tick 27
2026-05-29 19:05:09,279 [INFO] paper-strat: ♥ 心跳 | 策略 26 个 | tick 27
2026-05-29 19:05:24,280 [INFO] paper-strat: ♥ 心跳 | 策略 26 个 | tick 27
2026-05-29 19:05:39,281 [INFO] paper-strat: ♥ 心跳 | 策略 26 个 | tick 27
2026-05-29 19:05:54,282 [INFO] paper-strat: ♥ 心跳 | 策略 26 个 | tick 27
2026-05-29 19:06:09,283 [INFO] paper-strat: ♥ 心跳 | 策略 26 个 | tick 27
2026-05-29 19:06:24,284 [INFO] paper-strat: ♥ 心跳 | 策略 26 个 | tick 27
2026-05-29 19:06:39,285 [INFO] paper-strat: ♥ 心跳 | 策略 26 个 | tick 27
2026-05-29 19:06:54,286 [INFO] paper-strat: ♥ 心跳 | 策略 26 个 | tick 27
2026-05-29 19:07:09,287 [INFO] paper-strat: ♥ 心跳 | 策略 26 个 | tick 27
2026-05-29 19:07:24,288 [INFO] paper-strat: ♥ 心跳 | 策略 26 个 | tick 27
2026-05-29 19:07:39,289 [INFO] paper-strat: ♥ 心跳 | 策略 26 个 | tick 27
2026-05-29 19:07:54,289 [INFO] paper-strat: ♥ 心跳 | 策略 26 个 | tick 27
2026-05-29 19:08:09,290 [INFO] paper-strat: ♥ 心跳 | 策略 26 个 | tick 27
2026-05-29 19:08:24,292 [INFO] paper-strat: ♥ 心跳 | 策略 26 个 | tick 27
2026-05-29 19:08:39,293 [INFO] paper-strat: ♥ 心跳 | 策略 26 个 | tick 27
2026-05-29 19:08:54,293 [INFO] paper-strat: ♥ 心跳 | 策略 26 个 | tick 27
2026-05-29 19:09:09,294 [INFO] paper-strat: ♥ 心跳 | 策略 26 个 | tick 27
2026-05-29 19:09:24,295 [INFO] paper-strat: ♥ 心跳 | 策略 26 个 | tick 27
2026-05-29 19:09:39,297 [INFO] paper-strat: ♥ 心跳 | 策略 26 个 | tick 27
2026-05-29 19:09:54,297 [INFO] paper-strat: ♥ 心跳 | 策略 26 个 | tick 27
2026-05-29 19:10:09,298 [INFO] paper-strat: ♥ 心跳 | 策略 26 个 | tick 27
2026-05-29 19:10:24,299 [INFO] paper-strat: ♥ 心跳 | 策略 26 个 | tick 27
2026-05-29 19:10:39,300 [INFO] paper-strat: ♥ 心跳 | 策略 26 个 | tick 27
2026-05-29 19:10:54,301 [INFO] paper-strat: ♥ 心跳 | 策略 26 个 | tick 27
2026-05-29 19:11:09,302 [INFO] paper-strat: ♥ 心跳 | 策略 26 个 | tick 27
2026-05-29 19:11:24,303 [INFO] paper-strat: ♥ 心跳 | 策略 26 个 | tick 27
2026-05-29 19:11:39,304 [INFO] paper-strat: ♥ 心跳 | 策略 26 个 | tick 27
2026-05-29 19:11:54,304 [INFO] paper-strat: ♥ 心跳 | 策略 26 个 | tick 27
2026-05-29 19:12:09,305 [INFO] paper-strat: ♥ 心跳 | 策略 26 个 | tick 27
2026-05-29 19:12:24,306 [INFO] paper-strat: ♥ 心跳 | 策略 26 个 | tick 27
2026-05-29 19:12:39,307 [INFO] paper-strat: ♥ 心跳 | 策略 26 个 | tick 27
2026-05-29 19:12:54,308 [INFO] paper-strat: ♥ 心跳 | 策略 26 个 | tick 27
2026-05-29 19:13:09,309 [INFO] paper-strat: ♥ 心跳 | 策略 26 个 | tick 27
2026-05-29 19:13:24,310 [INFO] paper-strat: ♥ 心跳 | 策略 26 个 | tick 27
2026-05-29 19:13:39,311 [INFO] paper-strat: ♥ 心跳 | 策略 26 个 | tick 27
2026-05-29 19:13:54,312 [INFO] paper-strat: ♥ 心跳 | 策略 26 个 | tick 27
2026-05-29 19:14:09,313 [INFO] paper-strat: ♥ 心跳 | 策略 26 个 | tick 27
2026-05-29 19:14:24,314 [INFO] paper-strat: ♥ 心跳 | 策略 26 个 | tick 27
2026-05-29 19:14:39,315 [INFO] paper-strat: ♥ 心跳 | 策略 26 个 | tick 27
2026-05-29 19:14:54,316 [INFO] paper-strat: ♥ 心跳 | 策略 26 个 | tick 27
2026-05-29 19:15:09,317 [INFO] paper-strat: ♥ 心跳 | 策略 26 个 | tick 27
2026-05-29 19:15:24,319 [INFO] paper-strat: ♥ 心跳 | 策略 26 个 | tick 27
2026-05-29 19:15:39,319 [INFO] paper-strat: ♥ 心跳 | 策略 26 个 | tick 27
2026-05-29 19:15:54,319 [INFO] paper-strat: ♥ 心跳 | 策略 26 个 | tick 27
2026-05-29 19:16:09,320 [INFO] paper-strat: ♥ 心跳 | 策略 26 个 | tick 27
2026-05-29 19:16:24,322 [INFO] paper-strat: ♥ 心跳 | 策略 26 个 | tick 27
2026-05-29 19:16:39,323 [INFO] paper-strat: ♥ 心跳 | 策略 26 个 | tick 27
2026-05-29 19:16:54,323 [INFO] paper-strat: ♥ 心跳 | 策略 26 个 | tick 27
2026-05-29 19:17:09,324 [INFO] paper-strat: ♥ 心跳 | 策略 26 个 | tick 27
2026-05-29 19:17:24,325 [INFO] paper-strat: ♥ 心跳 | 策略 26 个 | tick 27
2026-05-29 19:17:39,327 [INFO] paper-strat: ♥ 心跳 | 策略 26 个 | tick 27
2026-05-29 19:17:54,328 [INFO] paper-strat: ♥ 心跳 | 策略 26 个 | tick 27
2026-05-29 19:18:09,329 [INFO] paper-strat: ♥ 心跳 | 策略 26 个 | tick 27
2026-05-29 19:18:24,330 [INFO] paper-strat: ♥ 心跳 | 策略 26 个 | tick 27
2026-05-29 19:18:39,331 [INFO] paper-strat: ♥ 心跳 | 策略 26 个 | tick 27
2026-05-29 19:18:54,332 [INFO] paper-strat: ♥ 心跳 | 策略 26 个 | tick 27
2026-05-29 19:19:09,333 [INFO] paper-strat: ♥ 心跳 | 策略 26 个 | tick 27
2026-05-29 19:19:24,334 [INFO] paper-strat: ♥ 心跳 | 策略 26 个 | tick 27
2026-05-29 19:19:39,336 [INFO] paper-strat: ♥ 心跳 | 策略 26 个 | tick 27
2026-05-29 19:19:54,337 [INFO] paper-strat: ♥ 心跳 | 策略 26 个 | tick 27
2026-05-29 19:20:09,339 [INFO] paper-strat: ♥ 心跳 | 策略 26 个 | tick 27
2026-05-29 19:20:24,339 [INFO] paper-strat: ♥ 心跳 | 策略 26 个 | tick 27
2026-05-29 19:20:39,340 [INFO] paper-strat: ♥ 心跳 | 策略 26 个 | tick 27
2026-05-29 19:20:54,341 [INFO] paper-strat: ♥ 心跳 | 策略 26 个 | tick 27
2026-05-29 19:21:09,342 [INFO] paper-strat: ♥ 心跳 | 策略 26 个 | tick 27
  📡 获取实时行情（新浪）...
  📡 获取实时行情（新浪）...
  📡 获取实时行情（新浪）...
  📡 获取实时行情（新浪）...
  📡 获取实时行情（新浪）...
  📡 获取实时行情（新浪）...
  📡 获取实时行情（新浪）...
  📡 获取实时行情（新浪）...
  📡 获取实时行情（新浪）...
  📡 获取实时行情（新浪）...
  📡 获取实时行情（新浪）...
  📡 获取实时行情（新浪）...
  📡 获取实时行情（新浪）...
  📡 获取实时行情（新浪）...
  📡 获取实时行情（新浪）...
  📡 获取实时行情（新浪）...
  📡 获取实时行情（新浪）...
  📡 获取实时行情（新浪）...
  📡 获取实时行情（新浪）...
  📡 获取实时行情（新浪）...
  📡 获取实时行情（新浪）...
  📡 获取实时行情（新浪）...
  📡 获取实时行情（新浪）...
  📡 获取实时行情（新浪）...
  📡 获取实时行情（新浪）...
  📡 获取实时行情（新浪）...
  📡 获取实时行情（新浪）...
  📡 获取实时行情（新浪）...
  📡 获取实时行情（新浪）...
  📡 获取实时行情（新浪）...
  📡 获取实时行情（新浪）...
  📡 获取实时行情（新浪）...
  📡 获取实时行情（新浪）...
  📡 获取实时行情（新浪）...
  📡 获取实时行情（新浪）...
  📡 获取实时行情（新浪）...
  📡 获取实时行情（新浪）...
  📡 获取实时行情（新浪）...
  📡 获取实时行情（新浪）...
  📡 获取实时行情（新浪）...
  📡 获取实时行情（新浪）...
  📡 获取实时行情（新浪）...
  📡 获取实时行情（新浪）...
  📡 获取实时行情（新浪）...
  📡 获取实时行情（新浪）...
  📡 获取实时行情（新浪）...
  📡 获取实时行情（新浪）...
  📡 获取实时行情（新浪）...
  📡 获取实时行情（新浪）...
  📡 获取实时行情（新浪）...
  📡 获取实时行情（新浪）...
  📡 获取实时行情（新浪）...
  📡 获取实时行情（新浪）...
  📡 获取实时行情（新浪）...
  📡 获取实时行情（新浪）...
  📡 获取实时行情（新浪）...
  📡 获取实时行情（新浪）...
  📡 获取实时行情（新浪）...
  📡 获取实时行情（新浪）...
  📡 获取实时行情（新浪）...
  📡 获取实时行情（新浪）...
  📡 获取实时行情（新浪）...
  📡 获取实时行情（新浪）...
  📡 获取实时行情（新浪）...
  📡 获取实时行情（新浪）...
  📡 获取实时行情（新浪）...
  📡 获取实时行情（新浪）...
  📡 获取实时行情（新浪）...
  📡 获取实时行情（新浪）...
  📡 获取实时行情（新浪）...
  📡 获取实时行情（新浪）...
  📡 获取实时行情（新浪）...
  📡 获取实时行情（新浪）...
  📡 获取实时行情（新浪）...
  📡 获取实时行情（新浪）...
  📡 获取实时行情（新浪）...
  📡 获取实时行情（新浪）...
  📡 获取实时行情（新浪）...
  📡 获取实时行情（新浪）...
  📡 获取实时行情（新浪）...
  📡 获取实时行情（新浪）...
  📡 获取实时行情（新浪）...
  📡 获取实时行情（新浪）...
  📡 获取实时行情（新浪）...
  📡 获取实时行情（新浪）...
  📡 获取实时行情（新浪）...
  📡 获取实时行情（新浪）...
  📡 获取实时行情（新浪）...
  📡 获取实时行情（新浪）...
  📡 获取实时行情（新浪）...
  📡 获取实时行情（新浪）...
  📡 获取实时行情（新浪）...
  📡 获取实时行情（新浪）...
  📡 获取实时行情（新浪）...
  📡 获取实时行情（新浪）...
  📡 获取实时行情（新浪）...
  📡 获取实时行情（新浪）...
  📡 获取实时行情（新浪）...
  📡 获取实时行情（新浪）...
  📡 获取实时行情（新浪）...
  📡 获取实时行情（新浪）...
  📡 获取实时行情（新浪）...
  📡 获取实时行情（新浪）...
  📡 获取实时行情（新浪）...
  📡 获取实时行情（新浪）...
  📡 获取实时行情（新浪）...
  📡 获取实时行情（新浪）...
  📡 获取实时行情（新浪）...
  📡 获取实时行情（新浪）...
  📡 获取实时行情（新浪）...
  📡 获取实时行情（新浪）...
  📡 获取实时行情（新浪）...
  📡 获取实时行情（新浪）...
  📡 获取实时行情（新浪）...
  📡 获取实时行情（新浪）...
  📡 获取实时行情（新浪）...
  📡 获取实时行情（新浪）...
  📡 获取实时行情（新浪）...
  📡 获取实时行情（新浪）...
  📡 获取实时行情（新浪）...
  📡 获取实时行情（新浪）...
  📡 获取实时行情（新浪）...
  📡 获取实时行情（新浪）...
  📡 获取实时行情（新浪）...
  📡 获取实时行情（新浪）...
  📡 获取实时行情（新浪）...
  📡 获取实时行情（新浪）...
  📡 获取实时行情（新浪）...
  📡 获取实时行情（新浪）...
  📡 获取实时行情（新浪）...
  📡 获取实时行情（新浪）...
  📡 获取实时行情（新浪）...
  📡 获取实时行情（新浪）...
  📡 获取实时行情（新浪）...
  📡 获取实时行情（新浪）...
  📡 获取实时行情（新浪）...
  📡 获取实时行情（新浪）...
  📡 获取实时行情（新浪）...
  📡 获取实时行情（新浪）...
  📡 获取实时行情（新浪）...
  📡 获取实时行情（新浪）...
  📡 获取实时行情（新浪）...
  📡 获取实时行情（新浪）...
  📡 获取实时行情（新浪）...
  📡 获取实时行情（新浪）...
  📡 获取实时行情（新浪）...
  📡 获取实时行情（新浪）...
  📡 获取实时行情（新浪）...
  📡 获取实时行情（新浪）...
  📡 获取实时行情（新浪）...
  📡 获取实时行情（新浪）...
  📡 获取实时行情（新浪）...
  📡 获取实时行情（新浪）...
  📡 获取实时行情（新浪）...
  📡 获取实时行情（新浪）...
  📡 获取实时行情（新浪）...
  📡 获取实时行情（新浪）...
  📡 获取实时行情（新浪）...
  📡 获取实时行情（新浪）...
  📡 获取实时行情（新浪）...
  📡 获取实时行情（新浪）...
  📡 获取实时行情（新浪）...
  📡 获取实时行情（新浪）...
  📡 获取实时行情（新浪）...
  📡 获取实时行情（新浪）...
  📡 获取实时行情（新浪）...
  📡 获取实时行情（新浪）...
  📡 获取实时行情（新浪）...
  📡 获取实时行情（新浪）...
  📡 获取实时行情（新浪）...
  📡 获取实时行情（新浪）...
  📡 获取实时行情（新浪）...
  📡 获取实时行情（新浪）...
  📡 获取实时行情（新浪）...
  📡 获取实时行情（新浪）...
  📡 获取实时行情（新浪）...
  📡 获取实时行情（新浪）...
  📡 获取实时行情（新浪）...
  📡 获取实时行情（新浪）...
  📡 获取实时行情（新浪）...
  📡 获取实时行情（新浪）...
  📡 获取实时行情（新浪）...
  📡 获取实时行情（新浪）...
  📡 获取实时行情（新浪）...
  📡 获取实时行情（新浪）...
  📡 获取实时行情（新浪）...
  📡 获取实时行情（新浪）...
  📡 获取实时行情（新浪）...
  📡 获取实时行情（新浪）...
  📡 获取实时行情（新浪）...
  📡 获取实时行情（新浪）...
  📡 获取实时行情（新浪）...
  📡 获取实时行情（新浪）...
  📡 获取实时行情（新浪）...
  📡 获取实时行情（新浪）...
2026-05-29 19:21:24,343 [INFO] paper-strat: ♥ 心跳 | 策略 26 个 | tick 27
2026-05-29 19:21:39,345 [INFO] paper-strat: ♥ 心跳 | 策略 26 个 | tick 27
2026-05-29 19:21:54,346 [INFO] paper-strat: ♥ 心跳 | 策略 26 个 | tick 27
2026-05-29 19:22:09,346 [INFO] paper-strat: ♥ 心跳 | 策略 26 个 | tick 27
2026-05-29 19:22:24,347 [INFO] paper-strat: ♥ 心跳 | 策略 26 个 | tick 27
2026-05-29 19:22:39,348 [INFO] paper-strat: ♥ 心跳 | 策略 26 个 | tick 27
2026-05-29 19:22:54,349 [INFO] paper-strat: ♥ 心跳 | 策略 26 个 | tick 27
2026-05-29 19:23:09,350 [INFO] paper-strat: ♥ 心跳 | 策略 26 个 | tick 27
2026-05-29 19:23:24,351 [INFO] paper-strat: ♥ 心跳 | 策略 26 个 | tick 27
2026-05-29 19:23:39,353 [INFO] paper-strat: ♥ 心跳 | 策略 26 个 | tick 27
2026-05-29 19:23:54,353 [INFO] paper-strat: ♥ 心跳 | 策略 26 个 | tick 27
2026-05-29 19:24:09,355 [INFO] paper-strat: ♥ 心跳 | 策略 26 个 | tick 27
2026-05-29 19:24:24,355 [INFO] paper-strat: ♥ 心跳 | 策略 26 个 | tick 27
2026-05-29 19:24:39,356 [INFO] paper-strat: ♥ 心跳 | 策略 26 个 | tick 27
2026-05-29 19:24:54,357 [INFO] paper-strat: ♥ 心跳 | 策略 26 个 | tick 27
2026-05-29 19:25:09,358 [INFO] paper-strat: ♥ 心跳 | 策略 26 个 | tick 27
2026-05-29 19:25:24,359 [INFO] paper-strat: ♥ 心跳 | 策略 26 个 | tick 27
2026-05-29 19:25:39,361 [INFO] paper-strat: ♥ 心跳 | 策略 26 个 | tick 27
2026-05-29 19:25:54,361 [INFO] paper-strat: ♥ 心跳 | 策略 26 个 | tick 27
2026-05-29 19:26:09,363 [INFO] paper-strat: ♥ 心跳 | 策略 26 个 | tick 27
2026-05-29 19:26:24,363 [INFO] paper-strat: ♥ 心跳 | 策略 26 个 | tick 27
2026-05-29 19:26:39,364 [INFO] paper-strat: ♥ 心跳 | 策略 26 个 | tick 27
2026-05-29 19:26:54,365 [INFO] paper-strat: ♥ 心跳 | 策略 26 个 | tick 27
2026-05-29 19:27:09,367 [INFO] paper-strat: ♥ 心跳 | 策略 26 个 | tick 27
2026-05-29 19:27:24,368 [INFO] paper-strat: ♥ 心跳 | 策略 26 个 | tick 27
2026-05-29 19:27:39,368 [INFO] paper-strat: ♥ 心跳 | 策略 26 个 | tick 27
2026-05-29 19:27:54,369 [INFO] paper-strat: ♥ 心跳 | 策略 26 个 | tick 27
2026-05-29 19:28:09,370 [INFO] paper-strat: ♥ 心跳 | 策略 26 个 | tick 27
2026-05-29 19:28:24,370 [INFO] paper-strat: ♥ 心跳 | 策略 26 个 | tick 27
2026-05-29 19:28:39,372 [INFO] paper-strat: ♥ 心跳 | 策略 26 个 | tick 27
2026-05-29 19:28:54,373 [INFO] paper-strat: ♥ 心跳 | 策略 26 个 | tick 27
2026-05-29 19:29:09,374 [INFO] paper-strat: ♥ 心跳 | 策略 26 个 | tick 27
2026-05-29 19:29:24,374 [INFO] paper-strat: ♥ 心跳 | 策略 26 个 | tick 27
2026-05-29 19:29:39,375 [INFO] paper-strat: ♥ 心跳 | 策略 26 个 | tick 27
2026-05-29 19:29:54,376 [INFO] paper-strat: ♥ 心跳 | 策略 26 个 | tick 27
2026-05-29 19:30:09,377 [INFO] paper-strat: ♥ 心跳 | 策略 26 个 | tick 27
2026-05-29 19:30:24,378 [INFO] paper-strat: ♥ 心跳 | 策略 26 个 | tick 27
2026-05-29 19:30:39,380 [INFO] paper-strat: ♥ 心跳 | 策略 26 个 | tick 27
2026-05-29 19:30:54,381 [INFO] paper-strat: ♥ 心跳 | 策略 26 个 | tick 27
2026-05-29 19:31:09,382 [INFO] paper-strat: ♥ 心跳 | 策略 26 个 | tick 27
2026-05-29 19:31:24,383 [INFO] paper-strat: ♥ 心跳 | 策略 26 个 | tick 27
2026-05-29 19:31:39,384 [INFO] paper-strat: ♥ 心跳 | 策略 26 个 | tick 27
2026-05-29 19:31:54,385 [INFO] paper-strat: ♥ 心跳 | 策略 26 个 | tick 27
2026-05-29 19:32:09,386 [INFO] paper-strat: ♥ 心跳 | 策略 26 个 | tick 27
2026-05-29 19:32:24,386 [INFO] paper-strat: ♥ 心跳 | 策略 26 个 | tick 27
2026-05-29 19:32:39,388 [INFO] paper-strat: ♥ 心跳 | 策略 26 个 | tick 27
2026-05-29 19:32:54,388 [INFO] paper-strat: ♥ 心跳 | 策略 26 个 | tick 27
2026-05-29 19:33:09,389 [INFO] paper-strat: ♥ 心跳 | 策略 26 个 | tick 27
2026-05-29 19:33:24,389 [INFO] paper-strat: ♥ 心跳 | 策略 26 个 | tick 27
2026-05-29 19:33:39,390 [INFO] paper-strat: ♥ 心跳 | 策略 26 个 | tick 27
2026-05-29 19:33:54,391 [INFO] paper-strat: ♥ 心跳 | 策略 26 个 | tick 27
2026-05-29 19:34:09,391 [INFO] paper-strat: ♥ 心跳 | 策略 26 个 | tick 27
2026-05-29 19:34:24,392 [INFO] paper-strat: ♥ 心跳 | 策略 26 个 | tick 27
2026-05-29 19:34:39,393 [INFO] paper-strat: ♥ 心跳 | 策略 26 个 | tick 27
2026-05-29 19:34:54,394 [INFO] paper-strat: ♥ 心跳 | 策略 26 个 | tick 27
2026-05-29 19:35:09,395 [INFO] paper-strat: ♥ 心跳 | 策略 26 个 | tick 27
2026-05-29 19:35:24,396 [INFO] paper-strat: ♥ 心跳 | 策略 26 个 | tick 27
2026-05-29 19:35:39,398 [INFO] paper-strat: ♥ 心跳 | 策略 26 个 | tick 27
2026-05-29 19:35:54,399 [INFO] paper-strat: ♥ 心跳 | 策略 26 个 | tick 27
2026-05-29 19:36:09,400 [INFO] paper-strat: ♥ 心跳 | 策略 26 个 | tick 27
2026-05-29 19:36:24,401 [INFO] paper-strat: ♥ 心跳 | 策略 26 个 | tick 27
2026-05-29 19:36:39,402 [INFO] paper-strat: ♥ 心跳 | 策略 26 个 | tick 27
2026-05-29 19:36:54,403 [INFO] paper-strat: ♥ 心跳 | 策略 26 个 | tick 27
2026-05-29 19:37:09,403 [INFO] paper-strat: ♥ 心跳 | 策略 26 个 | tick 27
2026-05-29 19:37:24,404 [INFO] paper-strat: ♥ 心跳 | 策略 26 个 | tick 27
2026-05-29 19:37:39,406 [INFO] paper-strat: ♥ 心跳 | 策略 26 个 | tick 27
2026-05-29 19:37:54,406 [INFO] paper-strat: ♥ 心跳 | 策略 26 个 | tick 27
2026-05-29 19:38:09,407 [INFO] paper-strat: ♥ 心跳 | 策略 26 个 | tick 27
  📡 获取实时行情（新浪）...
  📡 获取实时行情（新浪）...
  📡 获取实时行情（新浪）...
  📡 获取实时行情（新浪）...
  📡 获取实时行情（新浪）...
  📡 获取实时行情（新浪）...
  📡 获取实时行情（新浪）...
  📡 获取实时行情（新浪）...
  📡 获取实时行情（新浪）...
  📡 获取实时行情（新浪）...
  📡 获取实时行情（新浪）...
  📡 获取实时行情（新浪）...
  📡 获取实时行情（新浪）...
  📡 获取实时行情（新浪）...
  📡 获取实时行情（新浪）...
  📡 获取实时行情（新浪）...
  📡 获取实时行情（新浪）...
  📡 获取实时行情（新浪）...
  📡 获取实时行情（新浪）...
  📡 获取实时行情（新浪）...
  📡 获取实时行情（新浪）...
  📡 获取实时行情（新浪）...
  📡 获取实时行情（新浪）...
  📡 获取实时行情（新浪）...
  📡 获取实时行情（新浪）...
  📡 获取实时行情（新浪）...
  📡 获取实时行情（新浪）...
  📡 获取实时行情（新浪）...
  📡 获取实时行情（新浪）...
  📡 获取实时行情（新浪）...
  📡 获取实时行情（新浪）...
  📡 获取实时行情（新浪）...
  📡 获取实时行情（新浪）...
  📡 获取实时行情（新浪）...
  📡 获取实时行情（新浪）...
  📡 获取实时行情（新浪）...
  📡 获取实时行情（新浪）...
  📡 获取实时行情（新浪）...
  📡 获取实时行情（新浪）...
  📡 获取实时行情（新浪）...
  📡 获取实时行情（新浪）...
  📡 获取实时行情（新浪）...
  📡 获取实时行情（新浪）...
  📡 获取实时行情（新浪）...
  📡 获取实时行情（新浪）...
  📡 获取实时行情（新浪）...
  📡 获取实时行情（新浪）...
  📡 获取实时行情（新浪）...
  📡 获取实时行情（新浪）...
  📡 获取实时行情（新浪）...
  📡 获取实时行情（新浪）...
  📡 获取实时行情（新浪）...
  📡 获取实时行情（新浪）...
  📡 获取实时行情（新浪）...
  📡 获取实时行情（新浪）...
  📡 获取实时行情（新浪）...
  📡 获取实时行情（新浪）...
  📡 获取实时行情（新浪）...
  📡 获取实时行情（新浪）...
  📡 获取实时行情（新浪）...
  📡 获取实时行情（新浪）...
  📡 获取实时行情（新浪）...
  📡 获取实时行情（新浪）...
  📡 获取实时行情（新浪）...
  📡 获取实时行情（新浪）...
  📡 获取实时行情（新浪）...
  📡 获取实时行情（新浪）...
  📡 获取实时行情（新浪）...
  📡 获取实时行情（新浪）...
  📡 获取实时行情（新浪）...
  📡 获取实时行情（新浪）...
  📡 获取实时行情（新浪）...
  📡 获取实时行情（新浪）...
  📡 获取实时行情（新浪）...
  📡 获取实时行情（新浪）...
  📡 获取实时行情（新浪）...
  📡 获取实时行情（新浪）...
  📡 获取实时行情（新浪）...
  📡 获取实时行情（新浪）...
  📡 获取实时行情（新浪）...
  📡 获取实时行情（新浪）...
  📡 获取实时行情（新浪）...
  📡 获取实时行情（新浪）...
  📡 获取实时行情（新浪）...
  📡 获取实时行情（新浪）...
  📡 获取实时行情（新浪）...
  📡 获取实时行情（新浪）...
  📡 获取实时行情（新浪）...
  📡 获取实时行情（新浪）...
  📡 获取实时行情（新浪）...
  📡 获取实时行情（新浪）...
  📡 获取实时行情（新浪）...
  📡 获取实时行情（新浪）...
  📡 获取实时行情（新浪）...
  📡 获取实时行情（新浪）...
  📡 获取实时行情（新浪）...
  📡 获取实时行情（新浪）...
  📡 获取实时行情（新浪）...
  📡 获取实时行情（新浪）...
  📡 获取实时行情（新浪）...
  📡 获取实时行情（新浪）...
  📡 获取实时行情（新浪）...
  📡 获取实时行情（新浪）...
  📡 获取实时行情（新浪）...
  📡 获取实时行情（新浪）...
  📡 获取实时行情（新浪）...
  📡 获取实时行情（新浪）...
  📡 获取实时行情（新浪）...
  📡 获取实时行情（新浪）...
  📡 获取实时行情（新浪）...
  📡 获取实时行情（新浪）...
  📡 获取实时行情（新浪）...
  📡 获取实时行情（新浪）...
  📡 获取实时行情（新浪）...
  📡 获取实时行情（新浪）...
  📡 获取实时行情（新浪）...
  📡 获取实时行情（新浪）...
  📡 获取实时行情（新浪）...
  📡 获取实时行情（新浪）...
  📡 获取实时行情（新浪）...
  📡 获取实时行情（新浪）...
  📡 获取实时行情（新浪）...
  📡 获取实时行情（新浪）...
  📡 获取实时行情（新浪）...
  📡 获取实时行情（新浪）...
  📡 获取实时行情（新浪）...
  📡 获取实时行情（新浪）...
  📡 获取实时行情（新浪）...
  📡 获取实时行情（新浪）...
  📡 获取实时行情（新浪）...
  📡 获取实时行情（新浪）...
  📡 获取实时行情（新浪）...
  📡 获取实时行情（新浪）...
  📡 获取实时行情（新浪）...
  📡 获取实时行情（新浪）...
  📡 获取实时行情（新浪）...
  📡 获取实时行情（新浪）...
  📡 获取实时行情（新浪）...
  📡 获取实时行情（新浪）...
  📡 获取实时行情（新浪）...
  📡 获取实时行情（新浪）...
  📡 获取实时行情（新浪）...
  📡 获取实时行情（新浪）...
  📡 获取实时行情（新浪）...
  📡 获取实时行情（新浪）...
  📡 获取实时行情（新浪）...
  📡 获取实时行情（新浪）...
  📡 获取实时行情（新浪）...
  📡 获取实时行情（新浪）...
  📡 获取实时行情（新浪）...
  📡 获取实时行情（新浪）...
  📡 获取实时行情（新浪）...
  📡 获取实时行情（新浪）...
  📡 获取实时行情（新浪）...
  📡 获取实时行情（新浪）...
  📡 获取实时行情（新浪）...
  📡 获取实时行情（新浪）...
  📡 获取实时行情（新浪）...
  📡 获取实时行情（新浪）...
  📡 获取实时行情（新浪）...
  📡 获取实时行情（新浪）...
  📡 获取实时行情（新浪）...
  📡 获取实时行情（新浪）...
  📡 获取实时行情（新浪）...
  📡 获取实时行情（新浪）...
  📡 获取实时行情（新浪）...
  📡 获取实时行情（新浪）...
  📡 获取实时行情（新浪）...
  📡 获取实时行情（新浪）...
  📡 获取实时行情（新浪）...
  📡 获取实时行情（新浪）...
  📡 获取实时行情（新浪）...
  📡 获取实时行情（新浪）...
  📡 获取实时行情（新浪）...
  📡 获取实时行情（新浪）...
  📡 获取实时行情（新浪）...
  📡 获取实时行情（新浪）...
  📡 获取实时行情（新浪）...
  📡 获取实时行情（新浪）...
  📡 获取实时行情（新浪）...
  📡 获取实时行情（新浪）...
  📡 获取实时行情（新浪）...
  📡 获取实时行情（新浪）...
  📡 获取实时行情（新浪）...
  📡 获取实时行情（新浪）...
  📡 获取实时行情（新浪）...
  📡 获取实时行情（新浪）...
  📡 获取实时行情（新浪）...
  📡 获取实时行情（新浪）...
  📡 获取实时行情（新浪）...
  📡 获取实时行情（新浪）...
  📡 获取实时行情（新浪）...
  📡 获取实时行情（新浪）...
  📡 获取实时行情（新浪）...
  📡 获取实时行情（新浪）...
2026-05-29 19:38:24,409 [INFO] paper-strat: ♥ 心跳 | 策略 26 个 | tick 27
2026-05-29 19:38:39,410 [INFO] paper-strat: ♥ 心跳 | 策略 26 个 | tick 27
2026-05-29 19:38:54,411 [INFO] paper-strat: ♥ 心跳 | 策略 26 个 | tick 27
2026-05-29 19:39:09,412 [INFO] paper-strat: ♥ 心跳 | 策略 26 个 | tick 27
2026-05-29 19:39:24,413 [INFO] paper-strat: ♥ 心跳 | 策略 26 个 | tick 27
2026-05-29 19:39:39,413 [INFO] paper-strat: ♥ 心跳 | 策略 26 个 | tick 27
2026-05-29 19:39:54,414 [INFO] paper-strat: ♥ 心跳 | 策略 26 个 | tick 27
2026-05-29 19:40:09,415 [INFO] paper-strat: ♥ 心跳 | 策略 26 个 | tick 27
2026-05-29 19:40:24,416 [INFO] paper-strat: ♥ 心跳 | 策略 26 个 | tick 27
2026-05-29 19:40:39,418 [INFO] paper-strat: ♥ 心跳 | 策略 26 个 | tick 27
2026-05-29 19:40:54,418 [INFO] paper-strat: ♥ 心跳 | 策略 26 个 | tick 27
2026-05-29 19:41:09,419 [INFO] paper-strat: ♥ 心跳 | 策略 26 个 | tick 27
2026-05-29 19:41:24,420 [INFO] paper-strat: ♥ 心跳 | 策略 26 个 | tick 27
2026-05-29 19:41:39,420 [INFO] paper-strat: ♥ 心跳 | 策略 26 个 | tick 27
2026-05-29 19:41:54,421 [INFO] paper-strat: ♥ 心跳 | 策略 26 个 | tick 27
2026-05-29 19:42:09,423 [INFO] paper-strat: ♥ 心跳 | 策略 26 个 | tick 27
2026-05-29 19:42:24,423 [INFO] paper-strat: ♥ 心跳 | 策略 26 个 | tick 27
2026-05-29 19:42:39,424 [INFO] paper-strat: ♥ 心跳 | 策略 26 个 | tick 27
2026-05-29 19:42:54,425 [INFO] paper-strat: ♥ 心跳 | 策略 26 个 | tick 27
2026-05-29 19:43:09,426 [INFO] paper-strat: ♥ 心跳 | 策略 26 个 | tick 27
2026-05-29 19:43:24,428 [INFO] paper-strat: ♥ 心跳 | 策略 26 个 | tick 27
2026-05-29 19:43:39,429 [INFO] paper-strat: ♥ 心跳 | 策略 26 个 | tick 27
2026-05-29 19:43:54,430 [INFO] paper-strat: ♥ 心跳 | 策略 26 个 | tick 27
2026-05-29 19:44:09,430 [INFO] paper-strat: ♥ 心跳 | 策略 26 个 | tick 27
2026-05-29 19:44:24,431 [INFO] paper-strat: ♥ 心跳 | 策略 26 个 | tick 27
2026-05-29 19:44:39,432 [INFO] paper-strat: ♥ 心跳 | 策略 26 个 | tick 27
2026-05-29 19:44:54,434 [INFO] paper-strat: ♥ 心跳 | 策略 26 个 | tick 27
2026-05-29 19:45:09,435 [INFO] paper-strat: ♥ 心跳 | 策略 26 个 | tick 27
2026-05-29 19:45:24,435 [INFO] paper-strat: ♥ 心跳 | 策略 26 个 | tick 27
2026-05-29 19:45:39,436 [INFO] paper-strat: ♥ 心跳 | 策略 26 个 | tick 27
2026-05-29 19:45:54,437 [INFO] paper-strat: ♥ 心跳 | 策略 26 个 | tick 27
2026-05-29 19:46:09,439 [INFO] paper-strat: ♥ 心跳 | 策略 26 个 | tick 27
2026-05-29 19:46:24,440 [INFO] paper-strat: ♥ 心跳 | 策略 26 个 | tick 27
2026-05-29 19:46:39,441 [INFO] paper-strat: ♥ 心跳 | 策略 26 个 | tick 27
2026-05-29 19:46:54,442 [INFO] paper-strat: ♥ 心跳 | 策略 26 个 | tick 27
2026-05-29 19:47:09,443 [INFO] paper-strat: ♥ 心跳 | 策略 26 个 | tick 27
2026-05-29 19:47:24,444 [INFO] paper-strat: ♥ 心跳 | 策略 26 个 | tick 27
2026-05-29 19:47:39,445 [INFO] paper-strat: ♥ 心跳 | 策略 26 个 | tick 27
2026-05-29 19:47:54,445 [INFO] paper-strat: ♥ 心跳 | 策略 26 个 | tick 27
2026-05-29 19:48:09,446 [INFO] paper-strat: ♥ 心跳 | 策略 26 个 | tick 27
2026-05-29 19:48:24,447 [INFO] paper-strat: ♥ 心跳 | 策略 26 个 | tick 27
2026-05-29 19:48:39,448 [INFO] paper-strat: ♥ 心跳 | 策略 26 个 | tick 27
2026-05-29 19:48:54,449 [INFO] paper-strat: ♥ 心跳 | 策略 26 个 | tick 27
2026-05-29 19:49:09,450 [INFO] paper-strat: ♥ 心跳 | 策略 26 个 | tick 27
2026-05-29 19:49:24,451 [INFO] paper-strat: ♥ 心跳 | 策略 26 个 | tick 27
2026-05-29 19:49:39,452 [INFO] paper-strat: ♥ 心跳 | 策略 26 个 | tick 27
2026-05-29 19:49:54,453 [INFO] paper-strat: ♥ 心跳 | 策略 26 个 | tick 27
2026-05-29 19:50:09,454 [INFO] paper-strat: ♥ 心跳 | 策略 26 个 | tick 27
2026-05-29 19:50:24,454 [INFO] paper-strat: ♥ 心跳 | 策略 26 个 | tick 27
2026-05-29 19:50:39,455 [INFO] paper-strat: ♥ 心跳 | 策略 26 个 | tick 27
2026-05-29 19:50:54,456 [INFO] paper-strat: ♥ 心跳 | 策略 26 个 | tick 27
2026-05-29 19:51:09,457 [INFO] paper-strat: ♥ 心跳 | 策略 26 个 | tick 27
2026-05-29 19:51:24,458 [INFO] paper-strat: ♥ 心跳 | 策略 26 个 | tick 27
2026-05-29 19:51:39,459 [INFO] paper-strat: ♥ 心跳 | 策略 26 个 | tick 27
2026-05-29 19:51:54,460 [INFO] paper-strat: ♥ 心跳 | 策略 26 个 | tick 27
2026-05-29 19:52:09,462 [INFO] paper-strat: ♥ 心跳 | 策略 26 个 | tick 27
2026-05-29 19:52:24,463 [INFO] paper-strat: ♥ 心跳 | 策略 26 个 | tick 27
2026-05-29 19:52:39,464 [INFO] paper-strat: ♥ 心跳 | 策略 26 个 | tick 27
2026-05-29 19:52:54,466 [INFO] paper-strat: ♥ 心跳 | 策略 26 个 | tick 27
2026-05-29 19:53:09,467 [INFO] paper-strat: ♥ 心跳 | 策略 26 个 | tick 27
2026-05-29 19:53:24,467 [INFO] paper-strat: ♥ 心跳 | 策略 26 个 | tick 27
2026-05-29 19:53:39,468 [INFO] paper-strat: ♥ 心跳 | 策略 26 个 | tick 27
2026-05-29 19:53:54,470 [INFO] paper-strat: ♥ 心跳 | 策略 26 个 | tick 27
2026-05-29 19:54:09,470 [INFO] paper-strat: ♥ 心跳 | 策略 26 个 | tick 27
2026-05-29 19:54:24,472 [INFO] paper-strat: ♥ 心跳 | 策略 26 个 | tick 27
2026-05-29 19:54:39,473 [INFO] paper-strat: ♥ 心跳 | 策略 26 个 | tick 27
2026-05-29 19:54:54,474 [INFO] paper-strat: ♥ 心跳 | 策略 26 个 | tick 27
2026-05-29 19:55:09,476 [INFO] paper-strat: ♥ 心跳 | 策略 26 个 | tick 27
  📡 获取实时行情（新浪）...
  📡 获取实时行情（新浪）...
  📡 获取实时行情（新浪）...
  📡 获取实时行情（新浪）...
  📡 获取实时行情（新浪）...
  📡 获取实时行情（新浪）...
  📡 获取实时行情（新浪）...
  📡 获取实时行情（新浪）...
  📡 获取实时行情（新浪）...
  📡 获取实时行情（新浪）...
  📡 获取实时行情（新浪）...
  📡 获取实时行情（新浪）...
  📡 获取实时行情（新浪）...
  📡 获取实时行情（新浪）...
  📡 获取实时行情（新浪）...
  📡 获取实时行情（新浪）...
  📡 获取实时行情（新浪）...
  📡 获取实时行情（新浪）...
  📡 获取实时行情（新浪）...
  📡 获取实时行情（新浪）...
  📡 获取实时行情（新浪）...
  📡 获取实时行情（新浪）...
  📡 获取实时行情（新浪）...
  📡 获取实时行情（新浪）...
  📡 获取实时行情（新浪）...
  📡 获取实时行情（新浪）...
  📡 获取实时行情（新浪）...
  📡 获取实时行情（新浪）...
  📡 获取实时行情（新浪）...
  📡 获取实时行情（新浪）...
  📡 获取实时行情（新浪）...
  📡 获取实时行情（新浪）...
  📡 获取实时行情（新浪）...
  📡 获取实时行情（新浪）...
  📡 获取实时行情（新浪）...
  📡 获取实时行情（新浪）...
  📡 获取实时行情（新浪）...
  📡 获取实时行情（新浪）...
  📡 获取实时行情（新浪）...
  📡 获取实时行情（新浪）...
  📡 获取实时行情（新浪）...
  📡 获取实时行情（新浪）...
  📡 获取实时行情（新浪）...
  📡 获取实时行情（新浪）...
  📡 获取实时行情（新浪）...
  📡 获取实时行情（新浪）...
  📡 获取实时行情（新浪）...
  📡 获取实时行情（新浪）...
  📡 获取实时行情（新浪）...
  📡 获取实时行情（新浪）...
  📡 获取实时行情（新浪）...
  📡 获取实时行情（新浪）...
  📡 获取实时行情（新浪）...
  📡 获取实时行情（新浪）...
  📡 获取实时行情（新浪）...
  📡 获取实时行情（新浪）...
  📡 获取实时行情（新浪）...
  📡 获取实时行情（新浪）...
  📡 获取实时行情（新浪）...
  📡 获取实时行情（新浪）...
  📡 获取实时行情（新浪）...
  📡 获取实时行情（新浪）...
  📡 获取实时行情（新浪）...
  📡 获取实时行情（新浪）...
  📡 获取实时行情（新浪）...
  📡 获取实时行情（新浪）...
  📡 获取实时行情（新浪）...
  📡 获取实时行情（新浪）...
  📡 获取实时行情（新浪）...
  📡 获取实时行情（新浪）...
  📡 获取实时行情（新浪）...
  📡 获取实时行情（新浪）...
  📡 获取实时行情（新浪）...
  📡 获取实时行情（新浪）...
  📡 获取实时行情（新浪）...
  📡 获取实时行情（新浪）...
  📡 获取实时行情（新浪）...
  📡 获取实时行情（新浪）...
  📡 获取实时行情（新浪）...
  📡 获取实时行情（新浪）...
  📡 获取实时行情（新浪）...
  📡 获取实时行情（新浪）...
  📡 获取实时行情（新浪）...
  📡 获取实时行情（新浪）...
  📡 获取实时行情（新浪）...
  📡 获取实时行情（新浪）...
  📡 获取实时行情（新浪）...
  📡 获取实时行情（新浪）...
  📡 获取实时行情（新浪）...
  📡 获取实时行情（新浪）...
  📡 获取实时行情（新浪）...
  📡 获取实时行情（新浪）...
  📡 获取实时行情（新浪）...
  📡 获取实时行情（新浪）...
  📡 获取实时行情（新浪）...
  📡 获取实时行情（新浪）...
  📡 获取实时行情（新浪）...
  📡 获取实时行情（新浪）...
  📡 获取实时行情（新浪）...
  📡 获取实时行情（新浪）...
  📡 获取实时行情（新浪）...
  📡 获取实时行情（新浪）...
  📡 获取实时行情（新浪）...
  📡 获取实时行情（新浪）...
  📡 获取实时行情（新浪）...
  📡 获取实时行情（新浪）...
  📡 获取实时行情（新浪）...
  📡 获取实时行情（新浪）...
  📡 获取实时行情（新浪）...
  📡 获取实时行情（新浪）...
  📡 获取实时行情（新浪）...
  📡 获取实时行情（新浪）...
  📡 获取实时行情（新浪）...
  📡 获取实时行情（新浪）...
  📡 获取实时行情（新浪）...
  📡 获取实时行情（新浪）...
  📡 获取实时行情（新浪）...
  📡 获取实时行情（新浪）...
  📡 获取实时行情（新浪）...
  📡 获取实时行情（新浪）...
  📡 获取实时行情（新浪）...
  📡 获取实时行情（新浪）...
  📡 获取实时行情（新浪）...
  📡 获取实时行情（新浪）...
  📡 获取实时行情（新浪）...
  📡 获取实时行情（新浪）...
  📡 获取实时行情（新浪）...
  📡 获取实时行情（新浪）...
  📡 获取实时行情（新浪）...
  📡 获取实时行情（新浪）...
  📡 获取实时行情（新浪）...
  📡 获取实时行情（新浪）...
  📡 获取实时行情（新浪）...
  📡 获取实时行情（新浪）...
  📡 获取实时行情（新浪）...
  📡 获取实时行情（新浪）...
  📡 获取实时行情（新浪）...
  📡 获取实时行情（新浪）...
  📡 获取实时行情（新浪）...
  📡 获取实时行情（新浪）...
  📡 获取实时行情（新浪）...
  📡 获取实时行情（新浪）...
  📡 获取实时行情（新浪）...
  📡 获取实时行情（新浪）...
  📡 获取实时行情（新浪）...
  📡 获取实时行情（新浪）...
  📡 获取实时行情（新浪）...
  📡 获取实时行情（新浪）...
  📡 获取实时行情（新浪）...
  📡 获取实时行情（新浪）...
  📡 获取实时行情（新浪）...
  📡 获取实时行情（新浪）...
  📡 获取实时行情（新浪）...
  📡 获取实时行情（新浪）...
  📡 获取实时行情（新浪）...
  📡 获取实时行情（新浪）...
  📡 获取实时行情（新浪）...
  📡 获取实时行情（新浪）...
  📡 获取实时行情（新浪）...
  📡 获取实时行情（新浪）...
  📡 获取实时行情（新浪）...
  📡 获取实时行情（新浪）...
  📡 获取实时行情（新浪）...
  📡 获取实时行情（新浪）...
  📡 获取实时行情（新浪）...
  📡 获取实时行情（新浪）...
  📡 获取实时行情（新浪）...
  📡 获取实时行情（新浪）...
  📡 获取实时行情（新浪）...
  📡 获取实时行情（新浪）...
  📡 获取实时行情（新浪）...
  📡 获取实时行情（新浪）...
  📡 获取实时行情（新浪）...
  📡 获取实时行情（新浪）...
  📡 获取实时行情（新浪）...
  📡 获取实时行情（新浪）...
  📡 获取实时行情（新浪）...
  📡 获取实时行情（新浪）...
  📡 获取实时行情（新浪）...
  📡 获取实时行情（新浪）...
  📡 获取实时行情（新浪）...
  📡 获取实时行情（新浪）...
  📡 获取实时行情（新浪）...
  📡 获取实时行情（新浪）...
  📡 获取实时行情（新浪）...
  📡 获取实时行情（新浪）...
  📡 获取实时行情（新浪）...
  📡 获取实时行情（新浪）...
  📡 获取实时行情（新浪）...
  📡 获取实时行情（新浪）...
  📡 获取实时行情（新浪）...
  📡 获取实时行情（新浪）...
  📡 获取实时行情（新浪）...
  📡 获取实时行情（新浪）...
  📡 获取实时行情（新浪）...
2026-05-29 19:55:24,477 [INFO] paper-strat: ♥ 心跳 | 策略 26 个 | tick 27
2026-05-29 19:55:39,479 [INFO] paper-strat: ♥ 心跳 | 策略 26 个 | tick 27
2026-05-29 19:55:54,480 [INFO] paper-strat: ♥ 心跳 | 策略 26 个 | tick 27
2026-05-29 19:56:09,480 [INFO] paper-strat: ♥ 心跳 | 策略 26 个 | tick 27
2026-05-29 19:56:24,481 [INFO] paper-strat: ♥ 心跳 | 策略 26 个 | tick 27
2026-05-29 19:56:39,482 [INFO] paper-strat: ♥ 心跳 | 策略 26 个 | tick 27
2026-05-29 19:56:54,483 [INFO] paper-strat: ♥ 心跳 | 策略 26 个 | tick 27
2026-05-29 19:57:09,484 [INFO] paper-strat: ♥ 心跳 | 策略 26 个 | tick 27
2026-05-29 19:57:24,485 [INFO] paper-strat: ♥ 心跳 | 策略 26 个 | tick 27
2026-05-29 19:57:39,486 [INFO] paper-strat: ♥ 心跳 | 策略 26 个 | tick 27
2026-05-29 19:57:54,487 [INFO] paper-strat: ♥ 心跳 | 策略 26 个 | tick 27
2026-05-29 19:58:09,488 [INFO] paper-strat: ♥ 心跳 | 策略 26 个 | tick 27
2026-05-29 19:58:24,490 [INFO] paper-strat: ♥ 心跳 | 策略 26 个 | tick 27
2026-05-29 19:58:39,491 [INFO] paper-strat: ♥ 心跳 | 策略 26 个 | tick 27
2026-05-29 19:58:54,492 [INFO] paper-strat: ♥ 心跳 | 策略 26 个 | tick 27
2026-05-29 19:59:09,493 [INFO] paper-strat: ♥ 心跳 | 策略 26 个 | tick 27
2026-05-29 19:59:24,494 [INFO] paper-strat: ♥ 心跳 | 策略 26 个 | tick 27
2026-05-29 19:59:39,495 [INFO] paper-strat: ♥ 心跳 | 策略 26 个 | tick 27
2026-05-29 19:59:54,496 [INFO] paper-strat: ♥ 心跳 | 策略 26 个 | tick 27
2026-05-29 20:00:09,497 [INFO] paper-strat: ♥ 心跳 | 策略 26 个 | tick 27
2026-05-29 20:00:24,498 [INFO] paper-strat: ♥ 心跳 | 策略 26 个 | tick 27
2026-05-29 20:00:39,499 [INFO] paper-strat: ♥ 心跳 | 策略 26 个 | tick 27
2026-05-29 20:00:54,499 [INFO] paper-strat: ♥ 心跳 | 策略 26 个 | tick 27
2026-05-29 20:01:09,500 [INFO] paper-strat: ♥ 心跳 | 策略 26 个 | tick 27
2026-05-29 20:01:24,501 [INFO] paper-strat: ♥ 心跳 | 策略 26 个 | tick 27
2026-05-29 20:01:39,502 [INFO] paper-strat: ♥ 心跳 | 策略 26 个 | tick 27
2026-05-29 20:01:54,503 [INFO] paper-strat: ♥ 心跳 | 策略 26 个 | tick 27
2026-05-29 20:02:09,504 [INFO] paper-strat: ♥ 心跳 | 策略 26 个 | tick 27
2026-05-29 20:02:24,505 [INFO] paper-strat: ♥ 心跳 | 策略 26 个 | tick 27
2026-05-29 20:02:39,505 [INFO] paper-strat: ♥ 心跳 | 策略 26 个 | tick 27
2026-05-29 20:02:54,507 [INFO] paper-strat: ♥ 心跳 | 策略 26 个 | tick 27
2026-05-29 20:03:09,507 [INFO] paper-strat: ♥ 心跳 | 策略 26 个 | tick 27
2026-05-29 20:03:24,508 [INFO] paper-strat: ♥ 心跳 | 策略 26 个 | tick 27
2026-05-29 20:03:39,509 [INFO] paper-strat: ♥ 心跳 | 策略 26 个 | tick 27
2026-05-29 20:03:54,510 [INFO] paper-strat: ♥ 心跳 | 策略 26 个 | tick 27
2026-05-29 20:04:09,512 [INFO] paper-strat: ♥ 心跳 | 策略 26 个 | tick 27
2026-05-29 20:04:24,513 [INFO] paper-strat: ♥ 心跳 | 策略 26 个 | tick 27
2026-05-29 20:04:39,514 [INFO] paper-strat: ♥ 心跳 | 策略 26 个 | tick 27
2026-05-29 20:04:54,515 [INFO] paper-strat: ♥ 心跳 | 策略 26 个 | tick 27
2026-05-29 20:05:09,516 [INFO] paper-strat: ♥ 心跳 | 策略 26 个 | tick 27
2026-05-29 20:05:24,517 [INFO] paper-strat: ♥ 心跳 | 策略 26 个 | tick 27
2026-05-29 20:05:39,518 [INFO] paper-strat: ♥ 心跳 | 策略 26 个 | tick 27
2026-05-29 20:05:54,520 [INFO] paper-strat: ♥ 心跳 | 策略 26 个 | tick 27
2026-05-29 20:06:09,520 [INFO] paper-strat: ♥ 心跳 | 策略 26 个 | tick 27
2026-05-29 20:06:24,521 [INFO] paper-strat: ♥ 心跳 | 策略 26 个 | tick 27
2026-05-29 20:06:39,522 [INFO] paper-strat: ♥ 心跳 | 策略 26 个 | tick 27
2026-05-29 20:06:54,523 [INFO] paper-strat: ♥ 心跳 | 策略 26 个 | tick 27
2026-05-29 20:07:09,524 [INFO] paper-strat: ♥ 心跳 | 策略 26 个 | tick 27
2026-05-29 20:07:24,525 [INFO] paper-strat: ♥ 心跳 | 策略 26 个 | tick 27
2026-05-29 20:07:39,526 [INFO] paper-strat: ♥ 心跳 | 策略 26 个 | tick 27
2026-05-29 20:07:54,528 [INFO] paper-strat: ♥ 心跳 | 策略 26 个 | tick 27
2026-05-29 20:08:09,529 [INFO] paper-strat: ♥ 心跳 | 策略 26 个 | tick 27
2026-05-29 20:08:24,530 [INFO] paper-strat: ♥ 心跳 | 策略 26 个 | tick 27
2026-05-29 20:08:39,531 [INFO] paper-strat: ♥ 心跳 | 策略 26 个 | tick 27
2026-05-29 20:08:54,532 [INFO] paper-strat: ♥ 心跳 | 策略 26 个 | tick 27
2026-05-29 20:09:09,532 [INFO] paper-strat: ♥ 心跳 | 策略 26 个 | tick 27
2026-05-29 20:09:24,533 [INFO] paper-strat: ♥ 心跳 | 策略 26 个 | tick 27
2026-05-29 20:09:39,534 [INFO] paper-strat: ♥ 心跳 | 策略 26 个 | tick 27
2026-05-29 20:09:54,535 [INFO] paper-strat: ♥ 心跳 | 策略 26 个 | tick 27
2026-05-29 20:10:09,535 [INFO] paper-strat: ♥ 心跳 | 策略 26 个 | tick 27
2026-05-29 20:10:24,537 [INFO] paper-strat: ♥ 心跳 | 策略 26 个 | tick 27
2026-05-29 20:10:39,538 [INFO] paper-strat: ♥ 心跳 | 策略 26 个 | tick 27
2026-05-29 20:10:54,538 [INFO] paper-strat: ♥ 心跳 | 策略 26 个 | tick 27
2026-05-29 20:11:09,539 [INFO] paper-strat: ♥ 心跳 | 策略 26 个 | tick 27
2026-05-29 20:11:24,540 [INFO] paper-strat: ♥ 心跳 | 策略 26 个 | tick 27
2026-05-29 20:11:39,541 [INFO] paper-strat: ♥ 心跳 | 策略 26 个 | tick 27
2026-05-29 20:11:54,543 [INFO] paper-strat: ♥ 心跳 | 策略 26 个 | tick 27
2026-05-29 20:12:09,544 [INFO] paper-strat: ♥ 心跳 | 策略 26 个 | tick 27
  📡 获取实时行情（新浪）...
  📡 获取实时行情（新浪）...
  📡 获取实时行情（新浪）...
  📡 获取实时行情（新浪）...
  📡 获取实时行情（新浪）...
  📡 获取实时行情（新浪）...
  📡 获取实时行情（新浪）...
  📡 获取实时行情（新浪）...
  📡 获取实时行情（新浪）...
  📡 获取实时行情（新浪）...
  📡 获取实时行情（新浪）...
  📡 获取实时行情（新浪）...
  📡 获取实时行情（新浪）...
  📡 获取实时行情（新浪）...
  📡 获取实时行情（新浪）...
  📡 获取实时行情（新浪）...
  📡 获取实时行情（新浪）...
  📡 获取实时行情（新浪）...
  📡 获取实时行情（新浪）...
  📡 获取实时行情（新浪）...
  📡 获取实时行情（新浪）...
  📡 获取实时行情（新浪）...
  📡 获取实时行情（新浪）...
  📡 获取实时行情（新浪）...
  📡 获取实时行情（新浪）...
  📡 获取实时行情（新浪）...
  📡 获取实时行情（新浪）...
  📡 获取实时行情（新浪）...
  📡 获取实时行情（新浪）...
  📡 获取实时行情（新浪）...
  📡 获取实时行情（新浪）...
  📡 获取实时行情（新浪）...
  📡 获取实时行情（新浪）...
  📡 获取实时行情（新浪）...
  📡 获取实时行情（新浪）...
  📡 获取实时行情（新浪）...
  📡 获取实时行情（新浪）...
  📡 获取实时行情（新浪）...
  📡 获取实时行情（新浪）...
  📡 获取实时行情（新浪）...
  📡 获取实时行情（新浪）...
  📡 获取实时行情（新浪）...
  📡 获取实时行情（新浪）...
  📡 获取实时行情（新浪）...
  📡 获取实时行情（新浪）...
  📡 获取实时行情（新浪）...
  📡 获取实时行情（新浪）...
  📡 获取实时行情（新浪）...
  📡 获取实时行情（新浪）...
  📡 获取实时行情（新浪）...
  📡 获取实时行情（新浪）...
  📡 获取实时行情（新浪）...
  📡 获取实时行情（新浪）...
  📡 获取实时行情（新浪）...
  📡 获取实时行情（新浪）...
  📡 获取实时行情（新浪）...
  📡 获取实时行情（新浪）...
  📡 获取实时行情（新浪）...
  📡 获取实时行情（新浪）...
  📡 获取实时行情（新浪）...
  📡 获取实时行情（新浪）...
  📡 获取实时行情（新浪）...
  📡 获取实时行情（新浪）...
  📡 获取实时行情（新浪）...
  📡 获取实时行情（新浪）...
  📡 获取实时行情（新浪）...
  📡 获取实时行情（新浪）...
  📡 获取实时行情（新浪）...
  📡 获取实时行情（新浪）...
  📡 获取实时行情（新浪）...
  📡 获取实时行情（新浪）...
  📡 获取实时行情（新浪）...
  📡 获取实时行情（新浪）...
  📡 获取实时行情（新浪）...
  📡 获取实时行情（新浪）...
  📡 获取实时行情（新浪）...
  📡 获取实时行情（新浪）...
  📡 获取实时行情（新浪）...
  📡 获取实时行情（新浪）...
  📡 获取实时行情（新浪）...
  📡 获取实时行情（新浪）...
  📡 获取实时行情（新浪）...
  📡 获取实时行情（新浪）...
  📡 获取实时行情（新浪）...
  📡 获取实时行情（新浪）...
  📡 获取实时行情（新浪）...
  📡 获取实时行情（新浪）...
  📡 获取实时行情（新浪）...
  📡 获取实时行情（新浪）...
  📡 获取实时行情（新浪）...
  📡 获取实时行情（新浪）...
  📡 获取实时行情（新浪）...
  📡 获取实时行情（新浪）...
  📡 获取实时行情（新浪）...
  📡 获取实时行情（新浪）...
  📡 获取实时行情（新浪）...
  📡 获取实时行情（新浪）...
  📡 获取实时行情（新浪）...
  📡 获取实时行情（新浪）...
  📡 获取实时行情（新浪）...
  📡 获取实时行情（新浪）...
  📡 获取实时行情（新浪）...
  📡 获取实时行情（新浪）...
  📡 获取实时行情（新浪）...
  📡 获取实时行情（新浪）...
  📡 获取实时行情（新浪）...
  📡 获取实时行情（新浪）...
  📡 获取实时行情（新浪）...
  📡 获取实时行情（新浪）...
  📡 获取实时行情（新浪）...
  📡 获取实时行情（新浪）...
  📡 获取实时行情（新浪）...
  📡 获取实时行情（新浪）...
  📡 获取实时行情（新浪）...
  📡 获取实时行情（新浪）...
  📡 获取实时行情（新浪）...
  📡 获取实时行情（新浪）...
  📡 获取实时行情（新浪）...
  📡 获取实时行情（新浪）...
  📡 获取实时行情（新浪）...
  📡 获取实时行情（新浪）...
  📡 获取实时行情（新浪）...
  📡 获取实时行情（新浪）...
  📡 获取实时行情（新浪）...
  📡 获取实时行情（新浪）...
  📡 获取实时行情（新浪）...
  📡 获取实时行情（新浪）...
  📡 获取实时行情（新浪）...
  📡 获取实时行情（新浪）...
  📡 获取实时行情（新浪）...
  📡 获取实时行情（新浪）...
  📡 获取实时行情（新浪）...
  📡 获取实时行情（新浪）...
  📡 获取实时行情（新浪）...
  📡 获取实时行情（新浪）...
  📡 获取实时行情（新浪）...
  📡 获取实时行情（新浪）...
  📡 获取实时行情（新浪）...
  📡 获取实时行情（新浪）...
  📡 获取实时行情（新浪）...
  📡 获取实时行情（新浪）...
  📡 获取实时行情（新浪）...
  📡 获取实时行情（新浪）...
  📡 获取实时行情（新浪）...
  📡 获取实时行情（新浪）...
  📡 获取实时行情（新浪）...
  📡 获取实时行情（新浪）...
  📡 获取实时行情（新浪）...
  📡 获取实时行情（新浪）...
  📡 获取实时行情（新浪）...
  📡 获取实时行情（新浪）...
  📡 获取实时行情（新浪）...
  📡 获取实时行情（新浪）...
  📡 获取实时行情（新浪）...
  📡 获取实时行情（新浪）...
  📡 获取实时行情（新浪）...
  📡 获取实时行情（新浪）...
  📡 获取实时行情（新浪）...
  📡 获取实时行情（新浪）...
  📡 获取实时行情（新浪）...
  📡 获取实时行情（新浪）...
  📡 获取实时行情（新浪）...
  📡 获取实时行情（新浪）...
  📡 获取实时行情（新浪）...
  📡 获取实时行情（新浪）...
  📡 获取实时行情（新浪）...
  📡 获取实时行情（新浪）...
  📡 获取实时行情（新浪）...
  📡 获取实时行情（新浪）...
  📡 获取实时行情（新浪）...
  📡 获取实时行情（新浪）...
  📡 获取实时行情（新浪）...
  📡 获取实时行情（新浪）...
  📡 获取实时行情（新浪）...
  📡 获取实时行情（新浪）...
  📡 获取实时行情（新浪）...
  📡 获取实时行情（新浪）...
  📡 获取实时行情（新浪）...
  📡 获取实时行情（新浪）...
  📡 获取实时行情（新浪）...
  📡 获取实时行情（新浪）...
  📡 获取实时行情（新浪）...
  📡 获取实时行情（新浪）...
  📡 获取实时行情（新浪）...
  📡 获取实时行情（新浪）...
  📡 获取实时行情（新浪）...
  📡 获取实时行情（新浪）...
  📡 获取实时行情（新浪）...
  📡 获取实时行情（新浪）...
  📡 获取实时行情（新浪）...
  📡 获取实时行情（新浪）...
  📡 获取实时行情（新浪）...
  📡 获取实时行情（新浪）...
  📡 获取实时行情（新浪）...
  📡 获取实时行情（新浪）...
2026-05-29 20:12:24,545 [INFO] paper-strat: ♥ 心跳 | 策略 26 个 | tick 27
2026-05-29 20:12:39,545 [INFO] paper-strat: ♥ 心跳 | 策略 26 个 | tick 27
2026-05-29 20:12:54,546 [INFO] paper-strat: ♥ 心跳 | 策略 26 个 | tick 27
2026-05-29 20:13:09,547 [INFO] paper-strat: ♥ 心跳 | 策略 26 个 | tick 27
2026-05-29 20:13:24,548 [INFO] paper-strat: ♥ 心跳 | 策略 26 个 | tick 27
2026-05-29 20:13:39,549 [INFO] paper-strat: ♥ 心跳 | 策略 26 个 | tick 27
2026-05-29 20:13:54,551 [INFO] paper-strat: ♥ 心跳 | 策略 26 个 | tick 27
2026-05-29 20:14:09,552 [INFO] paper-strat: ♥ 心跳 | 策略 26 个 | tick 27
2026-05-29 20:14:24,552 [INFO] paper-strat: ♥ 心跳 | 策略 26 个 | tick 27
2026-05-29 20:14:39,553 [INFO] paper-strat: ♥ 心跳 | 策略 26 个 | tick 27
2026-05-29 20:14:54,554 [INFO] paper-strat: ♥ 心跳 | 策略 26 个 | tick 27
2026-05-29 20:15:09,555 [INFO] paper-strat: ♥ 心跳 | 策略 26 个 | tick 27
2026-05-29 20:15:24,556 [INFO] paper-strat: ♥ 心跳 | 策略 26 个 | tick 27
2026-05-29 20:15:39,557 [INFO] paper-strat: ♥ 心跳 | 策略 26 个 | tick 27
2026-05-29 20:15:54,559 [INFO] paper-strat: ♥ 心跳 | 策略 26 个 | tick 27
2026-05-29 20:16:09,560 [INFO] paper-strat: ♥ 心跳 | 策略 26 个 | tick 27
2026-05-29 20:16:24,561 [INFO] paper-strat: ♥ 心跳 | 策略 26 个 | tick 27
2026-05-29 20:16:39,562 [INFO] paper-strat: ♥ 心跳 | 策略 26 个 | tick 27
2026-05-29 20:16:54,562 [INFO] paper-strat: ♥ 心跳 | 策略 26 个 | tick 27
2026-05-29 20:17:09,564 [INFO] paper-strat: ♥ 心跳 | 策略 26 个 | tick 27
2026-05-29 20:17:24,565 [INFO] paper-strat: ♥ 心跳 | 策略 26 个 | tick 27
2026-05-29 20:17:39,566 [INFO] paper-strat: ♥ 心跳 | 策略 26 个 | tick 27
2026-05-29 20:17:54,567 [INFO] paper-strat: ♥ 心跳 | 策略 26 个 | tick 27
2026-05-29 20:18:09,568 [INFO] paper-strat: ♥ 心跳 | 策略 26 个 | tick 27
2026-05-29 20:18:24,569 [INFO] paper-strat: ♥ 心跳 | 策略 26 个 | tick 27
2026-05-29 20:18:39,570 [INFO] paper-strat: ♥ 心跳 | 策略 26 个 | tick 27
2026-05-29 20:18:54,571 [INFO] paper-strat: ♥ 心跳 | 策略 26 个 | tick 27
2026-05-29 20:19:09,572 [INFO] paper-strat: ♥ 心跳 | 策略 26 个 | tick 27
2026-05-29 20:19:24,574 [INFO] paper-strat: ♥ 心跳 | 策略 26 个 | tick 27
2026-05-29 20:19:39,575 [INFO] paper-strat: ♥ 心跳 | 策略 26 个 | tick 27
2026-05-29 20:19:54,576 [INFO] paper-strat: ♥ 心跳 | 策略 26 个 | tick 27
2026-05-29 20:20:09,578 [INFO] paper-strat: ♥ 心跳 | 策略 26 个 | tick 27
2026-05-29 20:20:24,579 [INFO] paper-strat: ♥ 心跳 | 策略 26 个 | tick 27
2026-05-29 20:20:39,580 [INFO] paper-strat: ♥ 心跳 | 策略 26 个 | tick 27
2026-05-29 20:20:54,581 [INFO] paper-strat: ♥ 心跳 | 策略 26 个 | tick 27
2026-05-29 20:21:09,582 [INFO] paper-strat: ♥ 心跳 | 策略 26 个 | tick 27
2026-05-29 20:21:24,583 [INFO] paper-strat: ♥ 心跳 | 策略 26 个 | tick 27
2026-05-29 20:21:39,585 [INFO] paper-strat: ♥ 心跳 | 策略 26 个 | tick 27
2026-05-29 20:21:54,585 [INFO] paper-strat: ♥ 心跳 | 策略 26 个 | tick 27
2026-05-29 20:22:09,586 [INFO] paper-strat: ♥ 心跳 | 策略 26 个 | tick 27
2026-05-29 20:22:24,587 [INFO] paper-strat: ♥ 心跳 | 策略 26 个 | tick 27
2026-05-29 20:22:39,588 [INFO] paper-strat: ♥ 心跳 | 策略 26 个 | tick 27
2026-05-29 20:22:54,589 [INFO] paper-strat: ♥ 心跳 | 策略 26 个 | tick 27
2026-05-29 20:23:09,590 [INFO] paper-strat: ♥ 心跳 | 策略 26 个 | tick 27
2026-05-29 20:23:24,590 [INFO] paper-strat: ♥ 心跳 | 策略 26 个 | tick 27
2026-05-29 20:23:39,592 [INFO] paper-strat: ♥ 心跳 | 策略 26 个 | tick 27
2026-05-29 20:23:54,593 [INFO] paper-strat: ♥ 心跳 | 策略 26 个 | tick 27
2026-05-29 20:24:09,594 [INFO] paper-strat: ♥ 心跳 | 策略 26 个 | tick 27
2026-05-29 20:24:24,595 [INFO] paper-strat: ♥ 心跳 | 策略 26 个 | tick 27
2026-05-29 20:24:39,596 [INFO] paper-strat: ♥ 心跳 | 策略 26 个 | tick 27
2026-05-29 20:24:54,597 [INFO] paper-strat: ♥ 心跳 | 策略 26 个 | tick 27
2026-05-29 20:25:09,598 [INFO] paper-strat: ♥ 心跳 | 策略 26 个 | tick 27
2026-05-29 20:25:24,599 [INFO] paper-strat: ♥ 心跳 | 策略 26 个 | tick 27
2026-05-29 20:25:39,600 [INFO] paper-strat: ♥ 心跳 | 策略 26 个 | tick 27
2026-05-29 20:25:54,601 [INFO] paper-strat: ♥ 心跳 | 策略 26 个 | tick 27
2026-05-29 20:26:09,601 [INFO] paper-strat: ♥ 心跳 | 策略 26 个 | tick 27
2026-05-29 20:26:24,602 [INFO] paper-strat: ♥ 心跳 | 策略 26 个 | tick 27
2026-05-29 20:26:39,603 [INFO] paper-strat: ♥ 心跳 | 策略 26 个 | tick 27
2026-05-29 20:26:54,604 [INFO] paper-strat: ♥ 心跳 | 策略 26 个 | tick 27
2026-05-29 20:27:09,605 [INFO] paper-strat: ♥ 心跳 | 策略 26 个 | tick 27
2026-05-29 20:27:24,607 [INFO] paper-strat: ♥ 心跳 | 策略 26 个 | tick 27
2026-05-29 20:27:39,607 [INFO] paper-strat: ♥ 心跳 | 策略 26 个 | tick 27
2026-05-29 20:27:54,609 [INFO] paper-strat: ♥ 心跳 | 策略 26 个 | tick 27
2026-05-29 20:28:09,610 [INFO] paper-strat: ♥ 心跳 | 策略 26 个 | tick 27
2026-05-29 20:28:24,611 [INFO] paper-strat: ♥ 心跳 | 策略 26 个 | tick 27
2026-05-29 20:28:39,612 [INFO] paper-strat: ♥ 心跳 | 策略 26 个 | tick 27
2026-05-29 20:28:54,613 [INFO] paper-strat: ♥ 心跳 | 策略 26 个 | tick 27
2026-05-29 20:29:09,615 [INFO] paper-strat: ♥ 心跳 | 策略 26 个 | tick 27
  📡 获取实时行情（新浪）...
  📡 获取实时行情（新浪）...
  📡 获取实时行情（新浪）...
  📡 获取实时行情（新浪）...
  📡 获取实时行情（新浪）...
  📡 获取实时行情（新浪）...
  📡 获取实时行情（新浪）...
  📡 获取实时行情（新浪）...
  📡 获取实时行情（新浪）...
  📡 获取实时行情（新浪）...
  📡 获取实时行情（新浪）...
  📡 获取实时行情（新浪）...
  📡 获取实时行情（新浪）...
  📡 获取实时行情（新浪）...
  📡 获取实时行情（新浪）...
  📡 获取实时行情（新浪）...
  📡 获取实时行情（新浪）...
  📡 获取实时行情（新浪）...
  📡 获取实时行情（新浪）...
  📡 获取实时行情（新浪）...
  📡 获取实时行情（新浪）...
  📡 获取实时行情（新浪）...
  📡 获取实时行情（新浪）...
  📡 获取实时行情（新浪）...
  📡 获取实时行情（新浪）...
  📡 获取实时行情（新浪）...
  📡 获取实时行情（新浪）...
  📡 获取实时行情（新浪）...
  📡 获取实时行情（新浪）...
  📡 获取实时行情（新浪）...
  📡 获取实时行情（新浪）...
  📡 获取实时行情（新浪）...
  📡 获取实时行情（新浪）...
  📡 获取实时行情（新浪）...
  📡 获取实时行情（新浪）...
  📡 获取实时行情（新浪）...
  📡 获取实时行情（新浪）...
  📡 获取实时行情（新浪）...
  📡 获取实时行情（新浪）...
  📡 获取实时行情（新浪）...
  📡 获取实时行情（新浪）...
  📡 获取实时行情（新浪）...
  📡 获取实时行情（新浪）...
  📡 获取实时行情（新浪）...
  📡 获取实时行情（新浪）...
  📡 获取实时行情（新浪）...
  📡 获取实时行情（新浪）...
  📡 获取实时行情（新浪）...
  📡 获取实时行情（新浪）...
  📡 获取实时行情（新浪）...
  📡 获取实时行情（新浪）...
  📡 获取实时行情（新浪）...
  📡 获取实时行情（新浪）...
  📡 获取实时行情（新浪）...
  📡 获取实时行情（新浪）...
  📡 获取实时行情（新浪）...
  📡 获取实时行情（新浪）...
  📡 获取实时行情（新浪）...
  📡 获取实时行情（新浪）...
  📡 获取实时行情（新浪）...
  📡 获取实时行情（新浪）...
  📡 获取实时行情（新浪）...
  📡 获取实时行情（新浪）...
  📡 获取实时行情（新浪）...
  📡 获取实时行情（新浪）...
  📡 获取实时行情（新浪）...
  📡 获取实时行情（新浪）...
  📡 获取实时行情（新浪）...
  📡 获取实时行情（新浪）...
  📡 获取实时行情（新浪）...
  📡 获取实时行情（新浪）...
  📡 获取实时行情（新浪）...
  📡 获取实时行情（新浪）...
  📡 获取实时行情（新浪）...
  📡 获取实时行情（新浪）...
  📡 获取实时行情（新浪）...
  📡 获取实时行情（新浪）...
  📡 获取实时行情（新浪）...
  📡 获取实时行情（新浪）...
  📡 获取实时行情（新浪）...
  📡 获取实时行情（新浪）...
  📡 获取实时行情（新浪）...
  📡 获取实时行情（新浪）...
  📡 获取实时行情（新浪）...
  📡 获取实时行情（新浪）...
  📡 获取实时行情（新浪）...
  📡 获取实时行情（新浪）...
  📡 获取实时行情（新浪）...
  📡 获取实时行情（新浪）...
  📡 获取实时行情（新浪）...
  📡 获取实时行情（新浪）...
  📡 获取实时行情（新浪）...
  📡 获取实时行情（新浪）...
  📡 获取实时行情（新浪）...
  📡 获取实时行情（新浪）...
  📡 获取实时行情（新浪）...
  📡 获取实时行情（新浪）...
  📡 获取实时行情（新浪）...
  📡 获取实时行情（新浪）...
  📡 获取实时行情（新浪）...
  📡 获取实时行情（新浪）...
  📡 获取实时行情（新浪）...
  📡 获取实时行情（新浪）...
  📡 获取实时行情（新浪）...
  📡 获取实时行情（新浪）...
  📡 获取实时行情（新浪）...
  📡 获取实时行情（新浪）...
  📡 获取实时行情（新浪）...
  📡 获取实时行情（新浪）...
  📡 获取实时行情（新浪）...
  📡 获取实时行情（新浪）...
  📡 获取实时行情（新浪）...
  📡 获取实时行情（新浪）...
  📡 获取实时行情（新浪）...
  📡 获取实时行情（新浪）...
  📡 获取实时行情（新浪）...
  📡 获取实时行情（新浪）...
  📡 获取实时行情（新浪）...
  📡 获取实时行情（新浪）...
  📡 获取实时行情（新浪）...
  📡 获取实时行情（新浪）...
  📡 获取实时行情（新浪）...
  📡 获取实时行情（新浪）...
  📡 获取实时行情（新浪）...
  📡 获取实时行情（新浪）...
  📡 获取实时行情（新浪）...
  📡 获取实时行情（新浪）...
  📡 获取实时行情（新浪）...
  📡 获取实时行情（新浪）...
  📡 获取实时行情（新浪）...
  📡 获取实时行情（新浪）...
  📡 获取实时行情（新浪）...
  📡 获取实时行情（新浪）...
  📡 获取实时行情（新浪）...
  📡 获取实时行情（新浪）...
  📡 获取实时行情（新浪）...
  📡 获取实时行情（新浪）...
  📡 获取实时行情（新浪）...
  📡 获取实时行情（新浪）...
  📡 获取实时行情（新浪）...
  📡 获取实时行情（新浪）...
  📡 获取实时行情（新浪）...
  📡 获取实时行情（新浪）...
  📡 获取实时行情（新浪）...
  📡 获取实时行情（新浪）...
  📡 获取实时行情（新浪）...
  📡 获取实时行情（新浪）...
  📡 获取实时行情（新浪）...
  📡 获取实时行情（新浪）...
  📡 获取实时行情（新浪）...
  📡 获取实时行情（新浪）...
  📡 获取实时行情（新浪）...
  📡 获取实时行情（新浪）...
  📡 获取实时行情（新浪）...
  📡 获取实时行情（新浪）...
  📡 获取实时行情（新浪）...
  📡 获取实时行情（新浪）...
  📡 获取实时行情（新浪）...
  📡 获取实时行情（新浪）...
  📡 获取实时行情（新浪）...
  📡 获取实时行情（新浪）...
  📡 获取实时行情（新浪）...
  📡 获取实时行情（新浪）...
  📡 获取实时行情（新浪）...
  📡 获取实时行情（新浪）...
  📡 获取实时行情（新浪）...
  📡 获取实时行情（新浪）...
  📡 获取实时行情（新浪）...
  📡 获取实时行情（新浪）...
  📡 获取实时行情（新浪）...
  📡 获取实时行情（新浪）...
  📡 获取实时行情（新浪）...
  📡 获取实时行情（新浪）...
  📡 获取实时行情（新浪）...
  📡 获取实时行情（新浪）...
  📡 获取实时行情（新浪）...
  📡 获取实时行情（新浪）...
  📡 获取实时行情（新浪）...
  📡 获取实时行情（新浪）...
  📡 获取实时行情（新浪）...
  📡 获取实时行情（新浪）...
  📡 获取实时行情（新浪）...
  📡 获取实时行情（新浪）...
  📡 获取实时行情（新浪）...
  📡 获取实时行情（新浪）...
  📡 获取实时行情（新浪）...
  📡 获取实时行情（新浪）...
  📡 获取实时行情（新浪）...
  📡 获取实时行情（新浪）...
  📡 获取实时行情（新浪）...
  📡 获取实时行情（新浪）...
  📡 获取实时行情（新浪）...
  📡 获取实时行情（新浪）...
  📡 获取实时行情（新浪）...
  📡 获取实时行情（新浪）...
2026-05-29 20:29:24,615 [INFO] paper-strat: ♥ 心跳 | 策略 26 个 | tick 27
2026-05-29 20:29:39,616 [INFO] paper-strat: ♥ 心跳 | 策略 26 个 | tick 27
2026-05-29 20:29:54,616 [INFO] paper-strat: ♥ 心跳 | 策略 26 个 | tick 27
2026-05-29 20:30:09,618 [INFO] paper-strat: ♥ 心跳 | 策略 26 个 | tick 27
2026-05-29 20:30:24,619 [INFO] paper-strat: ♥ 心跳 | 策略 26 个 | tick 27
2026-05-29 20:30:39,621 [INFO] paper-strat: ♥ 心跳 | 策略 26 个 | tick 27
2026-05-29 20:30:54,621 [INFO] paper-strat: ♥ 心跳 | 策略 26 个 | tick 27
2026-05-29 20:31:09,622 [INFO] paper-strat: ♥ 心跳 | 策略 26 个 | tick 27
2026-05-29 20:31:24,623 [INFO] paper-strat: ♥ 心跳 | 策略 26 个 | tick 27
2026-05-29 20:31:39,624 [INFO] paper-strat: ♥ 心跳 | 策略 26 个 | tick 27
2026-05-29 20:31:54,625 [INFO] paper-strat: ♥ 心跳 | 策略 26 个 | tick 27
2026-05-29 20:32:09,626 [INFO] paper-strat: ♥ 心跳 | 策略 26 个 | tick 27
2026-05-29 20:32:24,628 [INFO] paper-strat: ♥ 心跳 | 策略 26 个 | tick 27
2026-05-29 20:32:39,629 [INFO] paper-strat: ♥ 心跳 | 策略 26 个 | tick 27
2026-05-29 20:32:54,629 [INFO] paper-strat: ♥ 心跳 | 策略 26 个 | tick 27
2026-05-29 20:33:09,630 [INFO] paper-strat: ♥ 心跳 | 策略 26 个 | tick 27
2026-05-29 20:33:24,631 [INFO] paper-strat: ♥ 心跳 | 策略 26 个 | tick 27
2026-05-29 20:33:39,632 [INFO] paper-strat: ♥ 心跳 | 策略 26 个 | tick 27
2026-05-29 20:33:54,633 [INFO] paper-strat: ♥ 心跳 | 策略 26 个 | tick 27
2026-05-29 20:34:09,633 [INFO] paper-strat: ♥ 心跳 | 策略 26 个 | tick 27
2026-05-29 20:34:24,634 [INFO] paper-strat: ♥ 心跳 | 策略 26 个 | tick 27
2026-05-29 20:34:39,634 [INFO] paper-strat: ♥ 心跳 | 策略 26 个 | tick 27
2026-05-29 20:34:54,636 [INFO] paper-strat: ♥ 心跳 | 策略 26 个 | tick 27
2026-05-29 20:35:09,637 [INFO] paper-strat: ♥ 心跳 | 策略 26 个 | tick 27
2026-05-29 20:35:24,637 [INFO] paper-strat: ♥ 心跳 | 策略 26 个 | tick 27
2026-05-29 20:35:39,638 [INFO] paper-strat: ♥ 心跳 | 策略 26 个 | tick 27
2026-05-29 20:35:54,639 [INFO] paper-strat: ♥ 心跳 | 策略 26 个 | tick 27
2026-05-29 20:36:09,639 [INFO] paper-strat: ♥ 心跳 | 策略 26 个 | tick 27
2026-05-29 20:36:24,640 [INFO] paper-strat: ♥ 心跳 | 策略 26 个 | tick 27
2026-05-29 20:36:39,641 [INFO] paper-strat: ♥ 心跳 | 策略 26 个 | tick 27
2026-05-29 20:36:54,642 [INFO] paper-strat: ♥ 心跳 | 策略 26 个 | tick 27
2026-05-29 20:37:09,644 [INFO] paper-strat: ♥ 心跳 | 策略 26 个 | tick 27
2026-05-29 20:37:24,645 [INFO] paper-strat: ♥ 心跳 | 策略 26 个 | tick 27
2026-05-29 20:37:39,645 [INFO] paper-strat: ♥ 心跳 | 策略 26 个 | tick 27
2026-05-29 20:37:54,646 [INFO] paper-strat: ♥ 心跳 | 策略 26 个 | tick 27
2026-05-29 20:38:09,647 [INFO] paper-strat: ♥ 心跳 | 策略 26 个 | tick 27
2026-05-29 20:38:24,648 [INFO] paper-strat: ♥ 心跳 | 策略 26 个 | tick 27
2026-05-29 20:38:39,649 [INFO] paper-strat: ♥ 心跳 | 策略 26 个 | tick 27
2026-05-29 20:38:54,651 [INFO] paper-strat: ♥ 心跳 | 策略 26 个 | tick 27
2026-05-29 20:39:09,652 [INFO] paper-strat: ♥ 心跳 | 策略 26 个 | tick 27
2026-05-29 20:39:24,653 [INFO] paper-strat: ♥ 心跳 | 策略 26 个 | tick 27
2026-05-29 20:39:39,655 [INFO] paper-strat: ♥ 心跳 | 策略 26 个 | tick 27
2026-05-29 20:39:54,656 [INFO] paper-strat: ♥ 心跳 | 策略 26 个 | tick 27
2026-05-29 20:40:09,657 [INFO] paper-strat: ♥ 心跳 | 策略 26 个 | tick 27
2026-05-29 20:40:24,657 [INFO] paper-strat: ♥ 心跳 | 策略 26 个 | tick 27
2026-05-29 20:40:39,658 [INFO] paper-strat: ♥ 心跳 | 策略 26 个 | tick 27
2026-05-29 20:40:54,659 [INFO] paper-strat: ♥ 心跳 | 策略 26 个 | tick 27
2026-05-29 20:41:09,661 [INFO] paper-strat: ♥ 心跳 | 策略 26 个 | tick 27
2026-05-29 20:41:24,661 [INFO] paper-strat: ♥ 心跳 | 策略 26 个 | tick 27
2026-05-29 20:41:39,662 [INFO] paper-strat: ♥ 心跳 | 策略 26 个 | tick 27
2026-05-29 20:41:54,663 [INFO] paper-strat: ♥ 心跳 | 策略 26 个 | tick 27
2026-05-29 20:42:09,665 [INFO] paper-strat: ♥ 心跳 | 策略 26 个 | tick 27
2026-05-29 20:42:24,665 [INFO] paper-strat: ♥ 心跳 | 策略 26 个 | tick 27
2026-05-29 20:42:39,667 [INFO] paper-strat: ♥ 心跳 | 策略 26 个 | tick 27
2026-05-29 20:42:54,668 [INFO] paper-strat: ♥ 心跳 | 策略 26 个 | tick 27
2026-05-29 20:43:09,668 [INFO] paper-strat: ♥ 心跳 | 策略 26 个 | tick 27
2026-05-29 20:43:24,669 [INFO] paper-strat: ♥ 心跳 | 策略 26 个 | tick 27
2026-05-29 20:43:39,670 [INFO] paper-strat: ♥ 心跳 | 策略 26 个 | tick 27
2026-05-29 20:43:54,671 [INFO] paper-strat: ♥ 心跳 | 策略 26 个 | tick 27
2026-05-29 20:44:09,672 [INFO] paper-strat: ♥ 心跳 | 策略 26 个 | tick 27
2026-05-29 20:44:24,673 [INFO] paper-strat: ♥ 心跳 | 策略 26 个 | tick 27
2026-05-29 20:44:39,674 [INFO] paper-strat: ♥ 心跳 | 策略 26 个 | tick 27
2026-05-29 20:44:39,674 [INFO] paper-strat: 达到 timeout
  📡 获取实时行情（新浪）...
  📡 获取实时行情（新浪）...
  📡 获取实时行情（新浪）...
  📡 获取实时行情（新浪）...
  📡 获取实时行情（新浪）...
  📡 获取实时行情（新浪）...
  📡 获取实时行情（新浪）...
  📡 获取实时行情（新浪）...
  📡 获取实时行情（新浪）...
  📡 获取实时行情（新浪）...
  📡 获取实时行情（新浪）...
  📡 获取实时行情（新浪）...
  📡 获取实时行情（新浪）...
  📡 获取实时行情（新浪）...
  📡 获取实时行情（新浪）...
  📡 获取实时行情（新浪）...
  📡 获取实时行情（新浪）...
  📡 获取实时行情（新浪）...
  📡 获取实时行情（新浪）...
  📡 获取实时行情（新浪）...
  📡 获取实时行情（新浪）...
  📡 获取实时行情（新浪）...
  📡 获取实时行情（新浪）...
  📡 获取实时行情（新浪）...
  📡 获取实时行情（新浪）...
  📡 获取实时行情（新浪）...
  📡 获取实时行情（新浪）...
  📡 获取实时行情（新浪）...
  📡 获取实时行情（新浪）...
  📡 获取实时行情（新浪）...
  📡 获取实时行情（新浪）...
  📡 获取实时行情（新浪）...
  📡 获取实时行情（新浪）...
  📡 获取实时行情（新浪）...
  📡 获取实时行情（新浪）...
  📡 获取实时行情（新浪）...
  📡 获取实时行情（新浪）...
  📡 获取实时行情（新浪）...
  📡 获取实时行情（新浪）...
  📡 获取实时行情（新浪）...
  📡 获取实时行情（新浪）...
  📡 获取实时行情（新浪）...
  📡 获取实时行情（新浪）...
  📡 获取实时行情（新浪）...
  📡 获取实时行情（新浪）...
  📡 获取实时行情（新浪）...
  📡 获取实时行情（新浪）...
  📡 获取实时行情（新浪）...
  📡 获取实时行情（新浪）...
  📡 获取实时行情（新浪）...
  📡 获取实时行情（新浪）...
  📡 获取实时行情（新浪）...
  📡 获取实时行情（新浪）...
  📡 获取实时行情（新浪）...
  📡 获取实时行情（新浪）...
  📡 获取实时行情（新浪）...
  📡 获取实时行情（新浪）...
  📡 获取实时行情（新浪）...
  📡 获取实时行情（新浪）...
  📡 获取实时行情（新浪）...
  📡 获取实时行情（新浪）...
  📡 获取实时行情（新浪）...
  📡 获取实时行情（新浪）...
  📡 获取实时行情（新浪）...
  📡 获取实时行情（新浪）...
  📡 获取实时行情（新浪）...
  📡 获取实时行情（新浪）...
  📡 获取实时行情（新浪）...
  📡 获取实时行情（新浪）...
  📡 获取实时行情（新浪）...
  📡 获取实时行情（新浪）...
  📡 获取实时行情（新浪）...
  📡 获取实时行情（新浪）...
  📡 获取实时行情（新浪）...
  📡 获取实时行情（新浪）...
  📡 获取实时行情（新浪）...
  📡 获取实时行情（新浪）...
  📡 获取实时行情（新浪）...
  📡 获取实时行情（新浪）...
  📡 获取实时行情（新浪）...
  📡 获取实时行情（新浪）...
  📡 获取实时行情（新浪）...
  📡 获取实时行情（新浪）...
  📡 获取实时行情（新浪）...
  📡 获取实时行情（新浪）...
  📡 获取实时行情（新浪）...
  📡 获取实时行情（新浪）...
  📡 获取实时行情（新浪）...
  📡 获取实时行情（新浪）...
  📡 获取实时行情（新浪）...
  📡 获取实时行情（新浪）...
  📡 获取实时行情（新浪）...
  📡 获取实时行情（新浪）...
  📡 获取实时行情（新浪）...
  📡 获取实时行情（新浪）...
  📡 获取实时行情（新浪）...
  📡 获取实时行情（新浪）...
  📡 获取实时行情（新浪）...
  📡 获取实时行情（新浪）...
  📡 获取实时行情（新浪）...
  📡 获取实时行情（新浪）...
  📡 获取实时行情（新浪）...
  📡 获取实时行情（新浪）...
  📡 获取实时行情（新浪）...
  📡 获取实时行情（新浪）...
  📡 获取实时行情（新浪）...
  📡 获取实时行情（新浪）...
  📡 获取实时行情（新浪）...
  📡 获取实时行情（新浪）...
  📡 获取实时行情（新浪）...
  📡 获取实时行情（新浪）...
  📡 获取实时行情（新浪）...
  📡 获取实时行情（新浪）...
  📡 获取实时行情（新浪）...
  📡 获取实时行情（新浪）...
  📡 获取实时行情（新浪）...
  📡 获取实时行情（新浪）...
  📡 获取实时行情（新浪）...
  📡 获取实时行情（新浪）...
  📡 获取实时行情（新浪）...
  📡 获取实时行情（新浪）...
  📡 获取实时行情（新浪）...
  📡 获取实时行情（新浪）...
  📡 获取实时行情（新浪）...
  📡 获取实时行情（新浪）...
  📡 获取实时行情（新浪）...
  📡 获取实时行情（新浪）...
  📡 获取实时行情（新浪）...
  📡 获取实时行情（新浪）...
  📡 获取实时行情（新浪）...
  📡 获取实时行情（新浪）...
  📡 获取实时行情（新浪）...
  📡 获取实时行情（新浪）...
  📡 获取实时行情（新浪）...
  📡 获取实时行情（新浪）...
  📡 获取实时行情（新浪）...
  📡 获取实时行情（新浪）...
  📡 获取实时行情（新浪）...
  📡 获取实时行情（新浪）...
  📡 获取实时行情（新浪）...
  📡 获取实时行情（新浪）...
  📡 获取实时行情（新浪）...
  📡 获取实时行情（新浪）...
  📡 获取实时行情（新浪）...
  📡 获取实时行情（新浪）...
  📡 获取实时行情（新浪）...
  📡 获取实时行情（新浪）...
  📡 获取实时行情（新浪）...
  📡 获取实时行情（新浪）...
  📡 获取实时行情（新浪）...
  📡 获取实时行情（新浪）...
  📡 获取实时行情（新浪）...
  📡 获取实时行情（新浪）...
  📡 获取实时行情（新浪）...
  📡 获取实时行情（新浪）...
  📡 获取实时行情（新浪）...
  📡 获取实时行情（新浪）...
  📡 获取实时行情（新浪）...
  📡 获取实时行情（新浪）...
  📡 获取实时行情（新浪）...
  📡 获取实时行情（新浪）...
  📡 获取实时行情（新浪）...
  📡 获取实时行情（新浪）...
  📡 获取实时行情（新浪）...
  📡 获取实时行情（新浪）...
  📡 获取实时行情（新浪）...
  📡 获取实时行情（新浪）...
  📡 获取实时行情（新浪）...
  📡 获取实时行情（新浪）...
  📡 获取实时行情（新浪）...
  📡 获取实时行情（新浪）...
  📡 获取实时行情（新浪）...
  📡 获取实时行情（新浪）...
  📡 获取实时行情（新浪）...
  📡 获取实时行情（新浪）...
  📡 获取实时行情（新浪）...
2026-05-29 20:44:39.674 | INFO | CtaStrategy | [thr_002709]  策略停止: 002709.SZSE
2026-05-29 20:44:39.675 | INFO | CtaStrategy | [thr_601728]  策略停止: 601728.SSE
2026-05-29 20:44:39.675 | INFO | CtaStrategy | [thr_600309]  策略停止: 600309.SSE
2026-05-29 20:44:39.675 | INFO | CtaStrategy | [thr_002654]  策略停止: 002654.SZSE
2026-05-29 20:44:39.679 | INFO | CtaStrategy | [thr_002067]  策略停止: 002067.SZSE
2026-05-29 20:44:39.679 | INFO | CtaStrategy | [thr_601222]  策略停止: 601222.SSE
2026-05-29 20:44:39.680 | INFO | CtaStrategy | [thr_600186]  策略停止: 600186.SSE
2026-05-29 20:44:39.681 | INFO | CtaStrategy | [thr_001896]  策略停止: 001896.SZSE
2026-05-29 20:44:39.681 | INFO | CtaStrategy | [thr_002290]  策略停止: 002290.SZSE
2026-05-29 20:44:39.683 | INFO | CtaStrategy | [thr_301179]  策略停止: 301179.SZSE
2026-05-29 20:44:39.684 | INFO | CtaStrategy | [thr_002149]  策略停止: 002149.SZSE
2026-05-29 20:44:39.684 | INFO | CtaStrategy | [thr_603757]  策略停止: 603757.SSE
2026-05-29 20:44:39.686 | INFO | CtaStrategy | [thr_600310]  策略停止: 600310.SSE
2026-05-29 20:44:39.687 | INFO | CtaStrategy | [thr_600130]  策略停止: 600130.SSE
2026-05-29 20:44:39.687 | INFO | CtaStrategy | [thr_002156]  策略停止: 002156.SZSE
2026-05-29 20:44:39.689 | INFO | CtaStrategy | [thr_605006]  策略停止: 605006.SSE
2026-05-29 20:44:39.689 | INFO | CtaStrategy | [thr_000725]  策略停止: 000725.SZSE
2026-05-29 20:44:39.691 | INFO | CtaStrategy | [thr_603256]  策略停止: 603256.SSE
2026-05-29 20:44:39.692 | INFO | CtaStrategy | [thr_603005]  策略停止: 603005.SSE
2026-05-29 20:44:39.692 | INFO | CtaStrategy | [thr_301120]  策略停止: 301120.SZSE
2026-05-29 20:44:39.692 | INFO | CtaStrategy | [thr_600021]  策略停止: 600021.SSE
2026-05-29 20:44:39.693 | INFO | CtaStrategy | [thr_000600]  策略停止: 000600.SZSE
2026-05-29 20:44:39.694 | INFO | CtaStrategy | [thr_000899]  策略停止: 000899.SZSE
2026-05-29 20:44:39.695 | INFO | CtaStrategy | [thr_600863]  策略停止: 600863.SSE
2026-05-29 20:44:39.696 | INFO | CtaStrategy | [thr_601991]  策略停止: 601991.SSE
2026-05-29 20:44:39.696 | INFO | CtaStrategy | [thr_603693]  策略停止: 603693.SSE
